budget,id,original_language,popularity,release_date,revenue,runtime,title,vote_average,vote_count,release_year,genres_str,companies_str,countries_str,primary_genre,profit,is_profitable,decade,release_month,release_season,is_blockbuster
30000000.0,862,en,21.946943,1995-10-30,373554033.0,81.0,Toy Story,7.7,5415.0,1995,,,,Unknown,343554033.0,True,1990,10,Fall,True
65000000.0,8844,en,17.015539,1995-12-15,262797249.0,104.0,Jumanji,6.9,2413.0,1995,,,,Unknown,197797249.0,True,1990,12,Winter,False
,11862,en,8.387519,1995-02-10,76578911.0,106.0,Father of the Bride Part II,5.7,173.0,1995,,,,Unknown,,,1990,2,Winter,False
60000000.0,949,en,17.924927,1995-12-15,187436818.0,170.0,Heat,7.7,1886.0,1995,,,,Unknown,127436818.0,True,1990,12,Winter,False
58000000.0,11860,en,6.677277,1995-12-15,,127.0,Sabrina,6.2,141.0,1995,,,,Unknown,,,1990,12,Winter,
35000000.0,9091,en,5.23158,1995-12-22,64350171.0,106.0,Sudden Death,5.5,174.0,1995,,,,Unknown,29350171.0,True,1990,12,Winter,False
58000000.0,710,en,14.686036,1995-11-16,352194034.0,130.0,GoldenEye,6.6,1194.0,1995,,,,Unknown,294194034.0,True,1990,11,Fall,True
62000000.0,9087,en,6.318445,1995-11-17,107879496.0,106.0,The American President,6.5,199.0,1995,,,,Unknown,45879496.0,True,1990,11,Fall,False
,12110,en,5.430331,1995-12-22,,88.0,Dracula: Dead and Loving It,5.7,210.0,1995,,,,Unknown,,,1990,12,Winter,
,21032,en,12.140733,1995-12-22,11348324.0,78.0,Balto,7.1,423.0,1995,,,,Unknown,,,1990,12,Winter,False
98000000.0,1408,en,7.284477,1995-12-22,10017322.0,119.0,Cutthroat Island,5.7,137.0,1995,,,,Unknown,-87982678.0,False,1990,12,Winter,False
52000000.0,524,en,10.137389,1995-11-22,116112375.0,178.0,Casino,7.8,1343.0,1995,,,,Unknown,64112375.0,True,1990,11,Fall,False
16500000.0,4584,en,10.673167,1995-12-13,135000000.0,136.0,Sense and Sensibility,7.2,364.0,1995,,,,Unknown,118500000.0,True,1990,12,Winter,False
4000000.0,5,en,9.026586,1995-12-09,4300000.0,98.0,Four Rooms,6.5,539.0,1995,,,,Unknown,300000.0,True,1990,12,Winter,False
30000000.0,9273,en,8.205448,1995-11-10,212385533.0,90.0,Ace Ventura: When Nature Calls,6.1,1128.0,1995,,,,Unknown,182385533.0,True,1990,11,Fall,False
60000000.0,11517,en,7.337906,1995-11-21,35431113.0,103.0,Money Train,5.4,224.0,1995,,,,Unknown,-24568887.0,False,1990,11,Fall,False
30250000.0,8012,en,12.669608,1995-10-20,115101622.0,105.0,Get Shorty,6.4,305.0,1995,,,,Unknown,84851622.0,True,1990,10,Fall,False
,1710,en,10.701801,1995-10-27,,124.0,Copycat,6.5,199.0,1995,,,,Unknown,,,1990,10,Fall,
50000000.0,9691,en,11.065939,1995-10-06,30303072.0,132.0,Assassins,6.0,394.0,1995,,,,Unknown,-19696928.0,False,1990,10,Fall,False
,12665,en,12.133094,1995-10-27,,111.0,Powder,6.3,143.0,1995,,,,Unknown,,,1990,10,Fall,
3600000.0,451,en,10.332025,1995-10-27,49800000.0,112.0,Leaving Las Vegas,7.1,365.0,1995,,,,Unknown,46200000.0,True,1990,10,Fall,False
18000000.0,902,fr,9.822423,1995-05-16,1738611.0,108.0,The City of Lost Children,7.6,308.0,1995,,,,Unknown,-16261389.0,False,1990,5,Spring,False
,9909,en,9.481338,1995-08-11,180000000.0,99.0,Dangerous Minds,6.4,249.0,1995,,,,Unknown,,,1990,8,Summer,False
29500000.0,63,en,12.297305,1995-12-29,168840000.0,129.0,Twelve Monkeys,7.4,2470.0,1995,,,,Unknown,139340000.0,True,1990,12,Winter,False
30000000.0,9598,en,14.404764,1995-07-18,254134910.0,89.0,Babe,6.0,756.0,1995,,,,Unknown,224134910.0,True,1990,7,Summer,False
11000000.0,687,en,6.891317,1995-12-29,39363635.0,122.0,Dead Man Walking,7.3,350.0,1995,,,,Unknown,28363635.0,True,1990,12,Winter,False
,33689,en,7.777735,1995-11-17,,101.0,It Takes Two,6.1,149.0,1995,,,,Unknown,,,1990,11,Fall,
12000000.0,9603,en,9.882383,1995-07-19,,97.0,Clueless,6.9,828.0,1995,,,,Unknown,,,1990,7,Summer,
18000000.0,9312,en,10.870138,1995-08-18,122195920.0,101.0,Mortal Kombat,5.4,452.0,1995,,,,Unknown,104195920.0,True,1990,8,Summer,False
20000000.0,577,en,10.448481,1995-05-20,21284514.0,106.0,To Die For,6.7,177.0,1995,,,,Unknown,1284514.0,True,1990,5,Spring,False
33000000.0,807,en,18.45743,1995-09-22,327311859.0,127.0,Se7en,8.1,5915.0,1995,,,,Unknown,294311859.0,True,1990,9,Fall,True
55000000.0,10530,en,13.280069,1995-06-14,346079773.0,81.0,Pocahontas,6.7,1509.0,1995,,,,Unknown,291079773.0,True,1990,6,Summer,True
6000000.0,629,en,16.302466,1995-07-19,23341568.0,106.0,The Usual Suspects,8.1,3334.0,1995,,,,Unknown,17341568.0,True,1990,7,Summer,False
15000000.0,11448,en,15.899134,1995-09-13,6700000.0,95.0,Mighty Aphrodite,6.7,145.0,1995,,,,Unknown,-8300000.0,False,1990,9,Fall,False
,11010,it,10.168437,1994-09-22,,108.0,The Postman,7.6,181.0,1994,,,,Unknown,,,1990,9,Fall,
45000000.0,11359,en,10.673296,1995-07-14,,96.0,The Indian in the Cupboard,5.9,136.0,1995,,,,Unknown,,,1990,7,Summer,
,2054,en,7.137117,1995-12-29,106269971.0,137.0,Mr. Holland's Opus,6.9,115.0,1995,,,,Unknown,,,1990,12,Winter,False
,10607,en,11.700115,1996-01-12,,89.0,Don't Be a Menace to South Central While Drinking Your Juice in the Hood,6.2,192.0,1996,,,,Unknown,,,1990,1,Winter,
15000000.0,9536,en,6.387469,1996-01-12,,88.0,Bio-Dome,4.4,110.0,1996,,,,Unknown,,,1990,1,Winter,
3500000.0,10634,en,14.56965,1995-04-26,28215918.0,91.0,Friday,7.0,513.0,1995,,,,Unknown,24715918.0,True,1990,4,Spring,False
19000000.0,755,en,15.339153,1996-01-19,25836616.0,108.0,From Dusk Till Dawn,6.9,1644.0,1996,,,,Unknown,6836616.0,True,1990,1,Winter,False
20000000.0,9102,en,12.758848,1995-09-08,5781885.0,108.0,Screamers,6.1,154.0,1995,,,,Unknown,-14218115.0,False,1990,9,Fall,False
8169363.0,2086,en,6.848591,1995-11-22,8175346.0,90.0,Nick of Time,6.1,190.0,1995,,,,Unknown,5983.0,True,1990,11,Fall,False
14000000.0,12158,en,9.071127,1995-10-26,19800000.0,100.0,Vampire in Brooklyn,4.5,113.0,1995,,,,Unknown,5800000.0,True,1990,10,Fall,False
,9283,en,4.670562,1996-02-09,,112.0,Beautiful Girls,6.6,103.0,1996,,,,Unknown,,,1990,2,Winter,
50000000.0,9208,en,14.957626,1996-02-09,150270147.0,108.0,Broken Arrow,5.7,459.0,1996,,,,Unknown,100270147.0,True,1990,2,Winter,False
3000000.0,406,fr,12.108196,1995-05-31,,98.0,La Haine,7.9,695.0,1995,,,,Unknown,,,1990,5,Spring,
7000000.0,13685,en,6.904831,1996-02-21,560069.0,91.0,Bottle Rocket,6.8,285.0,1996,,,,Unknown,-6439931.0,False,1990,2,Winter,False
12000000.0,9614,en,9.592265,1996-02-16,41205099.0,92.0,Happy Gilmore,6.5,767.0,1996,,,,Unknown,29205099.0,True,1990,2,Winter,False
24000000.0,688,en,5.951077,1995-05-28,182016617.0,135.0,The Bridges of Madison County,7.3,397.0,1995,,,,Unknown,158016617.0,True,1990,5,Spring,False
72000000.0,197,en,20.755149,1995-05-24,210000000.0,177.0,Braveheart,7.7,3404.0,1995,,,,Unknown,138000000.0,True,1990,5,Spring,False
1300000.0,103,en,14.092713,1976-02-07,28262574.0,114.0,Taxi Driver,8.1,2632.0,1976,,,,Unknown,26962574.0,True,1970,2,Winter,False
7500000.0,33542,cn,12.314278,1995-01-30,32392047.0,91.0,Rumble in the Bronx,6.5,245.0,1995,,,,Unknown,24892047.0,True,1990,1,Winter,False
40000000.0,11066,en,6.506983,1992-06-30,70100000.0,117.0,Boomerang,5.4,139.0,1992,,,,Unknown,30100000.0,True,1990,6,Summer,False
,11104,cn,6.778979,1994-07-14,,102.0,Chungking Express,7.9,249.0,1994,,,,Unknown,,,1990,7,Summer,
17000000.0,27793,en,6.252377,1994-10-26,,95.0,The Neverending Story III: Escape from Fantasia,4.4,105.0,1994,,,,Unknown,,,1990,10,Fall,
,9101,en,5.184977,1996-03-01,,92.0,Down Periscope,5.6,110.0,1996,,,,Unknown,,,1990,3,Spring,
31000000.0,11000,en,6.49968,1996-03-08,185260553.0,117.0,The Birdcage,6.7,303.0,1996,,,,Unknown,154260553.0,True,1990,3,Spring,False
19000000.0,9737,en,9.262184,1995-04-07,141407024.0,118.0,Bad Boys,6.5,1729.0,1995,,,,Unknown,122407024.0,True,1990,4,Spring,False
,10474,en,7.415144,1995-04-21,,102.0,The Basketball Diaries,7.2,472.0,1995,,,,Unknown,,,1990,4,Spring,
52000000.0,568,en,18.761467,1995-06-30,355237933.0,140.0,Apollo 13,7.3,1637.0,1995,,,,Unknown,303237933.0,True,1990,6,Summer,True
28000000.0,11780,en,10.193549,1995-04-13,31596911.0,139.0,Rob Roy,6.5,151.0,1995,,,,Unknown,3596911.0,True,1990,4,Spring,False
100000000.0,414,en,13.321354,1995-06-16,336529144.0,121.0,Batman Forever,5.2,1529.0,1995,,,,Unknown,236529144.0,True,1990,6,Summer,True
,649,fr,10.142662,1967-05-24,,101.0,Belle de Jour,7.3,163.0,1967,,,,Unknown,,,1960,5,Spring,
50000000.0,8839,en,12.812539,1995-05-26,287928194.0,100.0,Casper,6.0,1045.0,1995,,,,Unknown,237928194.0,True,1990,5,Spring,True
50000000.0,10329,en,7.260574,1995-06-09,152022101.0,109.0,Congo,5.0,214.0,1995,,,,Unknown,102022101.0,True,1990,6,Summer,False
53000000.0,8963,en,8.657365,1995-05-12,157387195.0,116.0,Crimson Tide,7.0,508.0,1995,,,,Unknown,104387195.0,True,1990,5,Spring,False
7000000.0,8068,en,6.950458,1995-08-25,25405445.0,104.0,Desperado,6.8,898.0,1995,,,,Unknown,18405445.0,True,1990,8,Summer,False
90000000.0,1572,en,15.138855,1995-05-19,366101666.0,128.0,Die Hard: With a Vengeance,6.9,2094.0,1995,,,,Unknown,276101666.0,True,1990,5,Spring,True
55000000.0,6520,en,15.178338,1995-07-07,127600435.0,134.0,First Knight,5.9,319.0,1995,,,,Unknown,72600435.0,True,1990,7,Summer,False
,9073,en,7.575098,1995-07-19,,95.0,Free Willy 2 - The Adventure Home,5.5,130.0,1995,,,,Unknown,,,1990,7,Summer,
20000000.0,10428,en,14.810519,1995-09-14,7563728.0,107.0,Hackers,6.2,406.0,1995,,,,Unknown,-12436272.0,False,1990,9,Fall,False
25000000.0,9886,en,11.715868,1995-05-26,19075720.0,97.0,Johnny Mnemonic,5.5,380.0,1995,,,,Unknown,-5924280.0,False,1990,5,Spring,False
90000000.0,9482,en,8.184815,1995-06-30,113493481.0,96.0,Judge Dredd,5.4,643.0,1995,,,,Unknown,23493481.0,True,1990,6,Summer,False
1500000.0,9344,en,4.877872,1995-07-28,7412216.0,91.0,Kids,6.8,280.0,1995,,,,Unknown,5912216.0,True,1990,7,Summer,False
6000000.0,2293,en,8.25547,1995-10-20,2122561.0,94.0,Mallrats,6.8,400.0,1995,,,,Unknown,-3877439.0,False,1990,10,Fall,False
15000000.0,9070,en,7.024227,1995-06-30,66000000.0,92.0,Mighty Morphin Power Rangers: The Movie,5.2,153.0,1995,,,,Unknown,51000000.0,True,1990,6,Summer,False
22000000.0,1642,en,13.304342,1995-07-28,110627965.0,114.0,The Net,5.6,359.0,1995,,,,Unknown,88627965.0,True,1990,7,Summer,False
,11472,en,8.482834,1995-07-12,69660733.0,103.0,Nine Months,5.5,171.0,1995,,,,Unknown,,,1990,7,Summer,False
50000000.0,10533,en,6.752119,1995-10-13,10382407.0,135.0,The Scarlet Letter,5.5,111.0,1995,,,,Unknown,-39617593.0,False,1990,10,Fall,False
45000000.0,10802,en,17.502375,1995-09-22,20350754.0,128.0,Showgirls,4.9,261.0,1995,,,,Unknown,-24649246.0,False,1990,9,Fall,False
7000000.0,10149,en,5.552946,1995-06-09,8349430.0,112.0,Smoke,7.2,115.0,1995,,,,Unknown,1349430.0,True,1990,6,Summer,False
35000000.0,9348,en,13.492845,1995-07-07,113374103.0,108.0,Species,5.5,457.0,1995,,,,Unknown,78374103.0,True,1990,7,Summer,False
42000000.0,281,en,11.223055,1995-10-13,7959291.0,145.0,Strange Days,6.8,334.0,1995,,,,Unknown,-34040709.0,False,1990,10,Fall,False
,5967,fr,8.133881,1964-02-19,,91.0,The Umbrellas of Cherbourg,7.6,119.0,1964,,,,Unknown,,,1960,2,Winter,
,36834,en,4.546552,1995-11-02,339889.0,111.0,Total Eclipse,6.5,112.0,1995,,,,Unknown,,,1990,11,Fall,False
,9090,en,7.653446,1995-09-07,47774193.0,105.0,"To Wong Foo, Thanks for Everything! Julie Newmar",6.3,117.0,1995,,,,Unknown,,,1990,9,Fall,False
60000000.0,3512,en,7.490247,1995-07-13,104324083.0,100.0,Under Siege 2: Dark Territory,5.6,217.0,1995,,,,Unknown,44324083.0,True,1990,7,Summer,False
20000000.0,9560,en,9.715639,1995-08-11,50012507.0,103.0,A Walk in the Clouds,6.5,168.0,1995,,,,Unknown,30012507.0,True,1990,8,Summer,False
175000000.0,9804,en,16.885184,1995-07-28,264218220.0,135.0,Waterworld,5.9,1017.0,1995,,,,Unknown,89218220.0,True,1990,7,Summer,False
2500000.0,76,en,11.304979,1995-01-27,5535405.0,105.0,Before Sunrise,7.7,984.0,1995,,,,Unknown,3035405.0,True,1990,1,Winter,False
10000000.0,11017,en,6.638116,1995-02-10,26488734.0,89.0,Billy Madison,6.2,464.0,1995,,,,Unknown,16488734.0,True,1990,2,Winter,False
27000.0,2292,en,10.513367,1994-09-13,3151130.0,92.0,Clerks,7.4,769.0,1994,,,,Unknown,3124130.0,True,1990,9,Fall,False
25000000.0,1909,en,7.438934,1994-10-01,22200000.0,97.0,Don Juan DeMarco,6.3,184.0,1994,,,,Unknown,-2800000.0,False,1990,10,Fall,False
55000000.0,8984,en,11.812244,1994-12-09,214015089.0,123.0,Disclosure,5.9,217.0,1994,,,,Unknown,159015089.0,True,1990,12,Winter,False
,11929,en,5.8025,1995-03-24,,132.0,Dolores Claiborne,7.1,183.0,1995,,,,Unknown,,,1990,3,Spring,
16000000.0,8467,en,9.844558,1994-12-16,247275374.0,107.0,Dumb and Dumber,6.5,1894.0,1994,,,,Unknown,231275374.0,True,1990,12,Winter,False
18000000.0,522,en,11.720358,1994-09-27,5887457.0,127.0,Ed Wood,7.3,639.0,1994,,,,Unknown,-12112543.0,False,1990,9,Fall,False
,397,en,9.146544,1995-05-05,,111.0,French Kiss,6.2,179.0,1995,,,,Unknown,,,1990,5,Spring,
,15789,en,10.177977,1995-04-07,35348597.0,78.0,A Goofy Movie,6.7,404.0,1995,,,,Unknown,,,1990,4,Spring,False
5000000.0,1024,en,9.438042,1994-09-02,3049135.0,99.0,Heavenly Creatures,6.9,299.0,1994,,,,Unknown,-1950865.0,False,1990,9,Fall,False
25000000.0,11777,en,5.146352,1994-12-24,,100.0,I.Q.,5.9,112.0,1994,,,,Unknown,,,1990,12,Winter,
60000000.0,628,en,11.970205,1994-11-11,223664608.0,123.0,Interview with the Vampire,7.2,1558.0,1994,,,,Unknown,163664608.0,True,1990,11,Fall,False
60000000.0,6280,en,6.710215,1994-11-22,37000000.0,109.0,Junior,4.7,381.0,1994,,,,Unknown,-23000000.0,False,1990,11,Fall,False
,9061,en,9.195256,1995-02-17,,102.0,Just Cause,6.0,124.0,1995,,,,Unknown,,,1990,2,Winter,
11000000.0,11,en,42.149697,1977-05-25,775398007.0,121.0,Star Wars,8.1,6778.0,1977,,,,Unknown,764398007.0,True,1970,5,Spring,True
18000000.0,9587,en,9.774994,1994-12-21,,115.0,Little Women,7.0,222.0,1994,,,,Unknown,,,1990,12,Winter,
17000000.0,19101,en,7.731725,1995-05-10,,97.0,A Little Princess,7.4,207.0,1995,,,,Unknown,,,1990,5,Spring,
30000000.0,4476,en,12.199047,1994-12-16,160638883.0,133.0,Legends of the Fall,7.2,636.0,1994,,,,Unknown,130638883.0,True,1990,12,Winter,False
,11008,en,9.253362,1995-03-24,,95.0,Major Payne,6.1,164.0,1995,,,,Unknown,,,1990,3,Spring,
45000000.0,3036,en,14.287753,1994-11-04,112006296.0,123.0,Mary Shelley's Frankenstein,6.1,272.0,1994,,,,Unknown,67006296.0,True,1990,11,Fall,False
,10510,en,5.831622,1994-11-18,46264384.0,114.0,Miracle on 34th Street,6.4,199.0,1994,,,,Unknown,,,1990,11,Fall,False
,8438,en,9.518564,1995-01-20,17381942.0,122.0,Murder in the First,6.9,140.0,1995,,,,Unknown,,,1990,1,Winter,False
31000000.0,1945,en,5.930957,1994-12-23,106683817.0,112.0,Nell,6.1,128.0,1994,,,,Unknown,75683817.0,True,1990,12,Winter,False
34000000.0,241,en,11.226856,1994-08-25,50282766.0,119.0,Natural Born Killers,6.9,927.0,1994,,,,Unknown,16282766.0,True,1990,8,Summer,False
,527,en,4.025276,1994-09-02,2201126.0,99.0,Once Were Warriors,7.6,106.0,1994,,,,Unknown,,,1990,9,Fall,False
50000000.0,6950,en,13.676444,1995-03-10,189859560.0,127.0,Outbreak,6.4,522.0,1995,,,,Unknown,139859560.0,True,1990,3,Spring,False
16000000.0,101,fr,20.477329,1994-09-14,45284974.0,110.0,Leon: The Professional,8.2,4293.0,1994,,,,Unknown,29284974.0,True,1990,9,Fall,False
8000000.0,680,en,140.950236,1994-09-10,213928762.0,154.0,Pulp Fiction,8.3,8670.0,1994,,,,Unknown,205928762.0,True,1990,9,Fall,False
,11450,en,7.772505,1994-09-16,,133.0,Quiz Show,7.1,262.0,1994,,,,Unknown,,,1990,9,Fall,
32000000.0,12106,en,7.54701,1995-02-09,18552460.0,107.0,The Quick and the Dead,6.2,431.0,1995,,,,Unknown,-13447540.0,False,1990,2,Winter,False
,110,fr,7.832755,1994-05-27,,99.0,Three Colors: Red,7.8,246.0,1994,,,,Unknown,,,1990,5,Spring,
,108,fr,8.843517,1993-01-10,,98.0,Three Colors: Blue,7.7,311.0,1993,,,,Unknown,,,1990,1,Winter,
,109,fr,6.5898,1994-01-26,,91.0,Three Colors: White,7.3,218.0,1994,,,,Unknown,,,1990,1,Winter,
35000000.0,22586,en,8.910462,1994-11-18,9771658.0,89.0,The Swan Princess,6.5,251.0,1994,,,,Unknown,-25228342.0,False,1990,11,Fall,False
45000000.0,2636,en,10.388183,1994-10-07,170362582.0,110.0,The Specialist,5.5,317.0,1994,,,,Unknown,125362582.0,True,1990,10,Fall,False
55000000.0,2164,en,13.328924,1994-10-27,196567262.0,121.0,Stargate,6.8,942.0,1994,,,,Unknown,141567262.0,True,1990,10,Fall,False
22000000.0,11395,en,9.665424,1994-11-10,189833357.0,97.0,The Santa Clause,6.3,501.0,1994,,,,Unknown,167833357.0,True,1990,11,Fall,False
25000000.0,278,en,51.645403,1994-09-23,28341469.0,142.0,The Shawshank Redemption,8.5,8358.0,1994,,,,Unknown,3341469.0,True,1990,9,Fall,False
,9905,en,8.223026,1994-12-22,,92.0,Shallow Grave,7.0,247.0,1994,,,,Unknown,,,1990,12,Winter,
,20306,en,5.869261,1994-09-10,,101.0,Swimming with Sharks,6.7,104.0,1994,,,,Unknown,,,1990,9,Fall,
25000000.0,9067,en,7.602087,1995-03-31,4064495.0,98.0,Tank Girl,5.5,140.0,1995,,,,Unknown,-20935505.0,False,1990,3,Spring,False
38000000.0,193,en,8.105708,1994-11-17,120000000.0,118.0,Star Trek: Generations,6.4,461.0,1994,,,,Unknown,82000000.0,True,1990,11,Fall,False
,12122,en,6.529879,1995-04-28,,99.0,Village of the Damned,5.6,165.0,1995,,,,Unknown,,,1990,4,Spring,
,11381,en,11.971318,1995-03-31,32648673.0,97.0,Tommy Boy,6.8,321.0,1995,,,,Unknown,,,1990,3,Spring,False
11000000.0,1587,en,10.3919,1993-12-17,10032765.0,118.0,What's Eating Gilbert Grape,7.5,943.0,1993,,,,Unknown,-967235.0,False,1990,12,Winter,False
30000000.0,9271,en,5.188399,1995-08-04,24048000.0,106.0,Virtuosity,5.4,163.0,1995,,,,Unknown,-5952000.0,False,1990,8,Summer,False
17000000.0,2064,en,15.783615,1995-04-21,182057016.0,103.0,While You Were Sleeping,6.5,340.0,1995,,,,Unknown,165057016.0,True,1990,4,Spring,False
3000000.0,236,en,5.254847,1994-09-29,15119639.0,106.0,Muriel's Wedding,6.9,104.0,1994,,,,Unknown,12119639.0,True,1990,9,Fall,False
15000000.0,3049,en,11.247957,1994-02-04,107217396.0,86.0,Ace Ventura: Pet Detective,6.4,1684.0,1994,,,,Unknown,92217396.0,True,1990,2,Winter,False
,2759,en,8.328596,1994-05-31,11220670.0,104.0,"The Adventures of Priscilla, Queen of the Desert",7.2,174.0,1994,,,,Unknown,,,1990,5,Spring,False
5000000.0,10497,en,11.298195,1992-09-02,1862805.0,139.0,Bitter Moon,7.0,115.0,1992,,,,Unknown,-3137195.0,False,1990,9,Fall,False
,11382,en,5.72288,1994-10-14,,98.0,Bullets Over Broadway,7.0,130.0,1994,,,,Unknown,,,1990,10,Fall,
62000000.0,9331,en,7.513245,1994-08-03,215887717.0,141.0,Clear and Present Danger,6.4,390.0,1994,,,,Unknown,153887717.0,True,1990,8,Summer,False
45000000.0,10731,en,15.263829,1994-07-20,117615211.0,119.0,The Client,6.4,287.0,1994,,,,Unknown,72615211.0,True,1990,7,Summer,False
15000000.0,9495,en,15.799336,1994-05-11,94000000.0,102.0,The Crow,7.3,980.0,1994,,,,Unknown,79000000.0,True,1990,5,Spring,False
46000000.0,888,en,15.019586,1994-05-26,341631208.0,91.0,The Flintstones,5.0,559.0,1994,,,,Unknown,295631208.0,True,1990,5,Spring,True
55000000.0,13,en,48.307194,1994-07-06,677945399.0,142.0,Forrest Gump,8.2,8147.0,1994,,,,Unknown,622945399.0,True,1990,7,Summer,True
6000000.0,712,en,8.990345,1994-03-09,254700832.0,117.0,Four Weddings and a Funeral,6.6,654.0,1994,,,,Unknown,248700832.0,True,1990,3,Spring,False
,10660,en,11.272073,1994-07-29,,101.0,It Could Happen to You,6.1,154.0,1994,,,,Unknown,,,1990,7,Summer,
,10714,en,10.714235,1994-12-23,,111.0,The Jungle Book,5.9,107.0,1994,,,,Unknown,,,1990,12,Winter,
45000000.0,8587,en,21.605761,1994-06-23,788241776.0,89.0,The Lion King,8.0,5520.0,1994,,,,Unknown,743241776.0,True,1990,6,Summer,True
14000000.0,11596,en,9.860522,1994-10-13,18090181.0,112.0,New Nightmare,6.4,297.0,1994,,,,Unknown,4090181.0,True,1990,10,Fall,False
23000000.0,854,en,14.13488,1994-07-29,351583407.0,101.0,The Mask,6.6,2550.0,1994,,,,Unknown,328583407.0,True,1990,7,Summer,True
,9359,en,15.050326,1994-05-20,,127.0,Maverick,6.6,490.0,1994,,,,Unknown,,,1990,5,Spring,
30000000.0,36593,en,10.587232,1994-03-18,51132598.0,83.0,The Naked Gun 33⅓: The Final Insult,6.4,535.0,1994,,,,Unknown,21132598.0,True,1990,3,Spring,False
11500000.0,2788,en,6.514592,1994-02-18,20079850.0,99.0,Reality Bites,6.5,180.0,1994,,,,Unknown,8579850.0,True,1990,2,Winter,False
40000000.0,11011,en,6.595255,1994-12-19,,95.0,Ri¢hie Ri¢h,5.4,426.0,1994,,,,Unknown,,,1990,12,Winter,
45000000.0,8987,en,10.511241,1994-09-30,,111.0,The River Wild,6.1,214.0,1994,,,,Unknown,,,1990,9,Fall,
30000000.0,1637,en,10.859292,1994-06-09,350448145.0,116.0,Speed,6.8,1814.0,1994,,,,Unknown,320448145.0,True,1990,6,Summer,True
27000000.0,8831,en,8.907074,1994-09-15,101646581.0,99.0,Timecop,5.5,288.0,1994,,,,Unknown,74646581.0,True,1990,9,Fall,False
115000000.0,36955,en,11.396099,1994-07-14,378882411.0,141.0,True Lies,6.8,1138.0,1994,,,,Unknown,263882411.0,True,1990,7,Summer,True
,10395,en,14.063845,1994-06-17,,125.0,Wolf,6.0,221.0,1994,,,,Unknown,,,1990,6,Summer,
63000000.0,12160,en,9.277147,1994-06-24,25052000.0,191.0,Wyatt Earp,6.5,203.0,1994,,,,Unknown,-37948000.0,False,1990,6,Summer,False
35000000.0,11667,en,13.58449,1994-12-22,99423521.0,102.0,Street Fighter,4.1,330.0,1994,,,,Unknown,64423521.0,True,1990,12,Winter,False
26000000.0,8011,en,6.866634,1994-11-29,36800000.0,99.0,Highlander: The Final Dimension,4.5,110.0,1994,,,,Unknown,10800000.0,True,1990,11,Fall,False
8000000.0,2654,en,8.497643,1994-12-12,8946600.0,95.0,In the Mouth of Madness,7.1,307.0,1994,,,,Unknown,946600.0,True,1990,12,Winter,False
,2758,en,17.555909,1993-11-19,48919043.0,94.0,Addams Family Values,6.5,537.0,1993,,,,Unknown,,,1990,11,Fall,False
34000000.0,10436,en,8.013617,1993-09-17,32255440.0,139.0,The Age of Innocence,7.0,172.0,1993,,,,Unknown,-1744560.0,False,1990,9,Fall,False
,13595,en,7.09232,1994-08-05,,92.0,Airheads,5.8,222.0,1994,,,,Unknown,,,1990,8,Summer,
50000000.0,306,en,11.787784,1994-05-24,119208989.0,104.0,Beverly Hills Cop III,5.5,445.0,1994,,,,Unknown,69208989.0,True,1990,5,Spring,False
,178,en,13.155071,1994-07-01,30156002.0,121.0,Blown Away,6.0,126.0,1994,,,,Unknown,,,1990,7,Summer,False
13000000.0,4722,en,6.559693,1993-06-09,428868.0,87.0,Body Snatchers,5.8,102.0,1993,,,,Unknown,-12571132.0,False,1990,6,Summer,False
22000000.0,1607,en,6.115628,1993-09-14,17287898.0,121.0,A Bronx Tale,7.4,447.0,1993,,,,Unknown,-4712102.0,False,1990,9,Fall,False
30000000.0,6075,en,8.698509,1993-11-10,36516012.0,144.0,Carlito's Way,7.7,805.0,1993,,,,Unknown,6516012.0,True,1990,11,Fall,False
,11310,en,8.605703,1994-06-10,,116.0,City Slickers II: The Legend of Curly's Gold,4.9,103.0,1994,,,,Unknown,,,1990,6,Summer,
70000000.0,9350,en,9.830853,1993-05-28,255000211.0,112.0,Cliffhanger,6.1,600.0,1993,,,,Unknown,185000211.0,True,1990,5,Spring,False
,9612,en,10.722729,1993-07-23,,88.0,Coneheads,4.8,228.0,1993,,,,Unknown,,,1990,7,Summer,
40000000.0,2124,en,14.228963,1994-08-19,19726050.0,121.0,Color of Night,5.4,117.0,1994,,,,Unknown,-20273950.0,False,1990,8,Summer,False
,11566,en,13.696394,1993-05-07,63000000.0,110.0,Dave,6.3,205.0,1993,,,,Unknown,,,1990,5,Spring,False
6900000.0,9571,en,6.8652,1993-09-24,7993039.0,102.0,Dazed and Confused,7.4,588.0,1993,,,,Unknown,1093039.0,True,1990,9,Fall,False
57000000.0,9739,en,11.626116,1993-10-08,159055768.0,115.0,Demolition Man,6.4,1018.0,1993,,,,Unknown,102055768.0,True,1990,10,Fall,False
42000000.0,37233,en,9.678367,1993-06-30,270248367.0,154.0,The Firm,6.6,513.0,1993,,,,Unknown,228248367.0,True,1990,6,Summer,False
20000000.0,1634,en,5.990572,1993-07-16,153698625.0,112.0,Free Willy,6.0,429.0,1993,,,,Unknown,133698625.0,True,1990,7,Summer,False
44000000.0,5503,en,10.08937,1993-08-06,368875760.0,130.0,The Fugitive,7.2,1240.0,1993,,,,Unknown,324875760.0,True,1990,8,Summer,True
18000000.0,2019,en,7.834351,1993-08-20,74189677.0,97.0,Hard Target,6.1,237.0,1993,,,,Unknown,56189677.0,True,1990,8,Summer,False
25000000.0,9255,en,13.482371,1993-05-21,133752825.0,86.0,Hot Shots! Part Deux,6.2,463.0,1993,,,,Unknown,108752825.0,True,1990,5,Spring,False
25000000.0,2259,en,10.687795,1993-10-19,,140.0,The House of the Spirits,6.7,135.0,1993,,,,Unknown,,,1990,10,Fall,
30000000.0,11934,en,7.550545,1994-03-11,,111.0,The Hudsucker Proxy,7.1,280.0,1994,,,,Unknown,,,1990,3,Spring,
40000000.0,9386,en,12.637158,1993-07-08,176997168.0,128.0,In the Line of Fire,6.8,392.0,1993,,,,Unknown,136997168.0,True,1990,7,Summer,False
13000000.0,7984,en,7.405895,1993-12-12,65796862.0,133.0,In the Name of the Father,7.6,363.0,1993,,,,Unknown,52796862.0,True,1990,12,Winter,False
63000000.0,329,en,8.863776,1993-06-11,920100000.0,127.0,Jurassic Park,7.6,4956.0,1993,,,,Unknown,857100000.0,True,1990,6,Summer,True
9000000.0,10909,en,8.4337,1993-09-01,2395231.0,117.0,Kalifornia,6.5,209.0,1993,,,,Unknown,-6604769.0,False,1990,9,Fall,False
1500000.0,507,en,4.948569,1993-10-01,418961.0,96.0,Killing Zoe,6.1,111.0,1993,,,,Unknown,-1081039.0,False,1990,10,Fall,False
85000000.0,9593,en,9.434006,1993-06-18,137298489.0,130.0,Last Action Hero,6.1,725.0,1993,,,,Unknown,52298489.0,True,1990,6,Summer,False
,2246,en,9.861672,1993-09-29,46405336.0,107.0,Malice,5.9,105.0,1993,,,,Unknown,,,1990,9,Fall,False
,10502,en,5.997712,1993-08-25,24760338.0,114.0,The Man without a Face,6.2,125.0,1993,,,,Unknown,,,1990,8,Summer,False
13500000.0,10440,en,8.939404,1993-08-18,11285588.0,104.0,Manhattan Murder Mystery,7.1,169.0,1993,,,,Unknown,-2214412.0,False,1990,8,Summer,False
3500000.0,9516,en,5.260924,1993-05-26,27900000.0,97.0,Menace II Society,7.2,179.0,1993,,,,Unknown,24400000.0,True,1990,5,Spring,False
55000000.0,2320,en,13.106291,1996-03-15,121969216.0,133.0,Executive Decision,5.8,261.0,1996,,,,Unknown,66969216.0,True,1990,3,Spring,False
,5879,ja,8.932494,1976-05-15,,105.0,In the Realm of the Senses,6.5,112.0,1976,,,,Unknown,,,1970,5,Spring,
8000000.0,11971,en,8.62724,1993-05-07,,111.0,Much Ado About Nothing,7.2,194.0,1993,,,,Unknown,,,1990,5,Spring,
25000000.0,788,en,11.16553,1993-11-24,441286195.0,125.0,Mrs. Doubtfire,7.0,1638.0,1993,,,,Unknown,416286195.0,True,1990,11,Fall,True
,21450,en,8.665198,1993-09-14,,131.0,Naked,7.5,105.0,1993,,,,Unknown,,,1990,9,Fall,
12000000.0,11231,en,9.9697,1994-07-18,15826984.0,107.0,The Next Karate Kid,4.8,202.0,1994,,,,Unknown,3826984.0,True,1990,7,Summer,False
30000000.0,9559,en,8.040589,1993-11-24,135130999.0,138.0,A Perfect World,7.2,376.0,1993,,,,Unknown,105130999.0,True,1990,11,Fall,False
26000000.0,9800,en,13.373006,1993-12-22,206678440.0,125.0,Philadelphia,7.6,1019.0,1993,,,,Unknown,180678440.0,True,1990,12,Winter,False
7000000.0,713,en,7.436758,1993-05-19,116700000.0,121.0,The Piano,7.1,290.0,1993,,,,Unknown,109700000.0,True,1990,5,Spring,False
11500000.0,1245,en,12.222576,1993-11-05,23237911.0,134.0,The Remains of the Day,7.5,213.0,1993,,,,Unknown,11737911.0,True,1990,11,Fall,False
,7007,en,6.279082,1993-07-30,107198790.0,125.0,Rising Sun,5.8,188.0,1993,,,,Unknown,,,1990,7,Summer,False
22000000.0,5550,en,8.685798,1993-04-17,10696210.0,104.0,RoboCop 3,4.2,309.0,1993,,,,Unknown,-11303790.0,False,1990,4,Spring,False
20000000.0,8005,en,17.136672,1993-07-28,35739755.0,104.0,Robin Hood: Men in Tights,6.4,575.0,1993,,,,Unknown,15739755.0,True,1990,7,Summer,False
,10412,en,5.157926,1992-03-05,,94.0,Romper Stomper,6.6,126.0,1992,,,,Unknown,,,1990,3,Spring,
12000000.0,14534,en,5.914833,1993-09-17,22750363.0,114.0,Rudy,7.2,187.0,1993,,,,Unknown,10750363.0,True,1990,9,Fall,False
22000000.0,424,en,41.725123,1993-11-29,321365567.0,195.0,Schindler's List,8.3,4436.0,1993,,,,Unknown,299365567.0,True,1990,11,Fall,True
,14291,en,12.048587,1993-08-13,7266383.0,110.0,Searching for Bobby Fischer,7.3,100.0,1993,,,,Unknown,,,1990,8,Summer,False
,11236,en,6.499523,1993-08-13,,102.0,The Secret Garden,7.1,232.0,1993,,,,Unknown,,,1990,8,Summer,
13000000.0,11592,en,5.305311,1994-04-13,7820688.0,95.0,Serial Mom,6.4,137.0,1994,,,,Unknown,-5179312.0,False,1990,4,Spring,False
25000000.0,8850,en,7.881107,1994-07-01,48063435.0,108.0,The Shadow,5.4,140.0,1994,,,,Unknown,23063435.0,True,1990,7,Summer,False
,695,en,8.829337,1993-09-05,6110979.0,187.0,Short Cuts,6.9,136.0,1993,,,,Unknown,,,1990,9,Fall,False
21000000.0,858,en,10.234919,1993-06-24,227799884.0,105.0,Sleepless in Seattle,6.5,630.0,1993,,,,Unknown,206799884.0,True,1990,6,Summer,False
40000000.0,867,en,11.23297,1993-05-21,116300000.0,108.0,Sliver,4.9,144.0,1993,,,,Unknown,76300000.0,True,1990,5,Spring,False
28000000.0,78,en,96.272374,1982-06-25,33139618.0,117.0,Blade Runner,7.9,3833.0,1982,,,,Unknown,5139618.0,True,1980,6,Summer,False
20000000.0,10442,en,8.051914,1993-07-30,11585483.0,93.0,So I Married an Axe Murderer,6.1,131.0,1993,,,,Unknown,-8414517.0,False,1990,7,Summer,False
48000000.0,9607,en,7.198455,1993-05-28,20915465.0,104.0,Super Mario Bros.,4.0,236.0,1993,,,,Unknown,-27084535.0,False,1990,5,Spring,False
18000000.0,9479,en,17.730913,1993-10-09,75634409.0,76.0,The Nightmare Before Christmas,7.6,2135.0,1993,,,,Unknown,57634409.0,True,1990,10,Fall,False
30000000.0,10057,en,6.34785,1993-11-11,53898845.0,105.0,The Three Musketeers,6.2,219.0,1993,,,,Unknown,23898845.0,True,1990,11,Fall,False
25000000.0,11969,en,11.338194,1993-12-25,56505065.0,130.0,Tombstone,7.4,632.0,1993,,,,Unknown,31505065.0,True,1990,12,Winter,False
12500000.0,319,en,17.189328,1993-09-09,12281551.0,120.0,True Romance,7.5,762.0,1993,,,,Unknown,-218449.0,False,1990,9,Fall,False
27000000.0,15139,en,7.436001,1994-11-23,13670688.0,80.0,The Pagemaster,6.2,178.0,1994,,,,Unknown,-13329312.0,False,1990,11,Fall,False
,11446,en,5.14056,1995-05-24,,88.0,Welcome to the Dollhouse,6.9,103.0,1995,,,,Unknown,,,1990,5,Spring,
,11655,en,5.513024,1993-09-12,,94.0,Cronos,6.4,153.0,1993,,,,Unknown,,,1990,9,Fall,
,10897,en,6.707109,1994-08-05,67308282.0,82.0,The Little Rascals,6.3,214.0,1994,,,,Unknown,,,1990,8,Summer,False
18000000.0,771,en,0.702543,1990-11-09,476684675.0,103.0,Home Alone,7.1,2487.0,1990,,,,Unknown,458684675.0,True,1990,11,Fall,True
22000000.0,251,en,11.945397,1990-07-12,505000000.0,127.0,Ghost,6.9,1381.0,1990,,,,Unknown,483000000.0,True,1990,7,Summer,True
28000000.0,812,en,16.357419,1992-11-25,504050219.0,90.0,Aladdin,7.4,3495.0,1992,,,,Unknown,476050219.0,True,1990,11,Fall,True
100000000.0,280,en,22.661695,1991-07-01,520000000.0,137.0,Terminator 2: Judgment Day,7.7,4274.0,1991,,,,Unknown,420000000.0,True,1990,7,Summer,True
22000000.0,581,en,11.654349,1990-11-09,424208848.0,181.0,Dances with Wolves,7.6,1084.0,1990,,,,Unknown,402208848.0,True,1990,11,Fall,True
35000000.0,268,en,19.10673,1989-06-23,411348924.0,126.0,Batman,7.0,2145.0,1989,,,,Unknown,376348924.0,True,1980,6,Summer,True
19000000.0,274,en,4.307222,1991-02-01,272742922.0,119.0,The Silence of the Lambs,8.1,4549.0,1991,,,,Unknown,253742922.0,True,1990,2,Winter,False
1488423.0,408,en,16.263878,1937-12-20,184925486.0,83.0,Snow White and the Seven Dwarfs,6.9,1973.0,1937,,,,Unknown,183437063.0,True,1930,12,Winter,False
25000000.0,10020,en,23.433511,1991-11-13,377350553.0,84.0,Beauty and the Beast,7.5,3029.0,1991,,,,Unknown,352350553.0,True,1990,11,Fall,True
2600000.0,10895,en,14.202284,1940-02-23,84300000.0,88.0,Pinocchio,6.9,1412.0,1940,,,,Unknown,81700000.0,True,1940,2,Winter,False
14000000.0,114,en,13.348451,1990-03-23,463000000.0,119.0,Pretty Woman,7.0,1807.0,1990,,,,Unknown,449000000.0,True,1990,3,Spring,True
6244087.0,576,en,11.722424,1969-06-17,638641.0,145.0,The Wild Bunch,7.7,266.0,1969,,,,Unknown,-5605446.0,False,1960,6,Summer,False
,7300,en,7.009946,1996-12-20,97529550.0,108.0,One Fine Day,6.1,160.0,1996,,,,Unknown,,,1990,12,Winter,False
7000000.0,275,en,12.61469,1996-04-05,60611975.0,98.0,Fargo,7.7,2080.0,1996,,,,Unknown,53611975.0,True,1990,4,Spring,False
,25059,en,14.657754,1996-03-08,32709423.0,89.0,Homeward Bound II: Lost in San Francisco,6.0,105.0,1996,,,,Unknown,,,1990,3,Spring,False
9300000.0,11827,en,7.640073,1981-08-07,,90.0,Heavy Metal,6.3,150.0,1981,,,,Unknown,,,1980,8,Summer,
4000000.0,8766,en,5.263187,1996-03-08,16675000.0,86.0,Hellraiser: Bloodline,4.9,111.0,1996,,,,Unknown,12675000.0,True,1990,3,Spring,False
4000000.0,10112,en,9.834047,1970-12-23,55675257.0,78.0,The Aristocats,7.1,1287.0,1970,,,,Unknown,51675257.0,True,1970,12,Winter,False
30000000.0,1592,en,10.326213,1996-04-03,102616183.0,129.0,Primal Fear,7.4,644.0,1996,,,,Unknown,72616183.0,True,1990,4,Spring,False
,11479,fr,4.728163,1994-12-14,,90.0,"Little Indian, Big City",6.0,145.0,1994,,,,Unknown,,,1990,12,Winter,
46000000.0,10684,en,11.595316,1996-07-04,100860818.0,117.0,Courage Under Fire,6.2,240.0,1996,,,,Unknown,54860818.0,True,1990,7,Summer,False
80000000.0,954,en,15.793477,1996-05-22,457696359.0,110.0,Mission: Impossible,6.7,2677.0,1996,,,,Unknown,377696359.0,True,1990,5,Spring,True
57000000.0,8840,en,23.63659,1996-05-31,115267375.0,103.0,DragonHeart,6.4,553.0,1996,,,,Unknown,58267375.0,True,1990,5,Spring,False
38000000.0,10539,en,13.217623,1996-04-12,28921264.0,79.0,James and the Giant Peach,6.2,375.0,1996,,,,Unknown,-9078736.0,False,1990,4,Spring,False
,10543,en,6.954926,1996-04-12,,97.0,Fear,6.1,157.0,1996,,,,Unknown,,,1990,4,Spring,
14000000.0,11902,sr,14.587894,1995-04-11,,170.0,Underground,7.5,143.0,1995,,,,Unknown,,,1990,4,Spring,
80000000.0,2300,en,11.054251,1996-11-15,250200000.0,88.0,Space Jam,6.5,1335.0,1996,,,,Unknown,170200000.0,True,1990,11,Fall,False
9000000.0,8069,en,14.304205,1968-10-10,2500000.0,98.0,Barbarella,5.7,149.0,1968,,,,Unknown,-6500000.0,False,1960,10,Fall,False
220000.0,8072,fr,4.658149,1965-05-05,,100.0,Alphaville,6.8,100.0,1965,,,,Unknown,,,1960,5,Spring,
30000000.0,9103,en,7.941972,1996-04-19,57400547.0,95.0,The Quest,5.3,126.0,1996,,,,Unknown,27400547.0,True,1990,4,Spring,False
31000000.0,12233,en,10.813579,1988-11-18,74151346.0,74.0,Oliver & Company,6.5,372.0,1988,,,,Unknown,43151346.0,True,1980,11,Fall,False
9000000.0,922,en,6.505272,1995-12-23,,121.0,Dead Man,7.2,397.0,1995,,,,Unknown,,,1990,12,Winter,
,11687,fr,7.326169,1993-01-27,,107.0,The Visitors,7.1,433.0,1993,,,,Unknown,,,1990,1,Winter,
45000000.0,9304,en,8.768806,1996-07-19,,117.0,Multiplicity,5.5,158.0,1996,,,,Unknown,,,1990,7,Summer,
15000000.0,9100,en,12.860385,1996-05-03,24769466.0,101.0,The Craft,6.3,388.0,1996,,,,Unknown,9769466.0,True,1990,5,Spring,False
75000000.0,9802,en,13.249824,1996-06-06,335062621.0,136.0,The Rock,6.9,1474.0,1996,,,,Unknown,260062621.0,True,1990,6,Summer,True
4000000.0,21588,it,6.247819,1994-03-25,,105.0,Cemetery Man,7.0,105.0,1994,,,,Unknown,,,1990,3,Spring,
92000000.0,664,en,8.739144,1996-05-10,494471524.0,113.0,Twister,6.1,966.0,1996,,,,Unknown,402471524.0,True,1990,5,Spring,True
,11867,en,5.877599,1996-05-02,3793614.0,98.0,Barb Wire,3.9,117.0,1996,,,,Unknown,,,1990,5,Spring,False
,9323,ja,10.686166,1995-11-18,2287714.0,83.0,Ghost in the Shell,7.8,854.0,1995,,,,Unknown,,,1990,11,Fall,False
,10280,en,4.856229,1996-10-25,,92.0,Thinner,5.5,125.0,1996,,,,Unknown,,,1990,10,Fall,
18000000.0,10535,en,8.202057,1996-05-24,,81.0,Spy Hard,4.9,148.0,1996,,,,Unknown,,,1990,5,Spring,
25000000.0,10547,en,6.497591,1996-05-31,14048372.0,115.0,The Arrival,6.1,200.0,1996,,,,Unknown,-10951628.0,False,1990,5,Spring,False
1800000.0,935,en,9.80398,1964-01-29,9440272.0,95.0,Dr. Strangelove or: How I Learned to Stop Worrying and Love the Bomb,8.0,1472.0,1964,,,,Unknown,7640272.0,True,1960,1,Winter,False
,11101,de,7.667284,1993-01-21,,134.0,Stalingrad,7.4,116.0,1993,,,,Unknown,,,1990,1,Winter,
45000000.0,9826,en,8.079541,1996-06-06,17300889.0,100.0,The Phantom,4.7,138.0,1996,,,,Unknown,-27699111.0,False,1990,6,Summer,False
50000000.0,9879,en,11.341502,1996-06-28,113309743.0,115.0,Striptease,4.4,210.0,1996,,,,Unknown,63309743.0,True,1990,6,Summer,False
45000000.0,7095,en,6.287245,1996-08-09,58620973.0,113.0,Jack,5.9,340.0,1996,,,,Unknown,13620973.0,True,1990,8,Summer,False
4000000.0,627,en,19.348466,1996-02-23,16491080.0,93.0,Trainspotting,7.8,2737.0,1996,,,,Unknown,12491080.0,True,1990,2,Winter,False
75000000.0,602,en,17.634197,1996-06-25,816969268.0,145.0,Independence Day,6.7,3334.0,1996,,,,Unknown,741969268.0,True,1990,6,Summer,True
55000000.0,9566,en,12.202063,1996-08-15,18626419.0,116.0,The Fan,5.7,202.0,1996,,,,Unknown,-36373581.0,False,1990,8,Summer,False
100000000.0,10545,en,13.553999,1996-06-21,100138851.0,91.0,The Hunchback of Notre Dame,6.8,1182.0,1996,,,,Unknown,138851.0,True,1990,6,Summer,False
47000000.0,9894,en,7.586577,1996-06-10,102825796.0,96.0,The Cable Guy,5.7,603.0,1996,,,,Unknown,55825796.0,True,1990,6,Summer,False
27000000.0,11543,en,11.633347,1996-07-04,25023434.0,113.0,Kingpin,6.7,248.0,1996,,,,Unknown,-1976566.0,False,1990,7,Summer,False
100000000.0,9268,en,6.919314,1996-06-21,242295562.0,115.0,Eraser,5.6,553.0,1996,,,,Unknown,142295562.0,True,1990,6,Summer,False
54000000.0,9327,en,9.651581,1996-06-26,128769345.0,95.0,The Nutty Professor,5.4,717.0,1996,,,,Unknown,74769345.0,True,1990,6,Summer,False
80000000.0,11228,en,11.995799,1996-12-06,159212469.0,115.0,Daylight,5.8,385.0,1996,,,,Unknown,79212469.0,True,1990,12,Winter,False
30000000.0,10779,en,12.09096,1996-07-18,29359216.0,110.0,The Frighteners,6.7,413.0,1996,,,,Unknown,-640784.0,False,1990,7,Summer,False
32000000.0,9294,en,5.575992,1996-07-05,152036382.0,123.0,Phenomenon,6.2,328.0,1996,,,,Unknown,120036382.0,True,1990,7,Summer,False
40000000.0,1645,en,13.309013,1996-07-24,152266007.0,149.0,A Time to Kill,7.0,522.0,1996,,,,Unknown,112266007.0,True,1990,7,Summer,False
26000000.0,2925,en,10.177303,1996-09-20,116400000.0,102.0,The First Wives Club,6.5,172.0,1996,,,,Unknown,90400000.0,True,1990,9,Fall,False
80000000.0,3595,en,8.772188,1996-11-08,309492681.0,117.0,Ransom,6.4,482.0,1996,,,,Unknown,229492681.0,True,1990,11,Fall,True
50000000.0,12123,en,15.874491,1996-08-02,60209334.0,107.0,Chain Reaction,5.3,291.0,1996,,,,Unknown,10209334.0,True,1990,8,Summer,False
36000000.0,10830,en,10.034915,1996-08-02,33459416.0,98.0,Matilda,6.9,892.0,1996,,,,Unknown,-2540584.0,False,1990,8,Summer,False
6000000.0,3573,en,6.593011,1996-08-02,22231658.0,121.0,Emma,6.7,152.0,1996,,,,Unknown,16231658.0,True,1990,8,Summer,False
13000000.0,10546,en,6.554679,1996-08-29,17917287.0,84.0,The Crow: City of Angels,5.2,119.0,1996,,,,Unknown,4917287.0,True,1990,8,Summer,False
,31417,fr,9.935891,1960-01-11,,90.0,Eyes Without a Face,7.5,130.0,1960,,,,Unknown,,,1960,1,Winter,
50000000.0,10061,en,12.229381,1996-08-09,42277365.0,97.0,Escape from L.A.,5.6,381.0,1996,,,,Unknown,-7722635.0,False,1990,8,Summer,False
45000000.0,10478,en,6.24966,1996-08-16,53854588.0,135.0,Tin Cup,5.9,152.0,1996,,,,Unknown,8854588.0,True,1990,8,Summer,False
6000000.0,238,en,41.109264,1972-03-14,245066411.0,175.0,The Godfather,8.5,6024.0,1972,,,,Unknown,239066411.0,True,1970,3,Spring,False
900000.0,11134,cn,6.751864,1992-07-04,20483423.0,95.0,Police Story 3: Supercop,6.7,109.0,1992,,,,Unknown,19583423.0,True,1990,7,Summer,False
4500000.0,9303,en,12.449574,1996-09-13,7011317.0,108.0,Bound,6.9,203.0,1996,,,,Unknown,2511317.0,True,1990,9,Fall,False
60000000.0,11015,en,7.699967,1997-01-10,33956608.0,110.0,The Relic,5.8,130.0,1997,,,,Unknown,-26043392.0,False,1990,1,Winter,False
40000000.0,9306,en,12.725343,1996-08-23,49627779.0,96.0,The Island of Dr. Moreau,4.6,148.0,1996,,,,Unknown,9627779.0,True,1990,8,Summer,False
25000000.0,10723,en,7.859132,1996-09-06,22611954.0,84.0,Bulletproof,5.4,164.0,1996,,,,Unknown,-2388046.0,False,1990,9,Fall,False
5000000.0,10987,en,8.768288,1995-09-29,15116634.0,88.0,Halloween: The Curse of Michael Myers,5.0,173.0,1995,,,,Unknown,10116634.0,True,1990,9,Fall,False
,981,en,8.888069,1940-12-05,,112.0,The Philadelphia Story,7.7,196.0,1940,,,,Unknown,,,1940,12,Winter,
2540800.0,872,en,11.064858,1952-04-10,7200000.0,103.0,Singin' in the Rain,7.9,747.0,1952,,,,Unknown,4659200.0,True,1950,4,Spring,False
2723903.0,2769,en,5.565203,1951-08-08,4500000.0,113.0,An American in Paris,6.9,133.0,1951,,,,Unknown,1776097.0,True,1950,8,Summer,False
,13320,en,5.461487,1957-02-13,,103.0,Funny Face,7.0,162.0,1957,,,,Unknown,,,1950,2,Winter,
2500000.0,164,en,10.879289,1961-10-05,9500000.0,110.0,Breakfast at Tiffany's,7.6,1082.0,1961,,,,Unknown,7000000.0,True,1960,10,Fall,False
2479000.0,426,en,18.20822,1958-05-09,28000000.0,128.0,Vertigo,8.0,1162.0,1958,,,,Unknown,25521000.0,True,1950,5,Spring,False
1000000.0,567,en,17.911314,1954-08-01,36764313.0,112.0,Rear Window,8.2,1531.0,1954,,,,Unknown,35764313.0,True,1950,8,Summer,False
325000.0,3078,en,6.465257,1934-02-22,4500000.0,105.0,It Happened One Night,7.7,283.0,1934,,,,Unknown,4175000.0,True,1930,2,Winter,False
4000000.0,213,en,12.410427,1959-07-07,13275000.0,136.0,North by Northwest,7.8,1062.0,1959,,,,Unknown,9275000.0,True,1950,7,Summer,False
3000000.0,284,en,11.994281,1960-06-15,25000000.0,125.0,The Apartment,8.1,498.0,1960,,,,Unknown,22000000.0,True,1960,6,Summer,False
2883848.0,239,en,11.845107,1959-03-18,25000000.0,122.0,Some Like It Hot,8.0,835.0,1959,,,,Unknown,22116152.0,True,1950,3,Spring,False
4000000.0,4808,en,7.098731,1963-12-05,13474588.0,113.0,Charade,7.7,351.0,1963,,,,Unknown,9474588.0,True,1960,12,Winter,False
878000.0,289,en,13.916101,1942-11-26,10462500.0,102.0,Casablanca,7.9,1462.0,1942,,,,Unknown,9584500.0,True,1940,11,Fall,False
375000.0,963,en,5.782544,1941-11-18,1000000.0,100.0,The Maltese Falcon,7.8,435.0,1941,,,,Unknown,625000.0,True,1940,11,Fall,False
17000000.0,11113,en,12.494394,1964-10-21,72070731.0,170.0,My Fair Lady,7.4,361.0,1964,,,,Unknown,55070731.0,True,1960,10,Fall,False
2238813.0,6620,en,7.359741,1954-09-28,10000000.0,113.0,Sabrina,7.4,284.0,1954,,,,Unknown,7761187.0,True,1950,9,Fall,False
1500000.0,804,en,11.954806,1953-09-02,12000000.0,119.0,Roman Holiday,7.8,502.0,1953,,,,Unknown,10500000.0,True,1950,9,Fall,False
2777000.0,630,en,22.064932,1939-08-15,33754967.0,102.0,The Wizard of Oz,7.4,1689.0,1939,,,,Unknown,30977967.0,True,1930,8,Summer,False
4000000.0,770,en,14.240357,1939-12-15,400176459.0,238.0,Gone with the Wind,7.7,995.0,1939,,,,Unknown,396176459.0,True,1930,12,Winter,True
1752000.0,599,en,11.709777,1950-08-10,5000000.0,110.0,Sunset Boulevard,8.2,533.0,1950,,,,Unknown,3248000.0,True,1950,8,Summer,False
839727.0,15,en,15.811921,1941-04-30,23217674.0,119.0,Citizen Kane,8.0,1244.0,1941,,,,Unknown,22377947.0,True,1940,4,Spring,False
10500000.0,62,en,22.494622,1968-04-10,68700000.0,149.0,2001: A Space Odyssey,7.9,3075.0,1968,,,,Unknown,58200000.0,True,1960,4,Spring,False
1400000.0,705,en,12.06308,1950-11-09,63463.0,138.0,All About Eve,8.0,367.0,1950,,,,Unknown,-1336537.0,False,1950,11,Fall,False
1288000.0,223,en,8.590813,1940-04-12,6000000.0,130.0,Rebecca,7.7,346.0,1940,,,,Unknown,4712000.0,True,1940,4,Spring,False
2000000.0,303,en,10.135111,1946-08-15,24464742.0,102.0,Notorious,7.8,345.0,1946,,,,Unknown,22464742.0,True,1940,8,Summer,False
1500000.0,4174,en,5.47596,1945-12-28,7000000.0,111.0,Spellbound,7.3,166.0,1945,,,,Unknown,5500000.0,True,1940,12,Winter,False
,8356,en,9.813419,1957-07-11,,111.0,An Affair to Remember,7.1,101.0,1957,,,,Unknown,,,1950,7,Summer,
2500000.0,381,en,5.490505,1955-08-03,8750000.0,106.0,To Catch a Thief,7.1,299.0,1955,,,,Unknown,6250000.0,True,1950,8,Summer,False
2033000.0,10907,en,10.685036,1938-05-13,3981000.0,102.0,The Adventures of Robin Hood,7.6,170.0,1938,,,,Unknown,1948000.0,True,1930,5,Spring,False
1020000.0,1939,en,9.884516,1944-10-11,2000000.0,88.0,Laura,7.6,173.0,1944,,,,Unknown,980000.0,True,1940,10,Fall,False
,198,en,7.274948,1942-03-05,,99.0,To Be or Not to Be,7.7,119.0,1942,,,,Unknown,,,1940,3,Spring,
5400000.0,1712,en,10.864284,1956-10-10,35000000.0,201.0,Giant,7.5,169.0,1956,,,,Unknown,29600000.0,True,1950,10,Fall,False
,3085,en,9.88321,1940-01-18,,92.0,His Girl Friday,7.5,171.0,1940,,,,Unknown,,,1940,1,Winter,
3180000.0,1585,en,15.031588,1946-12-20,9644124.0,130.0,It's a Wonderful Life,8.0,1103.0,1946,,,,Unknown,6464124.0,True,1940,12,Winter,False
1500000.0,3083,en,8.168694,1939-10-19,9600000.0,129.0,Mr. Smith Goes to Washington,7.9,245.0,1939,,,,Unknown,8100000.0,True,1930,10,Fall,False
1073000.0,900,en,6.60577,1938-02-18,,102.0,Bringing Up Baby,7.6,201.0,1938,,,,Unknown,,,1930,2,Winter,
,260,en,5.865697,1935-06-01,,86.0,The 39 Steps,7.4,217.0,1935,,,,Unknown,,,1930,6,Summer,
114000.0,10331,en,14.384198,1968-10-01,30000000.0,96.0,Night of the Living Dead,7.5,591.0,1968,,,,Unknown,29886000.0,True,1960,10,Fall,False
1300000.0,488,en,6.636872,1951-12-03,10750000.0,105.0,The African Queen,7.4,232.0,1951,,,,Unknown,9450000.0,True,1950,12,Winter,False
3000000.0,261,en,11.794846,1958-02-17,17570324.0,108.0,Cat on a Hot Tin Roof,7.6,168.0,1958,,,,Unknown,14570324.0,True,1950,2,Winter,False
,11076,en,5.511155,1996-09-13,,107.0,Fly Away Home,6.6,114.0,1996,,,,Unknown,,,1990,9,Fall,
25000000.0,10861,en,7.370163,1996-09-13,51702483.0,100.0,Maximum Risk,5.3,104.0,1996,,,,Unknown,26702483.0,True,1990,9,Fall,False
67000000.0,9333,en,11.845918,1996-09-20,47267001.0,101.0,Last Man Standing,6.2,263.0,1996,,,,Unknown,-19732999.0,False,1990,9,Fall,False
45000000.0,9625,en,5.918737,1996-10-04,,92.0,The Glimmer Man,4.7,102.0,1996,,,,Unknown,,,1990,10,Fall,
,14136,en,10.091707,1968-12-22,,107.0,The Love Bug,6.0,126.0,1968,,,,Unknown,,,1960,12,Winter,
,6878,en,7.186506,1993-02-03,,84.0,Homeward Bound: The Incredible Journey,6.6,218.0,1993,,,,Unknown,,,1990,2,Winter,
5000000.0,173,en,8.722406,1954-12-23,28200000.0,127.0,"20,000 Leagues Under the Sea",6.9,160.0,1954,,,,Unknown,23200000.0,True,1950,12,Winter,False
14000000.0,864,en,8.30721,1993-09-30,154864401.0,98.0,Cool Runnings,6.8,510.0,1993,,,,Unknown,140864401.0,True,1990,9,Fall,False
,24795,en,10.892812,1994-07-15,50236831.0,102.0,Angels in the Outfield,5.7,124.0,1994,,,,Unknown,,,1990,7,Summer,False
2900000.0,11224,en,14.436858,1950-03-04,263591415.0,74.0,Cinderella,6.8,1760.0,1950,,,,Unknown,260691415.0,True,1950,3,Spring,False
,15947,en,8.702472,1944-07-21,,71.0,The Three Caballeros,6.2,108.0,1944,,,,Unknown,,,1940,7,Summer,
3000000.0,9078,en,10.636458,1963-12-25,22182353.0,79.0,The Sword in the Stone,6.9,935.0,1963,,,,Unknown,19182353.0,True,1960,12,Winter,False
48000000.0,8367,en,10.639244,1991-06-14,390493908.0,143.0,Robin Hood: Prince of Thieves,6.6,937.0,1991,,,,Unknown,342493908.0,True,1990,6,Summer,True
6000000.0,433,en,15.11549,1964-08-27,102272727.0,139.0,Mary Poppins,7.4,1217.0,1964,,,,Unknown,96272727.0,True,1960,8,Summer,False
812000.0,11360,en,14.655879,1941-10-22,1600000.0,64.0,Dumbo,6.8,1206.0,1941,,,,Unknown,788000.0,True,1940,10,Fall,False
10000000.0,11114,en,7.644722,1977-11-03,,128.0,Pete's Dragon,6.4,201.0,1977,,,,Unknown,,,1970,11,Fall,
20000000.0,12335,en,10.362012,1971-10-07,17900000.0,117.0,Bedknobs and Broomsticks,6.8,260.0,1971,,,,Unknown,-2100000.0,False,1970,10,Fall,False
3000000.0,12092,en,16.488937,1951-07-03,572000000.0,75.0,Alice in Wonderland,7.0,1557.0,1951,,,,Unknown,569000000.0,True,1950,7,Summer,True
12000000.0,10948,en,10.197106,1981-07-10,29800000.0,82.0,The Fox and the Hound,7.0,884.0,1981,,,,Unknown,17800000.0,True,1980,7,Summer,False
8200000.0,15121,en,9.06773,1965-03-02,286214286.0,174.0,The Sound of Music,7.4,966.0,1965,,,,Unknown,278014286.0,True,1960,3,Spring,True
28000000.0,562,en,16.640522,1988-07-15,140767956.0,131.0,Die Hard,7.5,4005.0,1988,,,,Unknown,112767956.0,True,1980,7,Summer,False
10000000.0,10163,en,6.685948,1992-03-05,32101000.0,108.0,The Lawnmower Man,5.4,198.0,1992,,,,Unknown,22101000.0,True,1990,3,Spring,False
4500000.0,11159,en,11.223572,1996-05-24,13417292.0,142.0,Secrets & Lies,7.1,127.0,1996,,,,Unknown,8917292.0,True,1990,5,Spring,False
,9591,en,8.685761,1996-10-04,34585416.0,108.0,That Thing You Do!,6.8,230.0,1996,,,,Unknown,,,1990,10,Fall,False
65000000.0,11412,en,14.482345,1996-10-11,89456761.0,120.0,The Long Kiss Goodnight,6.4,323.0,1996,,,,Unknown,24456761.0,True,1990,10,Fall,False
50000000.0,10586,en,10.789928,1996-10-11,75000000.0,109.0,The Ghost and the Darkness,6.4,238.0,1996,,,,Unknown,25000000.0,True,1990,10,Fall,False
20000000.0,9716,en,9.649113,1996-12-06,,101.0,Everyone Says I Love You,6.5,149.0,1996,,,,Unknown,,,1990,12,Winter,
14500000.0,454,en,11.774061,1996-10-31,147298761.0,120.0,Romeo + Juliet,6.7,1406.0,1996,,,,Unknown,132798761.0,True,1990,10,Fall,False
200000.0,10218,en,6.578025,1996-10-18,4505922.0,94.0,Swingers,6.8,255.0,1996,,,,Unknown,4305922.0,True,1990,10,Fall,False
44000000.0,819,en,9.198283,1996-10-18,165615285.0,147.0,Sleepers,7.3,729.0,1996,,,,Unknown,121615285.0,True,1990,10,Fall,False
,11238,en,8.654244,1996-05-20,,81.0,Aladdin and the King of Thieves,6.1,494.0,1996,,,,Unknown,,,1990,5,Spring,
3000000.0,252,en,12.416635,1971-06-29,4000000.0,100.0,Willy Wonka & the Chocolate Factory,7.4,826.0,1971,,,,Unknown,1000000.0,True,1970,6,Summer,False
,16372,en,7.667964,1961-12-25,,100.0,The Innocents,7.5,126.0,1961,,,,Unknown,,,1960,12,Winter,
2000000.0,11561,en,6.048904,1973-12-17,18344729.0,89.0,Sleeper,7.0,206.0,1973,,,,Unknown,16344729.0,True,1970,12,Winter,False
2000000.0,11302,en,4.331819,1971-04-28,11833696.0,82.0,Bananas,6.7,167.0,1971,,,,Unknown,9833696.0,True,1970,4,Spring,False
7500000.0,623,en,11.400353,1988-07-15,62493712.0,108.0,A Fish Called Wanda,7.1,576.0,1988,,,,Unknown,54993712.0,True,1980,7,Summer,False
4000000.0,583,en,10.714173,1979-08-17,20045115.0,94.0,Life of Brian,7.7,1230.0,1979,,,,Unknown,16045115.0,True,1970,8,Summer,False
2500000.0,475,en,12.109198,1967-07-18,50700000.0,111.0,Bonnie and Clyde,7.6,384.0,1967,,,,Unknown,48200000.0,True,1960,7,Summer,False
1400000.0,521,en,7.853231,1954-05-29,3000000.0,104.0,Dial M for Murder,7.9,539.0,1954,,,,Unknown,1600000.0,True,1950,5,Spring,False
6000000.0,88,en,14.044122,1987-08-21,213954274.0,100.0,Dirty Dancing,7.1,1371.0,1987,,,,Unknown,207954274.0,True,1980,8,Summer,False
1200000.0,500,en,12.22034,1992-09-02,14661007.0,99.0,Reservoir Dogs,8.1,3821.0,1992,,,,Unknown,13461007.0,True,1990,9,Fall,False
6000000.0,792,en,18.206972,1986-12-18,138530565.0,120.0,Platoon,7.5,1236.0,1986,,,,Unknown,132530565.0,True,1980,12,Winter,False
6500000.0,8491,en,8.051891,1989-07-05,30218387.0,97.0,Weekend at Bernie's,6.4,255.0,1989,,,,Unknown,23718387.0,True,1980,7,Summer,False
49000000.0,402,en,16.628427,1992-03-20,352927224.0,127.0,Basic Instinct,6.5,869.0,1992,,,,Unknown,303927224.0,True,1990,3,Spring,True
38000000.0,10537,en,7.829619,1991-03-01,34416893.0,140.0,The Doors,6.7,285.0,1991,,,,Unknown,-3583107.0,False,1990,3,Spring,False
3705538.0,11386,en,7.404329,1992-09-02,62548947.0,112.0,The Crying Game,6.9,180.0,1992,,,,Unknown,58843409.0,True,1990,9,Fall,False
12500000.0,9504,en,6.792215,1992-09-15,10725228.0,100.0,Glengarry Glen Ross,7.5,330.0,1992,,,,Unknown,-1774772.0,False,1990,9,Fall,False
12000000.0,15764,en,15.417202,1982-12-08,30036000.0,151.0,Sophie's Choice,7.4,149.0,1982,,,,Unknown,18036000.0,True,1980,12,Winter,False
10500000.0,601,en,19.358546,1982-04-03,792965326.0,115.0,E.T. the Extra-Terrestrial,7.3,3359.0,1982,,,,Unknown,782465326.0,True,1980,4,Spring,True
60000000.0,2119,en,7.046753,1990-06-27,157920733.0,107.0,Days of Thunder,5.9,359.0,1990,,,,Unknown,97920733.0,True,1990,6,Summer,False
15000000.0,744,en,20.301019,1986-05-16,356830601.0,110.0,Top Gun,6.7,1736.0,1986,,,,Unknown,341830601.0,True,1980,5,Spring,True
1500000.0,221,en,10.968169,1955-10-27,,111.0,Rebel Without a Cause,7.6,351.0,1955,,,,Unknown,,,1950,10,Fall,
1800000.0,702,en,7.301719,1951-09-18,8000000.0,125.0,A Streetcar Named Desire,7.6,291.0,1951,,,,Unknown,6200000.0,True,1950,9,Fall,False
36000000.0,1630,en,9.178371,1996-10-12,20300385.0,129.0,The People vs. Larry Flynt,6.8,257.0,1996,,,,Unknown,-15699615.0,False,1990,10,Fall,False
,11816,en,12.252186,1981-12-04,19255967.0,109.0,On Golden Pond,7.3,101.0,1981,,,,Unknown,,,1980,12,Winter,False
5000000.0,11843,en,6.501177,1975-05-21,41833347.0,113.0,The Return of the Pink Panther,6.7,138.0,1975,,,,Unknown,36833347.0,True,1970,5,Spring,False
6788000.0,10379,en,7.88101,1991-04-19,13878334.0,103.0,Drop Dead Fred,5.9,107.0,1991,,,,Unknown,7090334.0,True,1990,4,Spring,False
70000000.0,2756,en,9.809585,1989-08-09,90000098.0,139.0,The Abyss,7.1,822.0,1989,,,,Unknown,20000098.0,True,1980,8,Summer,False
1000000.0,790,en,9.194572,1980-02-08,21378361.0,89.0,The Fog,6.4,318.0,1980,,,,Unknown,20378361.0,True,1980,2,Winter,False
6000000.0,1103,en,10.124544,1981-05-22,50244700.0,99.0,Escape from New York,6.9,720.0,1981,,,,Unknown,44244700.0,True,1980,5,Spring,False
1000000.0,11298,en,6.715512,1981-04-03,17985893.0,91.0,The Howling,6.4,165.0,1981,,,,Unknown,16985893.0,True,1980,4,Spring,False
4940939.0,4480,fr,4.883274,1986-08-27,,120.0,Jean de Florette,7.6,113.0,1986,,,,Unknown,,,1980,8,Summer,
,4481,fr,5.939394,1986-11-19,,120.0,Manon of the Spring,7.8,103.0,1986,,,,Unknown,,,1980,11,Fall,
,10765,en,11.431866,1980-10-06,,109.0,Private Benjamin,6.0,103.0,1980,,,,Unknown,,,1980,10,Fall,
400000.0,762,en,10.43389,1975-03-13,5028948.0,91.0,Monty Python and the Holy Grail,7.8,1742.0,1975,,,,Unknown,4628948.0,True,1970,3,Spring,False
,11216,it,14.177005,1988-11-17,11990401.0,124.0,Cinema Paradiso,8.2,834.0,1988,,,,Unknown,,,1980,11,Fall,False
,7452,en,5.970136,1989-09-10,,125.0,"The Cook, the Thief, His Wife & Her Lover",7.3,137.0,1989,,,,Unknown,,,1980,9,Fall,
4000000.0,892,fr,12.565447,1991-04-17,1794187.0,99.0,Delicatessen,7.4,320.0,1991,,,,Unknown,-2205813.0,False,1990,4,Spring,False
,1600,fr,9.661817,1991-05-15,1999955.0,97.0,The Double Life of Veronique,7.3,154.0,1991,,,,Unknown,,,1990,5,Spring,False
935000.0,975,en,8.548518,1957-09-18,,88.0,Paths of Glory,8.2,565.0,1957,,,,Unknown,,,1950,9,Fall,
,18129,en,10.809693,1990-09-14,13446769.0,110.0,The Grifters,6.5,112.0,1990,,,,Unknown,,,1990,9,Fall,False
27000000.0,409,en,15.564161,1996-11-14,231976425.0,162.0,The English Patient,7.0,559.0,1996,,,,Unknown,204976425.0,True,1990,11,Fall,False
,38251,it,5.557759,1991-01-31,4532791.0,96.0,Mediterraneo,7.4,157.0,1991,,,,Unknown,,,1990,1,Winter,False
645180.0,10161,en,5.841931,1989-07-21,14743391.0,103.0,My Left Foot: The Story of Christy Brown,7.5,208.0,1989,,,,Unknown,14098211.0,True,1980,7,Summer,False
1200000.0,1412,en,12.293656,1989-08-18,,100.0,"Sex, Lies, and Videotape",6.7,188.0,1989,,,,Unknown,,,1980,8,Summer,
,14285,en,5.070224,1988-08-28,,103.0,The Thin Blue Line,7.9,109.0,1988,,,,Unknown,,,1980,8,Summer,
,2469,es,10.788319,1989-12-12,,111.0,Tie Me Up! Tie Me Down!,7.0,102.0,1989,,,,Unknown,,,1980,12,Winter,
3000000.0,510,en,35.529554,1975-11-18,108981275.0,133.0,One Flew Over the Cuckoo's Nest,8.3,3001.0,1975,,,,Unknown,105981275.0,True,1970,11,Fall,False
,11455,en,7.194364,1978-01-01,41590893.0,86.0,Up in Smoke,6.7,201.0,1978,,,,Unknown,,,1970,1,Winter,False
18000000.0,1891,en,19.470959,1980-05-17,538400000.0,124.0,The Empire Strikes Back,8.2,5998.0,1980,,,,Unknown,520400000.0,True,1980,5,Spring,True
16000000.0,2493,en,15.15267,1987-09-18,30857814.0,98.0,The Princess Bride,7.6,1518.0,1987,,,,Unknown,14857814.0,True,1980,9,Fall,False
18000000.0,85,en,19.901576,1981-06-12,389925971.0,115.0,Raiders of the Lost Ark,7.7,3949.0,1981,,,,Unknown,371925971.0,True,1980,6,Summer,True
15000000.0,68,en,9.837287,1985-02-20,,132.0,Brazil,7.6,877.0,1985,,,,Unknown,,,1980,2,Winter,
18500000.0,679,en,21.761179,1986-07-18,183316455.0,137.0,Aliens,7.7,3282.0,1986,,,,Unknown,164816455.0,True,1980,7,Summer,False
1200000.0,429,it,16.788787,1966-12-23,6000000.0,161.0,"The Good, the Bad and the Ugly",8.1,2371.0,1966,,,,Unknown,4800000.0,True,1960,12,Winter,False
,13446,en,14.316459,1987-01-01,,107.0,Withnail & I,7.4,173.0,1987,,,,Unknown,,,1980,1,Winter,
350000.0,389,en,16.503959,1957-03-25,1000000.0,96.0,12 Angry Men,8.2,2130.0,1957,,,,Unknown,650000.0,True,1950,3,Spring,False
15000000.0,947,en,10.893332,1962-12-10,69995385.0,216.0,Lawrence of Arabia,7.8,870.0,1962,,,,Unknown,54995385.0,True,1960,12,Winter,False
2200000.0,185,en,17.112594,1971-12-18,26589000.0,136.0,A Clockwork Orange,8.0,3432.0,1971,,,,Unknown,24389000.0,True,1970,12,Winter,False
2000000.0,595,en,14.284787,1962-12-25,13129846.0,129.0,To Kill a Mockingbird,7.9,676.0,1962,,,,Unknown,11129846.0,True,1960,12,Winter,False
31500000.0,28,en,13.5963,1979-08-15,89460381.0,153.0,Apocalypse Now,8.0,2112.0,1979,,,,Unknown,57960381.0,True,1970,8,Summer,False
5000000.0,335,it,15.589351,1968-12-21,5321508.0,175.0,Once Upon a Time in the West,8.1,1160.0,1968,,,,Unknown,321508.0,True,1960,12,Winter,False
32350000.0,1892,en,14.586087,1983-05-23,572700000.0,135.0,Return of the Jedi,7.9,4763.0,1983,,,,Unknown,540350000.0,True,1980,5,Spring,True
2500000.0,144,de,6.357321,1987-01-01,3200000.0,128.0,Wings of Desire,7.5,256.0,1987,,,,Unknown,700000.0,True,1980,1,Winter,False
,1092,en,8.513889,1949-08-31,596349.0,104.0,The Third Man,7.9,431.0,1949,,,,Unknown,,,1940,8,Summer,False
25000000.0,769,en,15.424092,1990-09-12,46836394.0,145.0,GoodFellas,8.2,3211.0,1990,,,,Unknown,21836394.0,True,1990,9,Fall,False
11000000.0,348,en,23.37742,1979-05-25,104931801.0,117.0,Alien,7.9,4564.0,1979,,,,Unknown,93931801.0,True,1970,5,Spring,False
11000000.0,766,en,10.704612,1992-10-09,,81.0,Army of Darkness,7.3,852.0,1992,,,,Unknown,,,1990,10,Fall,
,175,fr,13.503815,1988-05-11,,168.0,The Big Blue,7.6,364.0,1988,,,,Unknown,,,1980,5,Spring,
11500000.0,11645,ja,12.250232,1985-06-01,4069653.0,162.0,Ran,7.9,349.0,1985,,,,Unknown,-7430347.0,False,1980,6,Summer,False
,10835,cn,8.019837,1989-07-06,,110.0,The Killer,7.6,179.0,1989,,,,Unknown,,,1980,7,Summer,
806948.0,539,en,36.826309,1960-06-16,32000000.0,109.0,Psycho,8.3,2405.0,1960,,,,Unknown,31193052.0,True,1960,6,Summer,False
27000000.0,525,en,10.076901,1980-06-17,115229890.0,133.0,The Blues Brothers,7.5,1092.0,1980,,,,Unknown,88229890.0,True,1980,6,Summer,False
13000000.0,240,en,36.629307,1974-12-20,47542841.0,200.0,The Godfather: Part II,8.3,3418.0,1974,,,,Unknown,34542841.0,True,1970,12,Winter,False
17000000.0,600,en,13.94148,1987-06-26,46357676.0,116.0,Full Metal Jacket,7.9,2595.0,1987,,,,Unknown,29357676.0,True,1980,6,Summer,False
18000000.0,279,en,12.677592,1984-10-26,51973029.0,160.0,Amadeus,7.8,1107.0,1984,,,,Unknown,33973029.0,True,1980,10,Fall,False
,3109,en,8.762386,1952-07-21,,129.0,The Quiet Man,7.3,118.0,1952,,,,Unknown,,,1950,7,Summer,
30000000.0,311,en,32.182851,1984-02-16,,229.0,Once Upon a Time in America,8.3,1104.0,1984,,,,Unknown,,,1980,2,Winter,
18000000.0,1578,en,8.868558,1980-11-14,23000000.0,129.0,Raging Bull,7.7,968.0,1980,,,,Unknown,5000000.0,True,1980,11,Fall,False
4000000.0,703,en,18.146043,1977-04-19,38251425.0,93.0,Annie Hall,7.8,1044.0,1977,,,,Unknown,34251425.0,True,1970,4,Spring,False
27000000.0,9549,en,14.902397,1983-10-20,21500000.0,193.0,The Right Stuff,7.4,241.0,1983,,,,Unknown,-5500000.0,False,1980,10,Fall,False
,1398,ru,7.787515,1979-04-16,,163.0,Stalker,7.8,356.0,1979,,,,Unknown,,,1970,4,Spring,
14000000.0,387,de,8.80338,1981-09-16,85000000.0,149.0,Das Boot,7.9,623.0,1981,,,,Unknown,71000000.0,True,1980,9,Fall,False
5500000.0,9277,en,12.016821,1973-12-25,159616327.0,129.0,The Sting,7.9,639.0,1973,,,,Unknown,154116327.0,True,1970,12,Winter,False
1200000.0,343,en,10.878112,1971-12-20,,91.0,Harold and Maude,7.7,266.0,1971,,,,Unknown,,,1970,12,Winter,
,490,sv,6.47828,1957-02-16,,96.0,The Seventh Seal,7.9,569.0,1957,,,,Unknown,,,1950,2,Winter,
6400000.0,218,en,19.293562,1984-10-26,78371200.0,108.0,The Terminator,7.4,4208.0,1984,,,,Unknown,71971200.0,True,1980,10,Fall,False
3000000.0,763,en,13.645568,1992-08-13,242623.0,104.0,Braindead,7.4,388.0,1992,,,,Unknown,-2757377.0,False,1990,8,Summer,False
18000000.0,9665,en,7.521346,1989-12-15,26828365.0,122.0,Glory,7.4,391.0,1989,,,,Unknown,8828365.0,True,1980,12,Winter,False
,696,en,12.050759,1979-04-25,39946780.0,96.0,Manhattan,7.8,600.0,1979,,,,Unknown,,,1970,4,Spring,False
14000000.0,379,en,7.495853,1990-09-21,5080409.0,115.0,Miller's Crossing,7.5,431.0,1990,,,,Unknown,-8919591.0,False,1990,9,Fall,False
16400000.0,207,en,19.905716,1989-06-02,235860116.0,129.0,Dead Poets Society,8.1,2786.0,1989,,,,Unknown,219460116.0,True,1980,6,Summer,False
3000000.0,37247,en,12.057829,1967-12-21,104945305.0,106.0,The Graduate,7.6,855.0,1967,,,,Unknown,101945305.0,True,1960,12,Winter,False
829000.0,1480,en,9.665347,1958-04-23,2247465.0,95.0,Touch of Evil,7.6,292.0,1958,,,,Unknown,1418465.0,True,1950,4,Spring,False
,9322,fr,6.586401,1990-02-21,5000000.0,115.0,La Femme Nikita,7.0,511.0,1990,,,,Unknown,,,1990,2,Winter,False
3000000.0,826,en,8.851646,1957-10-02,27200000.0,161.0,The Bridge on the River Kwai,7.7,554.0,1957,,,,Unknown,24200000.0,True,1950,10,Fall,False
,422,it,6.747516,1963-02-14,,138.0,8½,7.9,427.0,1963,,,,Unknown,,,1960,2,Winter,
6000000.0,829,en,12.29227,1974-06-20,30000000.0,130.0,Chinatown,7.9,939.0,1974,,,,Unknown,24000000.0,True,1970,6,Summer,False
1200000.0,828,en,9.360003,1951-09-17,,92.0,The Day the Earth Stood Still,7.3,323.0,1951,,,,Unknown,,,1950,9,Fall,
3800000.0,3090,en,8.070589,1948-01-24,4307000.0,126.0,The Treasure of the Sierra Madre,7.9,285.0,1948,,,,Unknown,507000.0,True,1940,1,Winter,False
25710.0,9964,en,7.409599,1987-12-01,,91.0,Bad Taste,6.4,196.0,1987,,,,Unknown,,,1980,12,Winter,
,3063,en,6.819957,1933-11-17,,68.0,Duck Soup,7.6,170.0,1933,,,,Unknown,,,1930,11,Fall,
,13667,en,8.994189,1985-10-11,10297601.0,97.0,Better Off Dead...,6.8,164.0,1985,,,,Unknown,,,1980,10,Fall,False
19000000.0,694,en,19.611589,1980-05-22,44017374.0,144.0,The Shining,8.1,3890.0,1980,,,,Unknown,25017374.0,True,1980,5,Spring,False
8000000.0,235,en,15.206957,1986-08-22,52287414.0,89.0,Stand by Me,7.8,1568.0,1986,,,,Unknown,44287414.0,True,1980,8,Summer,False
,832,de,12.752421,1931-05-11,,117.0,M,8.0,465.0,1931,,,,Unknown,,,1930,5,Spring,
3600000.0,765,en,13.520764,1987-03-13,5923044.0,84.0,Evil Dead II,7.5,760.0,1987,,,,Unknown,2323044.0,True,1980,3,Spring,False
4000000.0,5925,en,14.384114,1963-06-20,11744471.0,172.0,The Great Escape,7.8,731.0,1963,,,,Unknown,7744471.0,True,1960,6,Summer,False
15000000.0,11778,en,7.729445,1978-12-08,50000000.0,183.0,The Deer Hunter,7.8,943.0,1978,,,,Unknown,35000000.0,True,1970,12,Winter,False
14600000.0,137,en,12.989627,1993-02-11,70906973.0,101.0,Groundhog Day,7.4,2358.0,1993,,,,Unknown,56306973.0,True,1990,2,Winter,False
14000000.0,33,en,10.942149,1992-08-07,159157447.0,131.0,Unforgiven,7.7,1133.0,1992,,,,Unknown,145157447.0,True,1990,8,Summer,False
80000000.0,982,en,7.991677,1962-10-24,96105910.0,126.0,The Manchurian Candidate,7.7,188.0,1962,,,,Unknown,16105910.0,True,1960,10,Fall,False
1120175.0,212,en,13.99011,1944-09-23,,118.0,Arsenic and Old Lace,7.4,234.0,1944,,,,Unknown,,,1940,9,Fall,
19000000.0,105,en,25.778509,1985-07-03,381109762.0,116.0,Back to the Future,8.0,6239.0,1985,,,,Unknown,362109762.0,True,1980,7,Summer,True
11000000.0,1633,en,6.584254,1991-12-27,119418501.0,130.0,Fried Green Tomatoes,7.6,298.0,1991,,,,Unknown,108418501.0,True,1990,12,Winter,False
12000000.0,11202,en,14.382289,1970-01-25,89800000.0,172.0,Patton,7.3,327.0,1970,,,,Unknown,77800000.0,True,1970,1,Winter,False
,1554,en,8.843551,1986-05-01,,107.0,Down by Law,7.2,149.0,1986,,,,Unknown,,,1980,5,Spring,
8000000.0,149,ja,10.888917,1988-07-16,553171.0,124.0,Akira,7.8,792.0,1988,,,,Unknown,-7446829.0,False,1980,7,Summer,False
16000000.0,8009,en,16.870392,1986-03-07,5900000.0,116.0,Highlander,6.8,642.0,1986,,,,Unknown,-10100000.0,False,1980,3,Spring,False
3000000.0,903,en,9.718713,1967-06-22,16217773.0,126.0,Cool Hand Luke,7.7,390.0,1967,,,,Unknown,13217773.0,True,1960,6,Summer,False
,11673,fr,5.0399,1990-03-28,,137.0,Cyrano de Bergerac,6.8,131.0,1990,,,,Unknown,,,1990,3,Spring,
2800000.0,3034,en,9.339316,1974-12-15,86273333.0,106.0,Young Frankenstein,7.7,880.0,1974,,,,Unknown,83473333.0,True,1970,12,Winter,False
3500000.0,339,en,8.291886,1991-10-03,2015810.0,129.0,Night on Earth,7.5,165.0,1991,,,,Unknown,-1484190.0,False,1990,10,Fall,False
,10404,zh,7.948888,1991-12-20,,125.0,Raise the Red Lantern,7.8,139.0,1991,,,,Unknown,,,1990,12,Winter,
2000000.0,914,en,9.241748,1940-10-15,11000000.0,125.0,The Great Dictator,8.1,756.0,1940,,,,Unknown,9000000.0,True,1940,10,Fall,False
2280000.0,756,en,8.03796,1940-11-13,83320000.0,124.0,Fantasia,7.2,831.0,1940,,,,Unknown,81040000.0,True,1940,11,Fall,False
730000.0,288,en,16.715935,1952-03-27,8000000.0,85.0,High Noon,7.6,343.0,1952,,,,Unknown,7270000.0,True,1950,3,Spring,False
,910,en,6.987617,1946-08-23,,116.0,The Big Sleep,7.6,244.0,1946,,,,Unknown,,,1940,8,Summer,
,2640,en,13.311827,1988-10-01,1108462.0,102.0,Heathers,7.3,387.0,1988,,,,Unknown,,,1980,10,Fall,False
5100000.0,16633,en,5.429213,1980-10-02,,103.0,Somewhere in Time,7.1,104.0,1980,,,,Unknown,,,1980,10,Fall,
15000000.0,665,en,14.319743,1959-12-26,146900000.0,212.0,Ben-Hur,7.5,660.0,1959,,,,Unknown,131900000.0,True,1950,12,Winter,False
2500000.0,11031,en,13.981499,1984-05-04,4736202.0,82.0,This Is Spinal Tap,7.6,413.0,1984,,,,Unknown,2236202.0,True,1980,5,Spring,False
,11314,en,8.802715,1982-06-06,1723872.0,87.0,Koyaanisqatsi,7.7,140.0,1982,,,,Unknown,,,1980,6,Summer,False
,15143,en,10.208658,1987-02-27,18553948.0,95.0,Some Kind of Wonderful,6.9,104.0,1987,,,,Unknown,,,1980,2,Winter,False
48000000.0,89,en,14.788987,1989-05-24,474171806.0,127.0,Indiana Jones and the Last Crusade,7.6,3221.0,1989,,,,Unknown,426171806.0,True,1980,5,Spring,True
,10322,en,12.320636,1979-12-19,30177511.0,130.0,Being There,7.7,243.0,1979,,,,Unknown,,,1970,12,Winter,False
22000000.0,783,en,12.383755,1982-11-30,77737889.0,191.0,Gandhi,7.4,730.0,1982,,,,Unknown,55737889.0,True,1980,11,Fall,False
3000000.0,11257,en,6.175166,1985-12-13,20966644.0,117.0,A Room with a View,6.9,164.0,1985,,,,Unknown,17966644.0,True,1980,12,Winter,False
,14370,en,11.959887,1985-08-07,13000000.0,106.0,Real Genius,6.6,121.0,1985,,,,Unknown,,,1980,8,Summer,False
12000000.0,12104,en,6.773407,1982-07-14,22244207.0,95.0,Pink Floyd: The Wall,7.7,363.0,1982,,,,Unknown,10244207.0,True,1980,7,Summer,False
14400000.0,625,en,11.460364,1984-11-02,34700291.0,141.0,The Killing Fields,7.5,180.0,1984,,,,Unknown,20300291.0,True,1980,11,Fall,False
1900000.0,830,en,6.379966,1956-03-15,3250000.0,98.0,Forbidden Planet,7.2,238.0,1956,,,,Unknown,1350000.0,True,1950,3,Spring,False
,2323,en,16.759454,1989-04-21,84431625.0,107.0,Field of Dreams,7.1,383.0,1989,,,,Unknown,,,1980,4,Spring,False
,983,en,6.189816,1975-12-03,,129.0,The Man Who Would Be King,7.6,148.0,1975,,,,Unknown,,,1970,12,Winter,
6000000.0,642,en,6.714577,1969-09-23,102308889.0,110.0,Butch Cassidy and the Sundance Kid,7.4,659.0,1969,,,,Unknown,96308889.0,True,1960,9,Fall,False
1746964.0,655,en,11.635837,1984-05-19,2181987.0,147.0,"Paris, Texas",7.7,282.0,1984,,,,Unknown,435023.0,True,1980,5,Spring,False
16000000.0,639,en,8.34322,1989-07-21,92823546.0,96.0,When Harry Met Sally...,7.3,974.0,1989,,,,Unknown,76823546.0,True,1980,7,Summer,False
50000000.0,8077,en,17.126768,1992-05-22,159773545.0,114.0,Alien³,6.2,1664.0,1992,,,,Unknown,109773545.0,True,1990,5,Spring,False
10000000.0,814,en,13.390802,1981-08-21,31973249.0,97.0,An American Werewolf in London,7.2,571.0,1981,,,,Unknown,21973249.0,True,1980,8,Summer,False
,11449,en,14.00318,1979-07-27,86432000.0,117.0,The Amityville Horror,6.2,192.0,1979,,,,Unknown,,,1970,7,Summer,False
2500000.0,571,en,11.591462,1963-03-28,11403529.0,119.0,The Birds,7.3,959.0,1963,,,,Unknown,8903529.0,True,1960,3,Spring,False
240000.0,8851,en,7.079055,1958-09-12,,86.0,The Blob,6.2,147.0,1958,,,,Unknown,,,1950,9,Fall,
40000000.0,6114,en,16.777675,1992-11-13,215862692.0,128.0,Dracula,7.1,1087.0,1992,,,,Unknown,175862692.0,True,1990,11,Fall,False
393750.0,229,en,7.000417,1935-04-21,,75.0,Bride of Frankenstein,7.4,208.0,1935,,,,Unknown,,,1930,4,Spring,
6000000.0,9529,en,12.721362,1992-10-16,25792310.0,99.0,Candyman,6.2,303.0,1992,,,,Unknown,19792310.0,True,1990,10,Fall,False
35000000.0,1598,en,10.302735,1991-11-15,182300000.0,128.0,Cape Fear,7.0,692.0,1991,,,,Unknown,147300000.0,True,1990,11,Fall,False
,11349,en,7.583191,1962-04-12,,105.0,Cape Fear,7.2,125.0,1962,,,,Unknown,,,1960,4,Spring,
1800000.0,7340,en,9.277692,1976-11-03,33800000.0,98.0,Carrie,7.0,977.0,1976,,,,Unknown,32000000.0,True,1970,11,Fall,False
1800000.0,377,en,13.694713,1984-11-14,25504513.0,91.0,A Nightmare on Elm Street,7.2,1212.0,1984,,,,Unknown,23704513.0,True,1980,11,Fall,False
,653,de,7.435873,1922-03-15,,94.0,Nosferatu,7.7,373.0,1922,,,,Unknown,,,1920,3,Spring,
2800000.0,794,en,16.641277,1976-06-06,60922980.0,111.0,The Omen,7.2,485.0,1976,,,,Unknown,58122980.0,True,1970,6,Summer,False
,145,da,8.558688,1996-05-13,3803298.0,159.0,Breaking the Waves,7.2,213.0,1996,,,,Unknown,,,1990,5,Spring,False
,2212,en,6.122067,1997-01-31,1179002.0,102.0,Nightwatch,6.2,104.0,1997,,,,Unknown,,,1990,1,Winter,False
46000000.0,199,en,8.808497,1996-11-21,150000000.0,111.0,Star Trek: First Contact,7.0,671.0,1996,,,,Unknown,104000000.0,True,1990,11,Fall,False
,7863,en,11.664053,1996-01-21,,105.0,Shine,7.3,136.0,1996,,,,Unknown,,,1990,1,Winter,
1000000.0,12498,en,9.475693,1996-08-30,24444121.0,135.0,Sling Blade,7.4,236.0,1996,,,,Unknown,23444121.0,True,1990,8,Summer,False
60000000.0,9279,en,7.898202,1996-11-15,129832389.0,89.0,Jingle All the Way,5.5,583.0,1996,,,,Unknown,69832389.0,True,1990,11,Fall,False
25000000.0,20539,en,9.412825,1996-11-27,,124.0,The Crucible,6.7,134.0,1996,,,,Unknown,,,1990,11,Fall,
54000000.0,11674,en,11.470748,1996-11-17,320689294.0,103.0,101 Dalmatians,5.6,722.0,1996,,,,Unknown,266689294.0,True,1990,11,Fall,True
70000000.0,1573,en,18.785984,1990-07-02,240031094.0,124.0,Die Hard 2,6.6,1920.0,1990,,,,Unknown,170031094.0,True,1990,7,Summer,False
35000000.0,152,en,8.277765,1979-12-06,139000000.0,132.0,Star Trek: The Motion Picture,6.2,541.0,1979,,,,Unknown,104000000.0,True,1970,12,Winter,False
27000000.0,174,en,5.90057,1991-12-05,96900000.0,113.0,Star Trek VI: The Undiscovered Country,6.7,421.0,1991,,,,Unknown,69900000.0,True,1990,12,Winter,False
30000000.0,172,en,12.308007,1989-06-09,70200000.0,107.0,Star Trek V: The Final Frontier,5.6,384.0,1989,,,,Unknown,40200000.0,True,1980,6,Summer,False
12000000.0,154,en,7.160236,1982-06-03,96800000.0,113.0,Star Trek II: The Wrath of Khan,7.3,688.0,1982,,,,Unknown,84800000.0,True,1980,6,Summer,False
18000000.0,157,en,6.197298,1984-05-31,87000000.0,105.0,Star Trek III: The Search for Spock,6.4,443.0,1984,,,,Unknown,69000000.0,True,1980,5,Spring,False
24000000.0,168,en,12.596956,1986-11-25,133000000.0,119.0,Star Trek IV: The Voyage Home,6.9,490.0,1986,,,,Unknown,109000000.0,True,1980,11,Fall,False
80000000.0,364,en,15.001681,1992-06-19,280000000.0,126.0,Batman Returns,6.6,1706.0,1992,,,,Unknown,200000000.0,True,1990,6,Summer,False
13000000.0,11967,en,9.905174,1988-08-12,44726644.0,107.0,Young Guns,6.6,262.0,1988,,,,Unknown,31726644.0,True,1980,8,Summer,False
20000000.0,9086,en,11.977636,1990-08-01,,132.0,Young Guns II,6.3,165.0,1990,,,,Unknown,,,1990,8,Summer,
6000000.0,621,en,7.854899,1978-07-07,181813770.0,110.0,Grease,7.2,1633.0,1978,,,,Unknown,175813770.0,True,1970,7,Summer,False
13200000.0,9037,en,14.202364,1982-06-11,15171476.0,115.0,Grease 2,4.9,185.0,1982,,,,Unknown,1971476.0,True,1980,6,Summer,False
12000000.0,10173,en,5.845712,1990-10-05,46044400.0,94.0,Marked for Death,5.6,100.0,1990,,,,Unknown,34044400.0,True,1990,10,Fall,False
35000000.0,8845,en,9.918269,1992-10-08,156563139.0,103.0,Under Siege,6.1,405.0,1992,,,,Unknown,121563139.0,True,1990,10,Fall,False
7000000.0,578,en,19.726114,1975-06-18,470654000.0,124.0,Jaws,7.5,2628.0,1975,,,,Unknown,463654000.0,True,1970,6,Summer,True
20000000.0,579,en,11.21306,1978-06-16,187884007.0,116.0,Jaws 2,5.9,412.0,1978,,,,Unknown,167884007.0,True,1970,6,Summer,False
20500000.0,17692,en,16.603041,1983-03-16,87987055.0,99.0,Jaws 3-D,4.2,266.0,1983,,,,Unknown,67487055.0,True,1980,3,Spring,False
70000000.0,75,en,15.63424,1996-12-12,101371017.0,106.0,Mars Attacks!,6.1,1544.0,1996,,,,Unknown,31371017.0,True,1990,12,Winter,False
50000000.0,9390,en,11.807601,1996-12-06,273552592.0,139.0,Jerry Maguire,6.7,941.0,1996,,,,Unknown,223552592.0,True,1990,12,Winter,False
6000000.0,378,en,14.011415,1987-03-01,29180280.0,94.0,Raising Arizona,7.2,548.0,1987,,,,Unknown,23180280.0,True,1980,3,Spring,False
,2322,en,7.207325,1992-09-09,105232691.0,126.0,Sneakers,6.7,301.0,1992,,,,Unknown,,,1990,9,Fall,False
23000000.0,9819,en,5.307984,1996-12-18,12803305.0,98.0,Marvin's Room,6.6,130.0,1996,,,,Unknown,-10196695.0,False,1990,12,Winter,False
12000000.0,3179,en,8.855685,1996-12-15,,81.0,Beavis and Butt-Head Do America,6.5,169.0,1996,,,,Unknown,,,1990,12,Winter,
14000000.0,4232,en,13.326443,1996-12-20,173046663.0,111.0,Scream,7.0,1520.0,1996,,,,Unknown,159046663.0,True,1990,12,Winter,False
40000000.0,9361,en,15.228794,1992-09-25,75505856.0,112.0,The Last of the Mohicans,7.1,747.0,1992,,,,Unknown,35505856.0,True,1990,9,Fall,False
,2928,en,9.473162,1996-12-25,119718203.0,105.0,Michael,5.5,174.0,1996,,,,Unknown,,,1990,12,Winter,False
,10549,en,9.994088,1996-12-25,,242.0,Hamlet,7.3,118.0,1996,,,,Unknown,,,1990,12,Winter,
55000000.0,8818,en,6.709803,1996-12-14,141047179.0,134.0,Evita,5.9,122.0,1996,,,,Unknown,86047179.0,True,1990,12,Winter,False
,36040,en,10.177086,1971-07-01,,95.0,Walkabout,7.4,111.0,1971,,,,Unknown,,,1970,7,Summer,
,9415,en,8.428986,1997-04-18,25804707.0,107.0,Murder at 1600,5.8,130.0,1997,,,,Unknown,,,1990,4,Spring,False
,9404,cn,9.206356,1996-02-10,21890845.0,107.0,First Strike,6.5,101.0,1996,,,,Unknown,,,1990,2,Winter,False
,9622,en,12.16305,1997-01-17,,88.0,Beverly Hills Ninja,5.5,176.0,1997,,,,Unknown,,,1990,1,Winter,
55000000.0,8860,en,10.519481,1997-01-16,31987563.0,117.0,Metro,5.3,136.0,1997,,,,Unknown,-23012437.0,False,1990,1,Winter,False
116000000.0,9619,en,7.240753,1997-02-07,178127760.0,108.0,Dante's Peak,5.8,445.0,1997,,,,Unknown,62127760.0,True,1990,2,Winter,False
,4104,en,10.597116,1993-04-16,23202734.0,98.0,Benny & Joon,6.9,220.0,1993,,,,Unknown,,,1990,4,Spring,False
,1968,en,6.285574,1997-02-14,29481428.0,109.0,Fools Rush In,5.8,133.0,1997,,,,Unknown,,,1990,2,Winter,False
50000000.0,66,en,7.66124,1997-02-14,50068310.0,121.0,Absolute Power,6.4,226.0,1997,,,,Unknown,68310.0,True,1990,2,Winter,False
25000000.0,11419,en,9.304901,1997-02-13,36400360.0,93.0,Vegas Vacation,6.0,175.0,1997,,,,Unknown,11400360.0,True,1990,2,Winter,False
15000000.0,638,en,8.449722,1997-01-15,3675201.0,134.0,Lost Highway,7.5,572.0,1997,,,,Unknown,-11324799.0,False,1990,1,Winter,False
35000000.0,9366,en,12.201954,1997-02-27,41954997.0,127.0,Donnie Brasco,7.4,1175.0,1997,,,,Unknown,6954997.0,True,1990,2,Winter,False
,9446,en,12.640569,1997-03-07,,97.0,Jungle 2 Jungle,4.9,122.0,1997,,,,Unknown,,,1990,3,Spring,
28000000.0,9403,en,10.928417,1997-03-07,41230799.0,109.0,Private Parts,6.7,106.0,1997,,,,Unknown,13230799.0,True,1990,3,Spring,False
68000000.0,10003,en,10.97633,1997-04-03,118063304.0,116.0,The Saint,5.9,310.0,1997,,,,Unknown,50063304.0,True,1990,4,Spring,False
10000000.0,884,en,7.540612,1996-07-17,,100.0,Crash,6.5,224.0,1996,,,,Unknown,,,1990,7,Summer,
45000000.0,1624,en,10.102471,1997-03-21,302710615.0,86.0,Liar Liar,6.4,1456.0,1997,,,,Unknown,257710615.0,True,1990,3,Spring,True
20000000.0,16052,en,7.390306,1997-03-21,60000000.0,127.0,Selena,7.1,115.0,1997,,,,Unknown,40000000.0,True,1990,3,Spring,False
90000000.0,4477,en,10.675073,1997-03-12,140807547.0,107.0,The Devil's Own,5.9,300.0,1997,,,,Unknown,50807547.0,True,1990,3,Spring,False
30000000.0,9405,en,5.452961,1997-04-04,,93.0,Double Team,4.4,163.0,1997,,,,Unknown,,,1990,4,Spring,
45000000.0,9360,en,14.386089,1997-04-11,136885767.0,89.0,Anaconda,4.8,624.0,1997,,,,Unknown,91885767.0,True,1990,4,Spring,False
,9434,en,7.556814,1997-04-11,28084357.0,107.0,Grosse Pointe Blank,6.9,278.0,1997,,,,Unknown,,,1990,4,Spring,False
,9611,en,5.889414,1997-04-25,29235353.0,92.0,Romy and Michele's High School Reunion,6.0,160.0,1997,,,,Unknown,,,1990,4,Spring,False
90000000.0,10357,en,13.147917,1997-04-25,,104.0,Volcano,5.2,387.0,1997,,,,Unknown,,,1990,4,Spring,
16500000.0,816,en,11.749159,1997-05-02,67683989.0,94.0,Austin Powers: International Man of Mystery,6.5,1033.0,1997,,,,Unknown,51183989.0,True,1990,5,Spring,False
36000000.0,2163,en,7.926621,1997-05-02,50159144.0,95.0,Breakdown,6.6,202.0,1997,,,,Unknown,14159144.0,True,1990,5,Spring,False
90000000.0,18,en,24.30526,1997-05-07,263920180.0,126.0,The Fifth Element,7.3,3962.0,1997,,,,Unknown,173920180.0,True,1990,5,Spring,False
,2058,en,8.085194,1997-05-23,34673095.0,100.0,Addicted to Love,6.1,112.0,1997,,,,Unknown,,,1990,5,Spring,False
73000000.0,330,en,0.788123,1997-05-23,229074524.0,129.0,The Lost World: Jurassic Park,6.2,2528.0,1997,,,,Unknown,156074524.0,True,1990,5,Spring,False
75000000.0,1701,en,11.545982,1997-06-01,224012234.0,115.0,Con Air,6.5,1289.0,1997,,,,Unknown,149012234.0,True,1990,6,Summer,False
160000000.0,1639,en,11.268531,1997-06-13,164508066.0,121.0,Speed 2: Cruise Control,4.1,439.0,1997,,,,Unknown,4508066.0,True,1990,6,Summer,False
125000000.0,415,en,17.038824,1997-06-20,238207122.0,125.0,Batman & Robin,4.2,1447.0,1997,,,,Unknown,113207122.0,True,1990,6,Summer,False
85000000.0,11970,en,14.048694,1997-06-26,252712101.0,93.0,Hercules,7.3,1741.0,1997,,,,Unknown,167712101.0,True,1990,6,Summer,False
38000000.0,8874,en,4.678572,1997-06-19,299288605.0,105.0,My Best Friend's Wedding,6.4,606.0,1997,,,,Unknown,261288605.0,True,1990,6,Summer,True
900000.0,266,fr,7.543337,1963-10-21,528428.0,103.0,Contempt,7.5,138.0,1963,,,,Unknown,-371572.0,False,1960,10,Fall,False
80000000.0,754,en,11.467391,1997-06-27,245676146.0,138.0,Face/Off,6.8,1612.0,1997,,,,Unknown,165676146.0,True,1990,6,Summer,False
90000000.0,607,en,15.781024,1997-07-02,589390539.0,98.0,Men in Black,6.9,4521.0,1997,,,,Unknown,499390539.0,True,1990,7,Summer,True
90000000.0,686,en,14.374866,1997-07-11,171120329.0,150.0,Contact,7.2,1338.0,1997,,,,Unknown,81120329.0,True,1990,7,Summer,False
50000000.0,4421,en,9.37934,1997-08-22,48169156.0,125.0,G.I. Jane,6.0,404.0,1997,,,,Unknown,-1830844.0,False,1990,8,Summer,False
20000000.0,9387,en,10.52008,1982-04-02,79114085.0,129.0,Conan the Barbarian,6.6,663.0,1982,,,,Unknown,59114085.0,True,1980,4,Spring,False
55000000.0,10603,en,9.559685,1997-07-15,,92.0,George of the Jungle,5.4,508.0,1997,,,,Unknown,,,1990,7,Summer,
15000000.0,2142,en,9.15931,1997-08-15,44862187.0,104.0,Cop Land,6.6,384.0,1997,,,,Unknown,29862187.0,True,1990,8,Summer,False
60000000.0,8413,en,11.335072,1997-08-15,26673242.0,96.0,Event Horizon,6.4,752.0,1997,,,,Unknown,-33326758.0,False,1990,8,Summer,False
40000000.0,10336,en,11.366417,1997-07-31,87840042.0,96.0,Spawn,5.0,344.0,1997,,,,Unknown,47840042.0,True,1990,7,Summer,False
3000000.0,20737,en,9.407128,1997-08-01,23144499.0,98.0,Air Bud,5.3,108.0,1997,,,,Unknown,20144499.0,True,1990,8,Summer,False
19000000.0,9413,en,4.347079,1997-08-01,44332015.0,105.0,Picture Perfect,5.1,114.0,1997,,,,Unknown,25332015.0,True,1990,8,Summer,False
75000000.0,8834,en,14.261798,1997-08-07,136982834.0,135.0,Conspiracy Theory,6.5,440.0,1997,,,,Unknown,61982834.0,True,1990,8,Summer,False
30000000.0,4961,en,9.128905,1997-08-22,25480490.0,105.0,Mimic,5.7,255.0,1997,,,,Unknown,-4519510.0,False,1990,8,Summer,False
85000000.0,9772,en,12.173291,1997-07-25,315156409.0,124.0,Air Force One,6.2,859.0,1997,,,,Unknown,230156409.0,True,1990,7,Summer,True
20000000.0,6072,en,6.476493,1997-07-29,5716080.0,119.0,One Eight Seven,6.5,141.0,1997,,,,Unknown,-14283920.0,False,1990,7,Summer,False
30000000.0,1669,en,15.91126,1990-03-02,199200000.0,134.0,The Hunt for Red October,7.2,971.0,1990,,,,Unknown,169200000.0,True,1990,3,Spring,False
2500000.0,468,en,7.289727,1991-10-17,,104.0,My Own Private Idaho,7.1,218.0,1991,,,,Unknown,,,1990,10,Fall,
35000000.0,10806,en,9.949805,1997-09-10,,90.0,In & Out,6.3,181.0,1997,,,,Unknown,,,1990,9,Fall,
,9433,en,15.174973,1997-09-06,43312294.0,117.0,The Edge,6.8,359.0,1997,,,,Unknown,,,1990,9,Fall,False
50000000.0,6623,en,8.868114,1997-09-26,,124.0,The Peacemaker,5.8,263.0,1997,,,,Unknown,,,1990,9,Fall,
35000000.0,2118,en,10.989442,1997-09-19,126216940.0,138.0,L.A. Confidential,7.7,1340.0,1997,,,,Unknown,91216940.0,True,1990,9,Fall,False
70000000.0,978,en,11.483493,1997-09-12,131457682.0,136.0,Seven Years in Tibet,7.0,644.0,1997,,,,Unknown,61457682.0,True,1990,9,Fall,False
27000000.0,9437,en,12.235391,1997-10-03,60527873.0,115.0,Kiss the Girls,6.2,353.0,1997,,,,Unknown,33527873.0,True,1990,10,Fall,False
5000000.0,10351,en,5.215107,1997-09-19,15719109.0,90.0,Wishmaster,5.6,114.0,1997,,,,Unknown,10719109.0,True,1990,9,Fall,False
50000000.0,2649,en,14.825587,1997-09-12,109423648.0,129.0,The Game,7.5,1556.0,1997,,,,Unknown,59423648.0,True,1990,9,Fall,False
19000000.0,10155,en,7.923639,1997-10-03,6682098.0,125.0,U Turn,6.5,185.0,1997,,,,Unknown,-12317902.0,False,1990,10,Fall,False
18000000.0,68924,en,7.146352,1997-09-27,8038061.0,112.0,The Ice Storm,6.9,181.0,1997,,,,Unknown,-9961939.0,False,1990,9,Fall,False
250000.0,2255,en,12.311564,1997-04-04,12021272.0,113.0,Chasing Amy,6.7,441.0,1997,,,,Unknown,11771272.0,True,1990,4,Spring,False
3500000.0,9427,en,8.333322,1997-08-13,257850122.0,91.0,The Full Monty,6.9,372.0,1997,,,,Unknown,254350122.0,True,1990,8,Summer,False
17000000.0,3597,en,7.417157,1997-10-17,125586134.0,100.0,I Know What You Did Last Summer,5.6,698.0,1997,,,,Unknown,108586134.0,True,1990,10,Fall,False
57000000.0,1813,en,10.920124,1997-10-17,152944660.0,144.0,The Devil's Advocate,7.2,1414.0,1997,,,,Unknown,95944660.0,True,1990,10,Fall,False
36000000.0,782,en,12.89312,1997-09-07,12532777.0,106.0,Gattaca,7.5,1846.0,1997,,,,Unknown,-23467223.0,False,1990,9,Fall,False
,9827,en,10.754614,1998-01-23,5624282.0,91.0,Phantoms,5.2,110.0,1998,,,,Unknown,,,1990,1,Winter,False
12000000.0,8067,en,15.996171,1997-10-24,,103.0,A Life Less Ordinary,6.2,130.0,1997,,,,Unknown,,,1990,10,Fall,
10000000.0,10890,en,11.341505,1981-06-25,85300000.0,106.0,Stripes,6.5,253.0,1981,,,,Unknown,75300000.0,True,1980,6,Summer,False
18000000.0,1281,en,12.799853,1997-07-03,251212670.0,85.0,Bean,6.3,602.0,1997,,,,Unknown,233212670.0,True,1990,7,Summer,False
40000000.0,11975,en,6.683398,1997-11-18,45916769.0,135.0,The Rainmaker,6.7,239.0,1997,,,,Unknown,5916769.0,True,1990,11,Fall,False
15000000.0,4995,en,7.595679,1997-09-11,43101594.0,155.0,Boogie Nights,7.5,812.0,1997,,,,Unknown,28101594.0,True,1990,9,Fall,False
12000000.0,9281,en,10.312017,1985-02-08,68706993.0,113.0,Witness,7.0,390.0,1985,,,,Unknown,56706993.0,True,1980,2,Winter,False
105000000.0,563,en,14.412644,1997-11-06,121214377.0,129.0,Starship Troopers,6.7,1584.0,1997,,,,Unknown,16214377.0,True,1990,11,Fall,False
6000000.0,10215,en,9.7866,1998-04-23,58000000.0,99.0,Sliding Doors,6.6,363.0,1998,,,,Unknown,52000000.0,True,1990,4,Spring,False
30000000.0,9823,en,6.532498,1997-11-21,51376861.0,95.0,Mortal Kombat: Annihilation,3.8,225.0,1997,,,,Unknown,21376861.0,True,1990,11,Fall,False
60000000.0,37165,en,13.155901,1998-06-04,264118201.0,103.0,The Truman Show,7.8,4702.0,1998,,,,Unknown,204118201.0,True,1990,6,Summer,False
60000000.0,4824,en,11.131917,1997-11-14,159330280.0,124.0,The Jackal,6.1,536.0,1997,,,,Unknown,99330280.0,True,1990,11,Fall,False
53000000.0,9444,en,11.911173,1997-11-20,139804348.0,94.0,Anastasia,7.4,1481.0,1997,,,,Unknown,86804348.0,True,1990,11,Fall,False
20000000.0,9414,en,4.827771,1997-11-14,13801755.0,97.0,The Man Who Knew Too Little,6.5,126.0,1997,,,,Unknown,-6198245.0,False,1990,11,Fall,False
70000000.0,8078,en,15.57784,1997-11-12,162000000.0,109.0,Alien: Resurrection,5.9,1388.0,1997,,,,Unknown,92000000.0,True,1990,11,Fall,False
36000000.0,11831,en,2.263584,1997-12-03,74000000.0,155.0,Amistad,6.8,324.0,1997,,,,Unknown,38000000.0,True,1990,12,Winter,False
20000000.0,2639,en,6.280515,1997-08-26,10686841.0,96.0,Deconstructing Harry,7.3,188.0,1997,,,,Unknown,-9313159.0,False,1990,8,Summer,False
80000000.0,9574,en,7.016942,1997-11-26,177977226.0,93.0,Flubber,5.3,707.0,1997,,,,Unknown,97977226.0,True,1990,11,Fall,False
10000000.0,489,en,15.064833,1997-12-05,225933435.0,126.0,Good Will Hunting,7.9,2880.0,1997,,,,Unknown,215933435.0,True,1990,12,Winter,False
32000000.0,9714,en,8.04209,1997-12-12,79082515.0,102.0,Home Alone 3,5.1,632.0,1997,,,,Unknown,47082515.0,True,1990,12,Winter,False
35000000.0,8197,en,5.145907,1997-11-21,25105255.0,155.0,Midnight in the Garden of Good and Evil,6.3,161.0,1997,,,,Unknown,-9894745.0,False,1990,11,Fall,False
38000000.0,6283,en,6.456233,1997-12-19,122417389.0,98.0,MouseHunt,6.2,297.0,1997,,,,Unknown,84417389.0,True,1990,12,Winter,False
24000000.0,4233,en,11.264845,1997-12-09,172363301.0,120.0,Scream 2,6.1,856.0,1997,,,,Unknown,148363301.0,True,1990,12,Winter,False
5000000.0,10217,en,6.002992,1997-05-14,3263585.0,112.0,The Sweet Hereafter,6.8,108.0,1997,,,,Unknown,-1736415.0,False,1990,5,Spring,False
200000000.0,597,en,26.88907,1997-11-18,1845034188.0,194.0,Titanic,7.5,7770.0,1997,,,,Unknown,1645034188.0,True,1990,11,Fall,True
110000000.0,714,en,17.159576,1997-12-11,333011068.0,119.0,Tomorrow Never Dies,6.0,941.0,1997,,,,Unknown,223011068.0,True,1990,12,Winter,True
80000000.0,9922,en,6.537407,1997-12-25,17626234.0,177.0,The Postman,6.1,306.0,1997,,,,Unknown,-62373766.0,False,1990,12,Winter,False
60000000.0,547,en,7.685548,1998-05-14,186883563.0,170.0,The Horse Whisperer,6.7,296.0,1998,,,,Unknown,126883563.0,True,1990,5,Spring,False
12000000.0,184,en,16.415498,1997-12-24,39673162.0,154.0,Jackie Brown,7.3,1580.0,1997,,,,Unknown,27673162.0,True,1990,12,Winter,False
15000000.0,115,en,15.952524,1998-03-06,46189568.0,117.0,The Big Lebowski,7.8,3001.0,1998,,,,Unknown,31189568.0,True,1990,3,Spring,False
25000000.0,9410,en,9.941228,1998-01-19,55494066.0,111.0,Great Expectations,6.4,131.0,1998,,,,Unknown,30494066.0,True,1990,1,Winter,False
15000000.0,586,en,7.603652,1997-12-25,64256513.0,97.0,Wag the Dog,6.7,273.0,1997,,,,Unknown,49256513.0,True,1990,12,Winter,False
27000000.0,2666,en,12.851984,1998-02-27,27200316.0,100.0,Dark City,7.2,838.0,1998,,,,Unknown,200316.0,True,1990,2,Winter,False
70000000.0,11258,en,6.363405,1998-01-16,19870567.0,97.0,Hard Rain,5.5,181.0,1998,,,,Unknown,-50129433.0,False,1990,1,Winter,False
8000000.0,9490,en,7.022548,1998-01-16,17460020.0,82.0,Half Baked,6.4,179.0,1998,,,,Unknown,9460020.0,True,1990,1,Winter,False
,9411,en,6.381612,1998-01-16,25232289.0,124.0,Fallen,6.6,346.0,1998,,,,Unknown,,,1990,1,Winter,False
,11220,cn,5.470351,1995-09-06,,96.0,Fallen Angels,7.7,113.0,1995,,,,Unknown,,,1990,9,Fall,
25000000.0,6116,en,4.257516,1997-12-19,100000000.0,93.0,Spice World,4.7,124.0,1997,,,,Unknown,75000000.0,True,1990,12,Winter,False
45000000.0,9457,en,6.922458,1998-01-30,11203026.0,106.0,Deep Rising,6.0,155.0,1998,,,,Unknown,-33796974.0,False,1990,1,Winter,False
30000000.0,11702,en,9.384887,1998-02-06,19204929.0,87.0,The Replacement Killers,6.0,128.0,1998,,,,Unknown,-10795071.0,False,1990,2,Winter,False
28000000.0,11568,en,13.162168,1998-02-05,14051384.0,123.0,Blues Brothers 2000,5.2,166.0,1998,,,,Unknown,-13948616.0,False,1990,2,Winter,False
18000000.0,11003,en,8.884035,1998-02-13,123306987.0,95.0,The Wedding Singer,6.5,603.0,1998,,,,Unknown,105306987.0,True,1990,2,Winter,False
75000000.0,10153,en,7.124735,1998-02-13,13100000.0,134.0,Sphere,5.8,483.0,1998,,,,Unknown,-61900000.0,False,1990,2,Winter,False
50000000.0,2898,en,9.374049,1997-12-19,314178011.0,139.0,As Good as It Gets,7.2,946.0,1997,,,,Unknown,264178011.0,True,1990,12,Winter,True
1000000.0,9558,en,11.230031,1990-07-18,2554476.0,103.0,King of New York,6.5,130.0,1990,,,,Unknown,1554476.0,True,1990,7,Summer,False
60000000.0,11808,en,8.462364,1998-03-06,102367405.0,131.0,U.S. Marshals,6.2,383.0,1998,,,,Unknown,42367405.0,True,1990,3,Spring,False
,9313,en,7.960605,1998-03-12,,132.0,The Man in the Iron Mask,6.3,1052.0,1998,,,,Unknown,,,1990,3,Spring,
20000000.0,617,en,13.924623,1998-03-20,67200000.0,108.0,Wild Things,6.3,454.0,1998,,,,Unknown,47200000.0,True,1990,3,Spring,False
,5910,ja,5.044722,1997-09-03,,103.0,Fireworks,7.6,118.0,1997,,,,Unknown,,,1990,9,Fall,
80000000.0,2157,en,12.000579,1998-04-03,136159423.0,130.0,Lost in Space,5.0,395.0,1998,,,,Unknown,56159423.0,True,1990,4,Spring,False
60000000.0,8838,en,6.644644,1998-04-03,,111.0,Mercury Rising,6.0,374.0,1998,,,,Unknown,,,1990,4,Spring,
55000000.0,795,en,8.228219,1998-04-10,198685114.0,114.0,City of Angels,6.5,537.0,1998,,,,Unknown,143685114.0,True,1990,4,Spring,False
25000000.0,9469,en,13.06943,1998-05-01,21567853.0,136.0,He Got Game,6.7,140.0,1998,,,,Unknown,-3432147.0,False,1990,5,Spring,False
29000000.0,9449,en,14.924667,1997-12-05,,86.0,The Borrowers,5.8,136.0,1997,,,,Unknown,,,1990,12,Winter,
12716953.0,10622,cn,6.183021,1997-01-31,18814720.0,113.0,Mr. Nice Guy,6.2,129.0,1997,,,,Unknown,6097767.0,True,1990,1,Winter,False
35000000.0,10216,en,13.495247,1998-04-10,19165560.0,93.0,Species II,4.5,161.0,1998,,,,Unknown,-15834440.0,False,1990,4,Spring,False
13000000.0,9448,en,5.975082,1998-04-24,27007143.0,91.0,The Big Hit,6.1,112.0,1998,,,,Unknown,14007143.0,True,1990,4,Spring,False
,4415,en,12.238488,1998-05-01,14096321.0,134.0,Les Misérables,7.1,157.0,1998,,,,Unknown,,,1990,5,Spring,False
75000000.0,8656,en,11.644633,1998-05-08,140464664.0,120.0,Deep Impact,5.9,870.0,1998,,,,Unknown,65464664.0,True,1990,5,Spring,False
40000000.0,18937,en,13.02535,1998-05-15,38172500.0,86.0,Quest for Camelot,6.9,193.0,1998,,,,Unknown,-1827500.0,False,1990,5,Spring,False
130000000.0,929,en,11.295121,1998-05-20,379014294.0,139.0,Godzilla,5.3,1075.0,1998,,,,Unknown,249014294.0,True,1990,5,Spring,True
18500000.0,1878,en,9.220346,1998-05-22,10680275.0,118.0,Fear and Loathing in Las Vegas,7.2,1321.0,1998,,,,Unknown,-7819725.0,False,1990,5,Spring,False
60000000.0,1965,en,9.430812,1998-06-05,128038368.0,107.0,A Perfect Murder,6.3,320.0,1998,,,,Unknown,68038368.0,True,1990,6,Summer,False
70000000.0,6068,en,18.324219,1998-06-12,164000000.0,98.0,Six Days Seven Nights,5.6,343.0,1998,,,,Unknown,94000000.0,True,1990,6,Summer,False
10000000.0,15037,en,6.426937,1998-06-12,25605015.0,100.0,Can't Hardly Wait,6.1,122.0,1998,,,,Unknown,15605015.0,True,1990,6,Summer,False
180000.0,21334,fa,7.523517,1997-08-01,900000.0,89.0,Children of Heaven,7.8,113.0,1997,,,,Unknown,720000.0,True,1990,8,Summer,False
90000000.0,10674,en,21.180857,1998-06-18,304320254.0,88.0,Mulan,7.6,2089.0,1998,,,,Unknown,214320254.0,True,1990,6,Summer,True
66000000.0,846,en,12.311615,1998-06-19,189198313.0,121.0,The X Files,6.6,494.0,1998,,,,Unknown,123198313.0,True,1990,6,Summer,False
71000000.0,3050,en,9.439079,1998-06-22,294456605.0,85.0,Doctor Dolittle,5.4,705.0,1998,,,,Unknown,223456605.0,True,1990,6,Summer,True
48000000.0,1389,en,7.349812,1998-06-26,77745568.0,123.0,Out of Sight,6.5,338.0,1998,,,,Unknown,29745568.0,True,1990,6,Summer,False
,11020,en,6.811264,1975-09-02,,115.0,Picnic at Hanging Rock,7.1,156.0,1975,,,,Unknown,,,1970,9,Fall,
1500000.0,9464,en,9.167761,1998-01-20,2375097.0,110.0,Buffalo '66,7.2,172.0,1998,,,,Unknown,875097.0,True,1990,1,Winter,False
140000000.0,95,en,13.235112,1998-07-01,553799566.0,151.0,Armageddon,6.5,2540.0,1998,,,,Unknown,413799566.0,True,1990,7,Summer,True
140000000.0,944,en,14.470551,1998-07-10,285444603.0,127.0,Lethal Weapon 4,6.3,782.0,1998,,,,Unknown,145444603.0,True,1990,7,Summer,True
40000000.0,11551,en,10.03936,1998-07-10,54682547.0,110.0,Small Soldiers,6.2,522.0,1998,,,,Unknown,14682547.0,True,1990,7,Summer,False
60000.0,473,en,10.621362,1998-07-10,3221152.0,84.0,Pi,7.1,600.0,1998,,,,Unknown,3161152.0,True,1990,7,Summer,False
23000000.0,544,en,11.688958,1998-07-15,369884651.0,119.0,There's Something About Mary,6.5,1616.0,1998,,,,Unknown,346884651.0,True,1990,7,Summer,True
60000.0,10513,en,8.084953,1959-07-22,,79.0,Plan 9 from Outer Space,4.4,137.0,1959,,,,Unknown,,,1950,7,Summer,
1250000.0,143,en,15.235056,1930-04-29,,133.0,All Quiet on the Western Front,7.5,166.0,1930,,,,Unknown,,,1930,4,Spring,
1250000.0,28580,en,8.731331,1945-11-25,11000000.0,101.0,The Lost Weekend,7.4,115.0,1945,,,,Unknown,9750000.0,True,1940,11,Fall,False
2100000.0,887,en,6.069343,1946-12-25,23650000.0,172.0,The Best Years of Our Lives,7.6,148.0,1946,,,,Unknown,21550000.0,True,1940,12,Winter,False
1650000.0,11426,en,5.358582,1953-08-28,30500000.0,118.0,From Here to Eternity,7.2,137.0,1953,,,,Unknown,28850000.0,True,1950,8,Summer,False
910000.0,654,en,18.211093,1954-06-22,9600000.0,108.0,On the Waterfront,8.0,368.0,1954,,,,Unknown,8690000.0,True,1950,6,Summer,False
6000000.0,1725,en,8.389903,1961-10-18,43656822.0,152.0,West Side Story,7.0,399.0,1961,,,,Unknown,37656822.0,True,1960,10,Fall,False
2000000.0,10633,en,9.059617,1967-08-02,27379978.0,109.0,In the Heat of the Night,7.5,207.0,1967,,,,Unknown,25379978.0,True,1960,8,Summer,False
10000000.0,17917,en,8.630078,1968-09-26,37402877.0,153.0,Oliver!,7.0,106.0,1968,,,,Unknown,27402877.0,True,1960,9,Fall,False
3600000.0,3116,en,10.579988,1969-05-25,44785053.0,113.0,Midnight Cowboy,7.4,307.0,1969,,,,Unknown,41185053.0,True,1960,5,Spring,False
1800000.0,1051,en,6.694959,1971-10-09,41158757.0,104.0,The French Connection,7.4,435.0,1971,,,,Unknown,39358757.0,True,1970,10,Fall,False
1000000.0,1366,en,14.774066,1976-11-21,117235147.0,119.0,Rocky,7.5,1843.0,1976,,,,Unknown,116235147.0,True,1970,11,Fall,False
8000000.0,12102,en,9.741644,1979-12-18,106260000.0,105.0,Kramer vs. Kramer,7.4,483.0,1979,,,,Unknown,98260000.0,True,1970,12,Winter,False
6000000.0,16619,en,8.934661,1980-09-19,,124.0,Ordinary People,7.4,147.0,1980,,,,Unknown,,,1980,9,Fall,
5500000.0,9443,en,6.877698,1981-05-15,58972904.0,123.0,Chariots of Fire,6.9,213.0,1981,,,,Unknown,53472904.0,True,1980,5,Spring,False
8000000.0,11050,en,8.785209,1983-11-20,,132.0,Terms of Endearment,6.9,178.0,1983,,,,Unknown,,,1980,11,Fall,
31000000.0,606,en,14.004074,1985-12-20,128499205.0,161.0,Out of Africa,7.0,290.0,1985,,,,Unknown,97499205.0,True,1980,12,Winter,False
23000000.0,746,en,11.076971,1987-10-21,43984230.0,163.0,The Last Emperor,7.4,362.0,1987,,,,Unknown,20984230.0,True,1980,10,Fall,False
25000000.0,380,en,11.267467,1988-12-11,412800000.0,133.0,Rain Man,7.6,1762.0,1988,,,,Unknown,387800000.0,True,1980,12,Winter,True
7500000.0,403,en,10.703677,1989-12-13,145793296.0,99.0,Driving Miss Daisy,7.0,358.0,1989,,,,Unknown,138293296.0,True,1980,12,Winter,False
1500000.0,11485,en,9.15948,1969-08-18,,85.0,Take the Money and Run,7.0,177.0,1969,,,,Unknown,,,1960,8,Summer,
1500000.0,13820,en,6.357559,1984-02-20,2300000.0,92.0,Repo Man,6.7,146.0,1984,,,,Unknown,800000.0,True,1980,2,Winter,False
25000000.0,13597,en,13.009688,1986-06-27,12729917.0,101.0,Labyrinth,7.1,618.0,1986,,,,Unknown,-12270083.0,False,1980,6,Summer,False
1000000.0,2108,en,12.627678,1985-02-15,51525171.0,97.0,The Breakfast Club,7.8,2189.0,1985,,,,Unknown,50525171.0,True,1980,2,Winter,False
3000000.0,10014,en,8.668146,1985-10-31,29999213.0,87.0,A Nightmare on Elm Street Part 2: Freddy's Revenge,5.7,367.0,1985,,,,Unknown,26999213.0,True,1980,10,Fall,False
5000000.0,10072,en,10.035081,1987-02-27,44793222.0,96.0,A Nightmare on Elm Street 3: Dream Warriors,6.5,363.0,1987,,,,Unknown,39793222.0,True,1980,2,Winter,False
7000000.0,10131,en,8.120317,1988-08-19,72500000.0,99.0,A Nightmare on Elm Street 4: The Dream Master,5.8,287.0,1988,,,,Unknown,65500000.0,True,1980,8,Summer,False
8000000.0,10160,en,7.534739,1989-08-11,22168359.0,89.0,A Nightmare on Elm Street 5: The Dream Child,5.5,251.0,1989,,,,Unknown,14168359.0,True,1980,8,Summer,False
11000000.0,11284,en,11.560358,1991-09-05,34872033.0,89.0,Freddy's Dead: The Final Nightmare,5.1,280.0,1991,,,,Unknown,23872033.0,True,1990,9,Fall,False
550000.0,4488,en,12.146747,1980-05-09,59754601.0,95.0,Friday the 13th,6.4,622.0,1980,,,,Unknown,59204601.0,True,1980,5,Spring,False
1250000.0,9725,en,8.710824,1981-05-01,21722776.0,87.0,Friday the 13th Part 2,6.0,321.0,1981,,,,Unknown,20472776.0,True,1980,5,Spring,False
4000000.0,9728,en,7.99229,1982-08-13,36690067.0,95.0,Friday the 13th Part III,5.7,257.0,1982,,,,Unknown,32690067.0,True,1980,8,Summer,False
2600000.0,9730,en,10.175913,1984-04-13,32980880.0,91.0,Friday the 13th: The Final Chapter,5.9,241.0,1984,,,,Unknown,30380880.0,True,1980,4,Spring,False
2200000.0,9731,en,9.094477,1985-03-22,21930418.0,92.0,Friday the 13th: A New Beginning,5.1,200.0,1985,,,,Unknown,19730418.0,True,1980,3,Spring,False
3000000.0,10225,en,8.122042,1986-08-01,19472057.0,86.0,Friday the 13th Part VI: Jason Lives,5.7,219.0,1986,,,,Unknown,16472057.0,True,1980,8,Summer,False
2800000.0,10281,en,7.909022,1988-05-13,19170001.0,88.0,Friday the 13th Part VII: The New Blood,5.3,196.0,1988,,,,Unknown,16370001.0,True,1980,5,Spring,False
5000000.0,10283,en,7.743144,1989-07-28,14000000.0,100.0,Friday the 13th Part VIII: Jason Takes Manhattan,4.8,194.0,1989,,,,Unknown,9000000.0,True,1980,7,Summer,False
300000.0,948,en,13.672759,1978-10-25,70000000.0,91.0,Halloween,7.4,1066.0,1978,,,,Unknown,69700000.0,True,1970,10,Fall,False
2500000.0,11281,en,13.501144,1981-10-30,25533818.0,92.0,Halloween II,6.4,370.0,1981,,,,Unknown,23033818.0,True,1980,10,Fall,False
2500000.0,10676,en,6.066618,1982-10-22,14400000.0,98.0,Halloween III: Season of the Witch,5.0,232.0,1982,,,,Unknown,11900000.0,True,1980,10,Fall,False
5000000.0,11357,en,6.199806,1988-10-21,17768757.0,88.0,Halloween 4: The Return of Michael Myers,5.9,212.0,1988,,,,Unknown,12768757.0,True,1980,10,Fall,False
5000000.0,11361,en,6.585405,1989-10-12,11642254.0,96.0,Halloween 5: The Revenge of Michael Myers,5.3,187.0,1989,,,,Unknown,6642254.0,True,1980,10,Fall,False
9000000.0,10585,en,19.827546,1988-11-08,44196684.0,87.0,Child's Play,6.3,605.0,1988,,,,Unknown,35196684.0,True,1980,11,Fall,False
13000000.0,11186,en,14.310479,1990-11-09,35763605.0,84.0,Child's Play 2,5.8,323.0,1990,,,,Unknown,22763605.0,True,1990,11,Fall,False
13000000.0,11187,en,24.515462,1991-08-30,20560255.0,90.0,Child's Play 3,5.5,274.0,1991,,,,Unknown,7560255.0,True,1990,8,Summer,False
10700000.0,609,en,11.776326,1982-06-04,122200000.0,114.0,Poltergeist,7.1,811.0,1982,,,,Unknown,111500000.0,True,1980,6,Summer,False
19000000.0,11133,en,6.701138,1986-05-23,40996665.0,91.0,Poltergeist II: The Other Side,5.8,172.0,1986,,,,Unknown,21996665.0,True,1980,5,Spring,False
10500000.0,10306,en,7.977693,1988-06-10,14144000.0,98.0,Poltergeist III,4.6,127.0,1988,,,,Unknown,3644000.0,True,1980,6,Summer,False
8000000.0,9552,en,12.137595,1973-12-26,441306145.0,122.0,The Exorcist,7.5,2046.0,1973,,,,Unknown,433306145.0,True,1970,12,Winter,True
14000000.0,11586,en,8.266984,1977-06-17,30749142.0,118.0,Exorcist II: The Heretic,4.5,137.0,1977,,,,Unknown,16749142.0,True,1970,6,Summer,False
,11587,en,5.861032,1990-08-17,39024251.0,110.0,The Exorcist III,6.1,135.0,1990,,,,Unknown,,,1990,8,Summer,False
15000000.0,941,en,13.183804,1987-03-06,120207127.0,110.0,Lethal Weapon,7.0,1367.0,1987,,,,Unknown,105207127.0,True,1980,3,Spring,False
25000000.0,942,en,12.834276,1989-07-07,227853986.0,114.0,Lethal Weapon 2,6.7,1066.0,1989,,,,Unknown,202853986.0,True,1980,7,Summer,False
35000000.0,943,en,10.786007,1992-05-15,321731527.0,118.0,Lethal Weapon 3,6.4,824.0,1992,,,,Unknown,286731527.0,True,1990,5,Spring,True
11000000.0,927,en,11.333125,1984-06-07,153083102.0,106.0,Gremlins,6.9,1629.0,1984,,,,Unknown,142083102.0,True,1980,6,Summer,False
50000000.0,928,en,14.383185,1990-06-15,41482207.0,106.0,Gremlins 2: The New Batch,6.3,664.0,1990,,,,Unknown,-8517793.0,False,1990,6,Summer,False
19000000.0,9340,en,14.280703,1985-06-06,61503218.0,114.0,The Goonies,7.4,1563.0,1985,,,,Unknown,42503218.0,True,1980,6,Summer,False
95000000.0,9342,en,11.348096,1998-07-16,250288523.0,136.0,The Mask of Zorro,6.3,1211.0,1998,,,,Unknown,155288523.0,True,1990,7,Summer,False
,12101,en,7.630456,1973-04-19,3600000.0,97.0,Soylent Green,6.8,305.0,1973,,,,Unknown,,,1970,4,Spring,False
92620000.0,19,de,14.487867,1927-01-10,650422.0,153.0,Metropolis,8.0,666.0,1927,,,,Unknown,-91969578.0,False,1920,1,Winter,False
40000000.0,165,en,13.689855,1989-11-20,332000000.0,108.0,Back to the Future Part II,7.4,3926.0,1989,,,,Unknown,292000000.0,True,1980,11,Fall,True
40000000.0,196,en,13.043999,1990-05-25,244527583.0,118.0,Back to the Future Part III,7.1,2978.0,1990,,,,Unknown,204527583.0,True,1990,5,Spring,False
5000000.0,551,en,10.341849,1972-12-01,84563118.0,117.0,The Poseidon Adventure,7.3,274.0,1972,,,,Unknown,79563118.0,True,1970,12,Winter,False
858000.0,3170,en,13.698132,1942-08-14,267447150.0,70.0,Bambi,6.8,1450.0,1942,,,,Unknown,266589150.0,True,1940,8,Summer,False
2000000.0,346,ja,15.01777,1954-04-26,271841.0,207.0,Seven Samurai,8.2,892.0,1954,,,,Unknown,-1728159.0,False,1950,4,Spring,False
14000000.0,859,en,11.46781,1988-12-16,34670720.0,119.0,Dangerous Liaisons,7.1,267.0,1988,,,,Unknown,20670720.0,True,1980,12,Winter,False
40000000.0,841,en,9.261189,1984-12-14,30925690.0,137.0,Dune,6.5,576.0,1984,,,,Unknown,-9074310.0,False,1980,12,Winter,False
7000000.0,11051,en,11.370288,1988-08-12,8373585.0,164.0,The Last Temptation of Christ,7.0,206.0,1988,,,,Unknown,1373585.0,True,1980,8,Summer,False
54000000.0,242,en,17.185349,1990-12-24,136766062.0,162.0,The Godfather: Part III,7.1,1589.0,1990,,,,Unknown,82766062.0,True,1990,12,Winter,False
62000000.0,9769,en,10.618141,1997-09-27,1060056.0,137.0,Lolita,7.0,288.0,1997,,,,Unknown,-60939944.0,False,1990,9,Fall,False
15000000.0,9424,en,11.054751,1998-07-24,17507368.0,84.0,Disturbing Behavior,5.5,104.0,1998,,,,Unknown,2507368.0,True,1990,7,Summer,False
70000000.0,857,en,21.758054,1998-07-24,481840909.0,169.0,Saving Private Ryan,7.9,5148.0,1998,,,,Unknown,411840909.0,True,1990,7,Summer,True
25000000.0,10957,en,9.806685,1985-07-24,21288692.0,80.0,The Black Cauldron,6.5,228.0,1985,,,,Unknown,-3711308.0,False,1980,7,Summer,False
20000000.0,9570,en,7.499388,1979-12-18,35841901.0,98.0,The Black Hole,6.1,132.0,1979,,,,Unknown,15841901.0,True,1970,12,Winter,False
,11164,en,11.117131,1994-03-25,45610410.0,106.0,D2: The Mighty Ducks,5.8,135.0,1994,,,,Unknown,,,1990,3,Spring,False
,10122,en,5.526865,1986-07-30,18564613.0,90.0,Flight of the Navigator,6.9,227.0,1986,,,,Unknown,,,1980,7,Summer,False
14000000.0,9994,en,11.183924,1986-07-02,38625550.0,74.0,The Great Mouse Detective,6.9,334.0,1986,,,,Unknown,24625550.0,True,1980,7,Summer,False
28000000.0,10439,en,10.390708,1993-07-16,39514713.0,96.0,Hocus Pocus,6.5,491.0,1993,,,,Unknown,11514713.0,True,1990,7,Summer,False
40000000.0,11158,en,12.337898,1992-07-16,58662452.0,89.0,Honey I Blew Up the Kid,4.8,272.0,1992,,,,Unknown,18662452.0,True,1990,7,Summer,False
32000000.0,9354,en,12.358786,1989-06-22,222724172.0,93.0,"Honey, I Shrunk the Kids",6.1,756.0,1989,,,,Unknown,190724172.0,True,1980,6,Summer,False
50000000.0,9631,en,7.65502,1998-07-29,44547681.0,140.0,The Negotiator,6.8,593.0,1998,,,,Unknown,-5452319.0,False,1990,7,Summer,False
,9820,en,7.768828,1998-07-28,,127.0,The Parent Trap,6.8,768.0,1998,,,,Unknown,,,1990,7,Summer,
,14013,en,10.107454,1998-07-28,7027290.0,103.0,BASEketball,5.9,150.0,1998,,,,Unknown,,,1990,7,Summer,False
15000000.0,10849,en,6.133697,1985-03-01,10631333.0,82.0,The Purple Rose of Cairo,7.3,206.0,1985,,,,Unknown,-4368667.0,False,1980,3,Spring,False
,678,en,5.34379,1947-11-13,,97.0,Out of the Past,7.6,111.0,1947,,,,Unknown,,,1940,11,Fall,
11000000.0,907,en,8.489499,1965-12-22,111858363.0,197.0,Doctor Zhivago,7.4,252.0,1965,,,,Unknown,100858363.0,True,1960,12,Winter,False
,5961,sv,5.472431,1982-12-17,4971340.0,188.0,Fanny & Alexander,7.3,138.0,1982,,,,Unknown,,,1980,12,Winter,False
18000000.0,11974,en,7.889227,1989-02-17,36602000.0,101.0,The 'Burbs,6.6,312.0,1989,,,,Unknown,18602000.0,True,1980,2,Winter,False
6000000.0,793,en,7.882247,1986-08-01,8551228.0,120.0,Blue Velvet,7.7,758.0,1986,,,,Unknown,2551228.0,True,1980,8,Summer,False
4000000.0,9325,en,22.845448,1967-10-17,205843612.0,78.0,The Jungle Book,7.1,1791.0,1967,,,,Unknown,201843612.0,True,1960,10,Fall,False
,10340,en,12.994387,1955-06-16,93600000.0,76.0,Lady and the Tramp,6.9,1241.0,1955,,,,Unknown,,,1950,6,Summer,False
40000000.0,10144,en,17.496832,1989-11-17,222300000.0,83.0,The Little Mermaid,7.2,1921.0,1989,,,,Unknown,182300000.0,True,1980,11,Fall,False
10000000.0,10414,en,6.113646,1992-10-01,50752337.0,101.0,The Mighty Ducks,6.4,203.0,1992,,,,Unknown,40752337.0,True,1990,10,Fall,False
,10437,en,14.630571,1992-12-10,27281507.0,85.0,The Muppet Christmas Carol,7.2,217.0,1992,,,,Unknown,,,1990,12,Winter,False
4000000.0,12230,en,15.727519,1961-01-25,215880014.0,79.0,One Hundred and One Dalmatians,6.8,1643.0,1961,,,,Unknown,211880014.0,True,1960,1,Winter,False
4000000.0,10693,en,16.861533,1953-02-05,87404651.0,77.0,Peter Pan,7.0,1380.0,1953,,,,Unknown,83404651.0,True,1950,2,Winter,False
20000000.0,11335,en,9.126162,1980-12-12,,114.0,Popeye,5.3,157.0,1980,,,,Unknown,,,1980,12,Winter,
37931000.0,11135,en,1.562471,1990-11-16,47431461.0,77.0,The Rescuers Down Under,6.6,303.0,1990,,,,Unknown,9500461.0,True,1990,11,Fall,False
1200000.0,11319,en,11.32442,1977-06-22,71215869.0,78.0,The Rescuers,6.7,609.0,1977,,,,Unknown,70015869.0,True,1970,6,Summer,False
,15969,en,12.099799,1994-12-15,,69.0,The Return of Jafar,5.7,447.0,1994,,,,Unknown,,,1990,12,Winter,
25000000.0,13155,en,6.523262,1985-06-21,11137801.0,109.0,Return to Oz,6.6,122.0,1985,,,,Unknown,-13862199.0,False,1980,6,Summer,False
42000000.0,10249,en,10.536644,1991-06-21,62000000.0,108.0,The Rocketeer,6.3,265.0,1991,,,,Unknown,20000000.0,True,1990,6,Summer,False
6000000.0,10882,en,14.276169,1959-01-28,51000000.0,75.0,Sleeping Beauty,6.8,1332.0,1959,,,,Unknown,45000000.0,True,1950,1,Winter,False
8000000.0,2619,en,8.441602,1984-03-09,69821334.0,111.0,Splash,6.1,328.0,1984,,,,Unknown,61821334.0,True,1980,3,Spring,False
17000000.0,97,en,16.574021,1982-07-09,33000000.0,96.0,Tron,6.6,717.0,1982,,,,Unknown,16000000.0,True,1980,7,Summer,False
17000000.0,11675,en,8.619068,1998-08-05,55041738.0,86.0,Halloween: H20,5.7,306.0,1998,,,,Unknown,38041738.0,True,1990,8,Summer,False
,6471,en,5.873021,1979-12-14,73961419.0,94.0,The Jerk,7.0,272.0,1979,,,,Unknown,,,1970,12,Winter,False
,9442,en,5.515136,1982-05-21,18196170.0,89.0,Dead Men Don't Wear Plaid,6.5,104.0,1982,,,,Unknown,,,1980,5,Spring,False
10100000.0,11591,en,12.157229,1983-06-10,,93.0,The Man with Two Brains,6.2,131.0,1983,,,,Unknown,,,1980,6,Summer,
10000000.0,227,en,6.435926,1983-03-25,33697647.0,91.0,The Outsiders,6.9,293.0,1983,,,,Unknown,23697647.0,True,1980,3,Spring,False
28000000.0,87,en,15.802306,1984-05-23,333000000.0,118.0,Indiana Jones and the Temple of Doom,7.1,2841.0,1984,,,,Unknown,305000000.0,True,1980,5,Spring,True
4000000.0,123,en,7.914795,1978-11-15,30471420.0,132.0,The Lord of the Rings,6.1,187.0,1978,,,,Unknown,26471420.0,True,1970,11,Fall,False
,9314,en,11.513066,1984-10-10,,113.0,Nineteen Eighty-Four,6.8,311.0,1984,,,,Unknown,,,1980,10,Fall,
10000000.0,11336,en,11.194448,1983-10-21,20766616.0,103.0,The Dead Zone,6.9,320.0,1983,,,,Unknown,10766616.0,True,1980,10,Fall,False
10000000.0,9980,en,6.614078,1986-07-25,7433663.0,97.0,Maximum Overdrive,5.5,170.0,1986,,,,Unknown,-2566337.0,False,1980,7,Summer,False
,10657,en,10.560238,1993-08-27,,120.0,Needful Things,5.9,136.0,1993,,,,Unknown,,,1990,8,Summer,
5000000.0,10489,en,7.065626,1983-08-10,21200000.0,91.0,Cujo,5.7,194.0,1983,,,,Unknown,16200000.0,True,1980,8,Summer,False
800000.0,10823,en,11.84696,1984-03-09,14000000.0,93.0,Children of the Corn,5.6,243.0,1984,,,,Unknown,13200000.0,True,1980,3,Spring,False
13800000.0,11497,en,7.068389,1989-11-17,27100027.0,89.0,All Dogs Go to Heaven,6.3,244.0,1989,,,,Unknown,13300027.0,True,1980,11,Fall,False
30000000.0,2907,en,12.962525,1991-11-22,191502426.0,99.0,The Addams Family,6.7,871.0,1991,,,,Unknown,161502426.0,True,1990,11,Fall,False
26000000.0,9454,en,13.309701,1998-07-31,65705772.0,121.0,Ever After: A Cinderella Story,6.8,408.0,1998,,,,Unknown,39705772.0,True,1990,7,Summer,False
73000000.0,8688,en,11.604533,1998-08-07,103891409.0,98.0,Snake Eyes,5.8,331.0,1998,,,,Unknown,30891409.0,True,1990,8,Summer,False
7500000.0,396,en,5.564294,1966-06-21,33736689.0,131.0,Who's Afraid of Virginia Woolf?,7.8,199.0,1966,,,,Unknown,26236689.0,True,1960,6,Summer,False
,14367,en,7.230508,1987-07-01,34368475.0,102.0,Adventures in Babysitting,6.6,169.0,1987,,,,Unknown,,,1980,7,Summer,False
,11814,en,11.104542,1985-08-01,38934048.0,94.0,Weird Science,6.4,375.0,1985,,,,Unknown,,,1980,8,Summer,False
,15171,en,7.574372,1973-03-01,,94.0,Charlotte's Web,6.2,100.0,1973,,,,Unknown,,,1970,3,Spring,
1000000.0,11837,en,5.602126,1978-10-14,3713768.0,88.0,Watership Down,7.3,159.0,1978,,,,Unknown,2713768.0,True,1970,10,Fall,False
7000000.0,11704,en,10.812275,1982-06-17,14665733.0,82.0,The Secret of NIMH,7.5,186.0,1982,,,,Unknown,7665733.0,True,1980,6,Summer,False
15000000.0,11639,en,13.524001,1982-12-17,40577001.0,93.0,The Dark Crystal,7.3,233.0,1982,,,,Unknown,25577001.0,True,1980,12,Winter,False
9000000.0,4978,en,11.928545,1986-11-21,84542002.0,80.0,An American Tail,6.6,344.0,1986,,,,Unknown,75542002.0,True,1980,11,Fall,False
,10380,en,8.800701,1991-11-21,40766041.0,75.0,An American Tail: Fievel Goes West,6.2,180.0,1991,,,,Unknown,,,1990,11,Fall,False
25000000.0,11976,en,10.932786,1985-07-19,15502112.0,94.0,Legend,6.2,282.0,1985,,,,Unknown,-9497888.0,False,1980,7,Summer,False
6500000.0,15144,en,6.683723,1984-05-04,23686027.0,93.0,Sixteen Candles,6.9,455.0,1984,,,,Unknown,17186027.0,True,1980,5,Spring,False
,11522,en,8.568378,1986-02-28,40471663.0,96.0,Pretty in Pink,6.6,313.0,1986,,,,Unknown,,,1980,2,Winter,False
,11557,en,9.116245,1985-06-20,37803872.0,110.0,St. Elmo's Fire,6.0,133.0,1985,,,,Unknown,,,1980,6,Summer,False
3000000.0,11415,en,13.208902,1986-02-28,,93.0,House,5.8,144.0,1986,,,,Unknown,,,1980,2,Winter,
5000000.0,8393,en,10.973482,1980-09-10,60000000.0,109.0,The Gods Must Be Crazy,7.1,251.0,1980,,,,Unknown,55000000.0,True,1980,9,Fall,False
60000000.0,9320,en,9.562953,1998-08-13,48585416.0,89.0,The Avengers,4.4,205.0,1998,,,,Unknown,-11414584.0,False,1990,8,Summer,False
111000.0,10692,en,10.072668,1986-09-24,,83.0,Henry: Portrait of a Serial Killer,6.8,142.0,1986,,,,Unknown,,,1980,9,Fall,
3200000.0,805,en,11.504558,1968-06-12,33395426.0,136.0,Rosemary's Baby,7.5,892.0,1968,,,,Unknown,30195426.0,True,1960,6,Summer,False
27000000.0,34584,en,14.225919,1984-04-05,20158808.0,102.0,The NeverEnding Story,7.0,1031.0,1984,,,,Unknown,-6841192.0,False,1980,4,Spring,False
32000000.0,34636,en,6.658994,1990-10-24,16283667.0,89.0,The Neverending Story II: The Next Chapter,5.5,193.0,1990,,,,Unknown,-15716333.0,False,1990,10,Fall,False
45000000.0,36647,en,15.043454,1998-08-21,131183530.0,120.0,Blade,6.5,1950.0,1998,,,,Unknown,86183530.0,True,1990,8,Summer,False
15000000.0,4011,en,10.627364,1988-02-29,73326666.0,92.0,Beetlejuice,7.1,1475.0,1988,,,,Unknown,58326666.0,True,1980,2,Winter,False
1500000.0,1580,en,7.248676,1948-08-23,2200000.0,80.0,Rope,7.8,539.0,1948,,,,Unknown,700000.0,True,1940,8,Summer,False
3500000.0,573,en,5.316387,1972-05-25,12600000.0,116.0,Frenzy,7.2,162.0,1972,,,,Unknown,9100000.0,True,1970,5,Spring,False
3000000.0,5780,en,6.243248,1966-07-13,13000000.0,128.0,Torn Curtain,6.4,120.0,1966,,,,Unknown,10000000.0,True,1960,7,Summer,False
2135161.0,506,en,6.409094,1964-07-09,7000000.0,130.0,Marnie,7.2,233.0,1964,,,,Unknown,4864839.0,True,1960,7,Summer,False
1200000.0,22527,en,8.56081,1956-12-22,2000000.0,105.0,The Wrong Man,6.9,105.0,1956,,,,Unknown,800000.0,True,1950,12,Winter,False
2500000.0,574,en,12.547763,1956-06-01,10250000.0,120.0,The Man Who Knew Too Much,7.3,276.0,1956,,,,Unknown,7750000.0,True,1950,6,Summer,False
1200000.0,11219,en,6.486117,1955-10-03,7000000.0,99.0,The Trouble with Harry,6.9,152.0,1955,,,,Unknown,5800000.0,True,1950,10,Fall,False
1200000.0,845,en,15.41773,1951-06-18,7000000.0,101.0,Strangers on a Train,7.6,379.0,1951,,,,Unknown,5800000.0,True,1950,6,Summer,False
13000000.0,3682,en,8.736869,1998-08-28,16757163.0,106.0,54,5.5,138.0,1998,,,,Unknown,3757163.0,True,1990,8,Summer,False
35000000.0,847,en,9.918312,1988-05-01,57269863.0,126.0,Willow,6.9,484.0,1988,,,,Unknown,22269863.0,True,1980,5,Spring,False
25000000.0,117,en,11.062203,1987-06-02,76270454.0,119.0,The Untouchables,7.6,1424.0,1987,,,,Unknown,51270454.0,True,1980,6,Summer,False
1590000.0,13321,en,7.773354,1944-01-11,,96.0,Lifeboat,7.3,112.0,1944,,,,Unknown,,,1940,1,Winter,
,21734,en,8.007141,1943-01-16,,108.0,Shadow of a Doubt,7.5,219.0,1943,,,,Unknown,,,1940,1,Winter,
1103000.0,11462,en,5.660476,1941-11-14,4500000.0,99.0,Suspicion,7.1,140.0,1941,,,,Unknown,3397000.0,True,1940,11,Fall,False
,940,en,6.078088,1938-07-26,,96.0,The Lady Vanishes,7.5,183.0,1938,,,,Unknown,,,1930,7,Summer,
12000000.0,10220,en,8.783454,1998-09-11,22921898.0,121.0,Rounders,6.9,451.0,1998,,,,Unknown,10921898.0,True,1990,9,Fall,False
250000.0,431,en,12.095263,1997-09-09,501818.0,90.0,Cube,6.9,1101.0,1997,,,,Unknown,251818.0,True,1990,9,Fall,False
20000000.0,12626,en,8.627019,1987-12-16,51249404.0,133.0,Broadcast News,6.8,101.0,1987,,,,Unknown,31249404.0,True,1980,12,Winter,False
28000000.0,3525,en,8.318954,1988-12-20,103173635.0,114.0,Working Girl,6.5,242.0,1988,,,,Unknown,75173635.0,True,1980,12,Winter,False
,2028,en,6.953646,1989-04-14,20036737.0,100.0,Say Anything...,7.2,244.0,1989,,,,Unknown,,,1980,4,Spring,False
42000000.0,10699,en,5.584089,1992-10-02,,117.0,Hero,6.3,100.0,1992,,,,Unknown,,,1990,10,Fall,
,11597,en,5.923774,1992-12-18,23278931.0,118.0,Toys,5.0,173.0,1992,,,,Unknown,,,1990,12,Winter,False
20000000.0,5971,en,14.348459,1989-12-15,,106.0,We're No Angels,5.6,106.0,1989,,,,Unknown,,,1980,12,Winter,
40000000.0,881,en,12.330249,1992-12-11,243240178.0,138.0,A Few Good Men,7.1,899.0,1992,,,,Unknown,203240178.0,True,1990,12,Winter,False
38000000.0,4478,en,7.118123,1993-04-07,266614059.0,117.0,Indecent Proposal,5.8,300.0,1993,,,,Unknown,228614059.0,True,1990,4,Spring,False
33000000.0,2109,en,11.840557,1998-09-18,244386864.0,98.0,Rush Hour,6.8,1254.0,1998,,,,Unknown,211386864.0,True,1990,9,Fall,False
55000000.0,8195,en,9.672094,1998-09-25,41610884.0,122.0,Ronin,6.8,670.0,1998,,,,Unknown,-13389116.0,False,1990,9,Fall,False
14000000.0,9877,en,6.081401,1998-09-25,72527595.0,99.0,Urban Legend,5.6,293.0,1998,,,,Unknown,58527595.0,True,1990,9,Fall,False
23000000.0,11071,en,9.222871,1954-06-16,,94.0,Them!,6.8,111.0,1954,,,,Unknown,,,1950,6,Summer,
15000000.0,1091,en,16.83125,1982-06-25,19629760.0,109.0,The Thing,7.8,1629.0,1982,,,,Unknown,4629760.0,True,1980,6,Summer,False
8000000.0,10403,en,6.230854,1992-04-03,21706101.0,124.0,The Player,6.9,169.0,1992,,,,Unknown,13706101.0,True,1990,4,Spring,False
20000000.0,162,en,17.612244,1990-12-05,53000000.0,105.0,Edward Scissorhands,7.5,3731.0,1990,,,,Unknown,33000000.0,True,1990,12,Winter,False
60000000.0,8916,en,16.025625,1998-10-02,171757863.0,83.0,Antz,6.0,1320.0,1998,,,,Unknown,111757863.0,True,1990,10,Fall,False
17000000.0,9429,en,12.480685,1998-10-01,30331165.0,81.0,A Night at the Roxbury,5.9,202.0,1998,,,,Unknown,13331165.0,True,1990,10,Fall,False
85000000.0,12159,en,11.218378,1998-10-02,71485043.0,113.0,What Dreams May Come,6.8,596.0,1998,,,,Unknown,-13514957.0,False,1990,10,Fall,False
947000.0,30197,en,7.433784,1967-11-22,,88.0,The Producers,7.3,177.0,1967,,,,Unknown,,,1960,11,Fall,
11000000.0,10156,en,9.270492,1981-06-12,31672907.0,92.0,History of the World: Part I,6.5,205.0,1981,,,,Unknown,20672907.0,True,1980,6,Summer,False
11000000.0,10377,en,7.922216,1992-03-13,64088552.0,120.0,My Cousin Vinny,7.3,393.0,1992,,,,Unknown,53088552.0,True,1990,3,Spring,False
60000000.0,9713,en,5.403617,1998-10-08,,114.0,Holy Man,4.9,113.0,1998,,,,Unknown,,,1990,10,Fall,
28000000.0,4437,en,7.482865,1984-12-06,40400657.0,116.0,2010,6.6,290.0,1984,,,,Unknown,12400657.0,True,1980,12,Winter,False
5000000.0,1955,en,8.405672,1980-10-02,26010864.0,124.0,The Elephant Man,7.9,740.0,1980,,,,Unknown,21010864.0,True,1980,10,Fall,False
25000000.0,11932,en,13.018491,1998-10-16,50671850.0,89.0,Bride of Chucky,5.5,366.0,1998,,,,Unknown,25671850.0,True,1990,10,Fall,False
75000000.0,6435,en,7.757795,1998-10-16,46683377.0,104.0,Practical Magic,6.3,348.0,1998,,,,Unknown,-28316623.0,False,1990,10,Fall,False
3000000.0,10683,en,5.493697,1998-10-16,2807390.0,139.0,Happiness,7.4,197.0,1998,,,,Unknown,-192610.0,False,1990,10,Fall,False
14000000.0,9445,en,15.352714,1998-10-23,,107.0,Apt Pupil,6.2,168.0,1998,,,,Unknown,,,1990,10,Fall,
,2657,en,11.0874,1998-09-17,,124.0,Pleasantville,7.1,498.0,1998,,,,Unknown,,,1990,9,Fall,
75000000.0,9425,en,7.970031,1998-10-23,14567883.0,99.0,Soldier,6.1,226.0,1998,,,,Unknown,-60432117.0,False,1990,10,Fall,False
20000000.0,637,it,39.39497,1997-12-20,229400000.0,116.0,Life Is Beautiful,8.3,3643.0,1997,,,,Unknown,209400000.0,True,1990,12,Winter,False
1000000.0,8675,en,5.919725,1997-09-06,,94.0,Orgazmo,6.2,116.0,1997,,,,Unknown,,,1990,9,Fall,
20000000.0,9945,en,13.318722,1998-04-15,,108.0,Vampires,5.8,262.0,1998,,,,Unknown,,,1990,4,Spring,
20000000.0,73,en,18.157166,1998-10-30,23875127.0,119.0,American History X,8.2,3120.0,1998,,,,Unknown,3875127.0,True,1990,10,Fall,False
70000000.0,9882,en,9.019114,1998-11-06,116672912.0,116.0,The Siege,6.1,361.0,1998,,,,Unknown,46672912.0,True,1990,11,Fall,False
23000000.0,10663,en,9.461823,1998-11-06,185991646.0,90.0,The Waterboy,5.9,521.0,1998,,,,Unknown,162991646.0,True,1990,11,Fall,False
30000000.0,4518,en,7.566321,1998-09-13,82150642.0,124.0,Elizabeth,7.2,346.0,1998,,,,Unknown,52150642.0,True,1990,9,Fall,False
,1808,en,16.5293,1998-10-23,1053788.0,119.0,Velvet Goldmine,6.9,119.0,1998,,,,Unknown,,,1990,10,Fall,False
65000000.0,3600,en,11.023042,1998-11-13,40002112.0,100.0,I Still Know What You Did Last Summer,5.1,381.0,1998,,,,Unknown,-24997888.0,False,1990,11,Fall,False
90000000.0,297,en,14.026744,1998-11-12,142940100.0,178.0,Meet Joe Black,6.9,1174.0,1998,,,,Unknown,52940100.0,True,1990,11,Fall,False
9000000.0,11893,en,15.236541,1985-11-15,7936012.0,111.0,Runaway Train,7.0,129.0,1985,,,,Unknown,-1063988.0,False,1980,11,Fall,False
4000000.0,14924,en,5.681582,1986-11-07,2826523.0,111.0,Sid & Nancy,7.0,106.0,1986,,,,Unknown,-1173477.0,False,1980,11,Fall,False
,19426,it,6.587353,1957-10-03,752045.0,110.0,Nights of Cabiria,7.9,122.0,1957,,,,Unknown,,,1950,10,Fall,False
,12560,en,11.620392,1983-09-09,,105.0,The Big Chill,6.8,124.0,1983,,,,Unknown,,,1980,9,Fall,
90000000.0,9798,en,12.978751,1998-11-20,250649836.0,132.0,Enemy of the State,6.7,1266.0,1998,,,,Unknown,160649836.0,True,1990,11,Fall,False
30000000.0,14444,en,5.154373,1998-11-20,100491683.0,79.0,The Rugrats Movie,5.8,149.0,1998,,,,Unknown,70491683.0,True,1990,11,Fall,False
120000000.0,9487,en,16.869209,1998-11-25,363258859.0,95.0,A Bug's Life,6.8,2379.0,1998,,,,Unknown,243258859.0,True,1990,11,Fall,True
,9466,en,5.704352,1998-09-07,,113.0,Celebrity,6.0,113.0,1998,,,,Unknown,,,1990,9,Fall,
2900000.0,666,pt,4.919716,1998-01-16,5596708.0,113.0,Central Station,7.6,132.0,1998,,,,Unknown,2696708.0,True,1990,1,Winter,False
1300000.0,309,da,6.064954,1998-05-20,,105.0,The Celebration,7.7,213.0,1998,,,,Unknown,,,1990,5,Spring,
12000.0,692,en,5.738871,1972-03-12,6000000.0,93.0,Pink Flamingos,6.2,111.0,1972,,,,Unknown,5988000.0,True,1970,3,Spring,False
1000000.0,1678,ja,13.153272,1954-11-03,,96.0,Godzilla,6.9,194.0,1954,,,,Unknown,,,1950,11,Fall,
672000.0,244,en,8.73274,1933-04-07,10000000.0,100.0,King Kong,7.7,346.0,1933,,,,Unknown,9328000.0,True,1930,4,Spring,False
23000000.0,10730,en,5.810716,1976-09-08,90614445.0,134.0,King Kong,5.9,179.0,1976,,,,Unknown,67614445.0,True,1970,9,Fall,False
8000000.0,9749,en,6.040486,1985-05-31,59612888.0,98.0,Fletch,6.8,210.0,1985,,,,Unknown,51612888.0,True,1980,5,Spring,False
17900000.0,9626,en,10.014248,1985-04-09,6948633.0,89.0,Red Sonja,5.0,211.0,1985,,,,Unknown,-10951367.0,False,1980,4,Spring,False
10000000.0,10466,en,7.054864,1986-03-15,54999651.0,91.0,The Money Pit,6.2,288.0,1986,,,,Unknown,44999651.0,True,1980,3,Spring,False
30000000.0,707,en,12.840798,1985-05-24,152427960.0,131.0,A View to a Kill,6.0,515.0,1985,,,,Unknown,122427960.0,True,1980,5,Spring,False
25000000.0,11954,en,13.561368,1985-06-20,,116.0,Lifeforce,6.2,136.0,1985,,,,Unknown,,,1980,6,Summer,
4500000.0,9336,en,8.354488,1984-03-22,146198896.0,96.0,Police Academy,6.5,614.0,1984,,,,Unknown,141698896.0,True,1980,3,Spring,False
,10157,en,9.021668,1985-03-28,55600000.0,87.0,Police Academy 2: Their First Assignment,5.6,349.0,1985,,,,Unknown,,,1980,3,Spring,False
,12118,en,7.10005,1986-03-20,43579163.0,83.0,Police Academy 3: Back in Training,5.5,259.0,1986,,,,Unknown,,,1980,3,Spring,False
,10587,en,5.952392,1987-04-02,28061343.0,88.0,Police Academy 4: Citizens on Patrol,4.9,261.0,1987,,,,Unknown,,,1980,4,Spring,False
,11825,en,10.278957,1988-03-17,19510371.0,90.0,Police Academy 5: Assignment Miami Beach,4.7,195.0,1988,,,,Unknown,,,1980,3,Spring,False
,11895,en,5.612379,1989-03-09,11567217.0,84.0,Police Academy 6: City Under Siege,4.7,183.0,1989,,,,Unknown,,,1980,3,Spring,False
90000000.0,9447,en,6.229629,1998-11-25,69131860.0,92.0,Babe: Pig in the City,5.3,312.0,1998,,,,Unknown,-20868140.0,False,1990,11,Fall,False
30000000.0,10029,en,10.432293,1998-09-11,9898412.0,100.0,Very Bad Things,6.2,182.0,1998,,,,Unknown,-20101588.0,False,1990,9,Fall,False
60000000.0,11252,en,6.715898,1998-12-04,37141130.0,105.0,Psycho,4.8,233.0,1998,,,,Unknown,-22858870.0,False,1990,12,Winter,False
,10223,en,5.765416,1998-12-11,,121.0,A Simple Plan,6.9,191.0,1998,,,,Unknown,,,1990,12,Winter,
27000000.0,9745,en,7.372419,1998-12-10,,101.0,Jack Frost,5.5,254.0,1998,,,,Unknown,,,1990,12,Winter,
70000000.0,200,en,9.538877,1998-12-10,118000000.0,103.0,Star Trek: Insurrection,6.3,402.0,1998,,,,Unknown,48000000.0,True,1990,12,Winter,False
70000000.0,9837,en,11.898185,1998-12-15,218613188.0,99.0,The Prince of Egypt,6.9,847.0,1998,,,,Unknown,148613188.0,True,1990,12,Winter,False
9000000.0,11545,en,5.997054,1998-09-17,17096053.0,93.0,Rushmore,7.5,688.0,1998,,,,Unknown,8096053.0,True,1990,9,Fall,False
25000000.0,1934,en,13.813155,1998-12-11,289317794.0,122.0,Shakespeare in Love,6.8,831.0,1998,,,,Unknown,264317794.0,True,1990,12,Winter,True
,11881,en,5.114032,1947-05-02,,96.0,Miracle on 34th Street,7.4,139.0,1947,,,,Unknown,,,1940,5,Spring,
,8879,en,9.385078,1985-06-28,41410568.0,115.0,Pale Rider,7.0,255.0,1985,,,,Unknown,,,1980,6,Summer,False
44000000.0,1369,en,11.924462,1985-05-21,300400432.0,96.0,Rambo: First Blood Part II,6.3,884.0,1985,,,,Unknown,256400432.0,True,1980,5,Spring,True
15000000.0,1368,en,14.778884,1982-10-22,125212904.0,93.0,First Blood,7.2,1523.0,1982,,,,Unknown,110212904.0,True,1980,10,Fall,False
63000000.0,1370,en,11.624866,1988-05-24,189015611.0,102.0,Rambo III,5.7,703.0,1988,,,,Unknown,126015611.0,True,1980,5,Spring,False
25000000.0,10303,en,10.571841,1985-12-04,96773200.0,106.0,The Jewel of the Nile,6.0,289.0,1985,,,,Unknown,71773200.0,True,1980,12,Winter,False
10000000.0,9326,en,6.827193,1984-03-30,86572238.0,106.0,Romancing the Stone,6.6,477.0,1984,,,,Unknown,76572238.0,True,1980,3,Spring,False
,10328,en,5.773277,1985-06-21,85313124.0,117.0,Cocoon,6.5,329.0,1985,,,,Unknown,,,1980,6,Summer,False
17500000.0,11285,en,12.167265,1988-09-13,25024919.0,116.0,Cocoon: The Return,5.4,103.0,1988,,,,Unknown,7524919.0,True,1980,9,Fall,False
7000000.0,1367,en,11.789813,1979-06-15,200182160.0,119.0,Rocky II,6.9,948.0,1979,,,,Unknown,193182160.0,True,1970,6,Summer,False
17000000.0,1371,en,11.673366,1982-05-28,270000000.0,99.0,Rocky III,6.6,894.0,1982,,,,Unknown,253000000.0,True,1980,5,Spring,False
31000000.0,1374,en,10.25721,1985-11-21,300473716.0,91.0,Rocky IV,6.6,984.0,1985,,,,Unknown,269473716.0,True,1980,11,Fall,True
42000000.0,1375,en,14.007329,1990-10-18,119946358.0,104.0,Rocky V,5.3,688.0,1990,,,,Unknown,77946358.0,True,1990,10,Fall,False
15000000.0,15196,en,7.720009,1985-12-13,14643997.0,94.0,Clue,7.1,377.0,1985,,,,Unknown,-356003.0,False,1980,12,Winter,False
18000000.0,11904,en,5.203452,1985-12-04,,109.0,Young Sherlock Holmes,6.7,172.0,1985,,,,Unknown,,,1980,12,Winter,
,15596,en,6.669879,1986-06-13,91258000.0,96.0,Back to School,6.4,113.0,1986,,,,Unknown,,,1980,6,Summer,False
8000000.0,1885,en,7.64499,1984-06-22,90815558.0,126.0,The Karate Kid,6.9,913.0,1984,,,,Unknown,82815558.0,True,1980,6,Summer,False
,10495,en,6.441664,1989-06-29,38956288.0,112.0,"The Karate Kid, Part III",5.5,311.0,1989,,,,Unknown,,,1980,6,Summer,False
27000000.0,5825,en,9.802574,1989-12-01,71320000.0,97.0,National Lampoon's Christmas Vacation,7.1,668.0,1989,,,,Unknown,44320000.0,True,1980,12,Winter,False
65000000.0,9489,en,10.237996,1998-12-17,250821495.0,119.0,You've Got Mail,6.3,859.0,1998,,,,Unknown,185821495.0,True,1990,12,Winter,False
52000000.0,8741,en,9.783966,1998-12-25,98126565.0,170.0,The Thin Red Line,7.2,793.0,1998,,,,Unknown,46126565.0,True,1990,12,Winter,False
15000000.0,9276,en,13.462253,1998-12-25,40283321.0,104.0,The Faculty,6.2,500.0,1998,,,,Unknown,25283321.0,True,1990,12,Winter,False
90000000.0,9822,en,6.939576,1998-12-25,,114.0,Mighty Joe Young,5.9,208.0,1998,,,,Unknown,,,1990,12,Winter,
50000000.0,10312,en,12.52181,1998-12-25,202292902.0,115.0,Patch Adams,7.0,863.0,1998,,,,Unknown,152292902.0,True,1990,12,Winter,False
,9441,en,7.17892,1998-12-25,,124.0,Stepmom,6.9,286.0,1998,,,,Unknown,,,1990,12,Winter,
70000000.0,9422,pt,9.353499,1998-03-05,56702901.0,115.0,A Civil Action,6.1,113.0,1998,,,,Unknown,-13297099.0,False,1990,3,Spring,False
,14709,en,9.162643,1999-01-15,,106.0,Varsity Blues,6.0,126.0,1999,,,,Unknown,,,1990,1,Winter,
75000000.0,9423,en,7.116537,1999-01-14,14010690.0,99.0,Virus,5.0,151.0,1999,,,,Unknown,-60989310.0,False,1990,1,Winter,False
37000000.0,10658,en,10.722672,1986-08-01,37962774.0,110.0,Howard the Duck,5.1,227.0,1986,,,,Unknown,962774.0,True,1980,8,Summer,False
2500000.0,6917,en,4.742709,1987-04-21,,85.0,The Gate,5.9,107.0,1987,,,,Unknown,,,1980,4,Spring,
700000.0,11815,en,8.407369,1958-07-16,3000000.0,94.0,The Fly,6.9,129.0,1958,,,,Unknown,2300000.0,True,1950,7,Summer,False
15000000.0,9426,en,13.534589,1986-08-15,60629159.0,96.0,The Fly,7.1,1038.0,1986,,,,Unknown,45629159.0,True,1980,8,Summer,False
,10344,en,9.207436,1989-02-10,38903179.0,105.0,The Fly II,5.2,159.0,1989,,,,Unknown,,,1980,2,Winter,False
85000.0,30497,en,15.526413,1974-10-01,30859000.0,83.0,The Texas Chain Saw Massacre,7.1,617.0,1974,,,,Unknown,30774000.0,True,1970,10,Fall,False
4700000.0,16337,en,9.501011,1986-08-22,8025872.0,101.0,The Texas Chainsaw Massacre 2,5.8,142.0,1986,,,,Unknown,3325872.0,True,1980,8,Summer,False
,12151,en,7.427491,1986-06-26,71624879.0,93.0,Ruthless People,6.7,104.0,1986,,,,Unknown,,,1980,6,Summer,False
20000000.0,192,en,11.469751,1986-09-24,77200000.0,130.0,The Name of the Rose,7.2,739.0,1986,,,,Unknown,57200000.0,True,1980,9,Fall,False
18000000.0,10013,en,7.471655,1986-10-05,41382841.0,103.0,Peggy Sue Got Married,5.9,138.0,1986,,,,Unknown,23382841.0,True,1980,10,Fall,False
5000000.0,9671,en,7.791212,1986-09-26,328203506.0,97.0,Crocodile Dundee,6.3,512.0,1986,,,,Unknown,323203506.0,True,1980,9,Fall,True
,9396,en,8.948565,1988-05-19,239606210.0,110.0,Crocodile Dundee II,5.5,310.0,1988,,,,Unknown,,,1980,5,Spring,False
13800000.0,11873,en,11.613655,1986-10-07,52293982.0,119.0,The Color of Money,6.7,297.0,1986,,,,Unknown,38493982.0,True,1980,10,Fall,False
15000000.0,10015,en,7.390012,1986-12-15,42724017.0,130.0,Heartbreak Ridge,6.5,270.0,1986,,,,Unknown,27724017.0,True,1980,12,Winter,False
25000000.0,8388,en,6.377624,1986-12-12,,102.0,¡Three Amigos!,6.3,287.0,1986,,,,Unknown,,,1980,12,Winter,
,10722,es,5.759423,1995-10-20,4367497.0,103.0,The Day of the Beast,6.9,106.0,1995,,,,Unknown,,,1990,10,Fall,False
10000000.0,10314,en,7.064982,1999-01-29,103166989.0,95.0,She's All That,5.7,425.0,1999,,,,Unknown,93166989.0,True,1990,1,Winter,False
150000.0,11167,en,7.229587,1960-04-06,83957.0,101.0,Peeping Tom,7.6,148.0,1960,,,,Unknown,-66043.0,False,1960,4,Spring,False
90000000.0,2112,en,9.112008,1999-02-05,161626121.0,100.0,Payback,6.7,557.0,1999,,,,Unknown,71626121.0,True,1990,2,Winter,False
,16306,fr,6.305008,1973-05-01,,72.0,Fantastic Planet,7.6,140.0,1973,,,,Unknown,,,1970,5,Spring,
35000000.0,11622,en,8.355977,1999-02-12,40263020.0,112.0,Blast from the Past,6.3,247.0,1999,,,,Unknown,5263020.0,True,1990,2,Winter,False
80000000.0,10207,en,5.101392,1999-02-22,118880016.0,131.0,Message in a Bottle,5.9,198.0,1999,,,,Unknown,38880016.0,True,1990,2,Winter,False
,13466,en,6.652528,1999-02-19,,108.0,October Sky,7.4,259.0,1999,,,,Unknown,,,1990,2,Winter,
10000000.0,1542,en,12.329066,1999-02-19,12827813.0,89.0,Office Space,7.4,1068.0,1999,,,,Unknown,2827813.0,True,1990,2,Winter,False
40000000.0,8224,en,7.473718,1999-02-26,96618699.0,123.0,8MM,6.1,479.0,1999,,,,Unknown,56618699.0,True,1990,2,Winter,False
,1847,en,7.204017,1973-03-07,,113.0,The Long Goodbye,7.3,112.0,1973,,,,Unknown,,,1970,3,Spring,
11500000.0,8913,en,8.365761,1989-04-21,57469467.0,103.0,Pet Sematary,6.4,417.0,1989,,,,Unknown,45969467.0,True,1980,4,Spring,False
8000000.0,10906,en,6.823445,1992-08-28,17092453.0,100.0,Pet Sematary II,5.0,107.0,1992,,,,Unknown,9092453.0,True,1990,8,Summer,False
,8769,en,7.106757,1983-12-08,21200000.0,110.0,Christine,6.5,392.0,1983,,,,Unknown,,,1980,12,Winter,False
200000.0,15856,en,5.738218,1959-02-17,,75.0,House on Haunted Hill,6.9,102.0,1959,,,,Unknown,,,1950,2,Winter,
14000000.0,5919,en,7.469056,1974-12-14,116000000.0,159.0,The Towering Inferno,7.1,230.0,1974,,,,Unknown,102000000.0,True,1970,12,Winter,False
,2362,en,6.529052,1973-10-22,,88.0,Westworld,6.7,345.0,1973,,,,Unknown,,,1970,10,Fall,
9000000.0,10803,en,6.842274,1976-06-23,25000000.0,119.0,Logan's Run,6.6,272.0,1976,,,,Unknown,16000000.0,True,1970,6,Summer,False
5800000.0,871,en,17.784978,1968-02-07,33395426.0,112.0,Planet of the Apes,7.5,958.0,1968,,,,Unknown,27595426.0,True,1960,2,Winter,False
3000000.0,1685,en,12.325947,1970-05-01,18999718.0,95.0,Beneath the Planet of the Apes,6.2,370.0,1970,,,,Unknown,15999718.0,True,1970,5,Spring,False
1700000.0,1705,en,11.644764,1973-06-15,8844595.0,93.0,Battle for the Planet of the Apes,5.5,220.0,1973,,,,Unknown,7144595.0,True,1970,6,Summer,False
1700000.0,1688,en,12.843375,1972-06-29,9700000.0,88.0,Conquest of the Planet of the Apes,6.1,243.0,1972,,,,Unknown,8000000.0,True,1970,6,Summer,False
2500000.0,1687,en,12.120267,1971-05-20,12348905.0,98.0,Escape from the Planet of the Apes,6.3,270.0,1971,,,,Unknown,9848905.0,True,1970,5,Spring,False
80000000.0,9535,en,7.634017,1999-03-05,176885658.0,103.0,Analyze This,6.4,512.0,1999,,,,Unknown,96885658.0,True,1990,3,Spring,False
10500000.0,796,en,8.181065,1999-03-05,75902208.0,97.0,Cruel Intentions,6.6,848.0,1999,,,,Unknown,65402208.0,True,1990,3,Spring,False
1350000.0,100,en,4.60786,1998-03-05,3897569.0,105.0,"Lock, Stock and Two Smoking Barrels",7.5,1671.0,1998,,,,Unknown,2547569.0,True,1990,3,Spring,False
,11772,en,10.461285,1963-09-18,,112.0,The Haunting,7.2,153.0,1963,,,,Unknown,,,1960,9,Fall,
13000000.0,9540,en,5.53202,1988-09-23,8038508.0,115.0,Dead Ringers,7.0,176.0,1988,,,,Unknown,-4961492.0,False,1980,9,Fall,False
75000000.0,1641,en,7.906035,1999-03-12,93888180.0,105.0,Forces of Nature,5.1,141.0,1999,,,,Unknown,18888180.0,True,1990,3,Spring,False
12000000.0,10212,en,5.486645,1999-03-16,,100.0,Ravenous,6.8,144.0,1999,,,,Unknown,,,1990,3,Spring,
,10354,en,11.600645,1999-03-19,,127.0,True Crime,6.3,146.0,1999,,,,Unknown,,,1990,3,Spring,
4550000.0,16520,en,7.630723,1956-06-29,21300000.0,133.0,The King and I,7.3,103.0,1956,,,,Unknown,16750000.0,True,1950,6,Summer,False
80000000.0,11374,en,7.48939,1999-03-26,,122.0,Edtv,5.7,168.0,1999,,,,Unknown,,,1990,3,Spring,
63000000.0,603,en,33.366332,1999-03-30,463517383.0,136.0,The Matrix,7.9,9079.0,1999,,,,Unknown,400517383.0,True,1990,3,Spring,True
16000000.0,4951,en,12.069966,1999-03-30,53478166.0,97.0,10 Things I Hate About You,7.3,1768.0,1999,,,,Unknown,37478166.0,True,1990,3,Spring,False
6000.0,11660,en,5.283661,1998-09-12,48482.0,69.0,Following,7.2,363.0,1998,,,,Unknown,42482.0,True,1990,9,Fall,False
6500000.0,9430,en,8.344282,1999-04-09,28451622.0,98.0,Go,7.0,198.0,1999,,,,Unknown,21951622.0,True,1990,4,Spring,False
25000000.0,11355,en,7.257679,1999-04-09,84565230.0,107.0,Never Been Kissed,5.8,378.0,1999,,,,Unknown,59565230.0,True,1990,4,Spring,False
80000000.0,6522,en,7.579444,1999-04-16,73345029.0,108.0,Life,6.4,179.0,1999,,,,Unknown,-6654971.0,False,1990,4,Spring,False
,22826,it,4.700084,1994-10-22,,112.0,The Monster,6.8,126.0,1994,,,,Unknown,,,1990,10,Fall,
2900000.0,1902,es,8.842959,1997-12-19,368234.0,117.0,Open Your Eyes,7.4,211.0,1997,,,,Unknown,-2531766.0,False,1990,12,Winter,False
33000000.0,12596,en,7.073467,1999-04-23,,124.0,Pushing Tin,5.7,117.0,1999,,,,Unknown,,,1990,4,Spring,
,9451,en,7.174396,1999-04-23,,99.0,Election,6.7,275.0,1999,,,,Unknown,,,1990,4,Spring,
15000000.0,1946,en,11.446138,1999-04-14,2856712.0,97.0,eXistenZ,6.7,487.0,1999,,,,Unknown,-12143288.0,False,1990,4,Spring,False
66000000.0,1844,en,10.62333,1999-04-29,212404396.0,112.0,Entrapment,6.0,613.0,1999,,,,Unknown,146404396.0,True,1990,4,Spring,False
25000000.0,6552,en,6.851628,1999-04-30,4152230.0,92.0,Idle Hands,6.1,183.0,1999,,,,Unknown,-20847770.0,False,1990,4,Spring,False
47000000.0,8592,en,8.304776,1990-06-15,103738726.0,103.0,Dick Tracy,5.9,258.0,1990,,,,Unknown,56738726.0,True,1990,6,Summer,False
80000000.0,564,en,23.984065,1999-04-16,415885488.0,124.0,The Mummy,6.6,2796.0,1999,,,,Unknown,335885488.0,True,1990,4,Spring,True
115000000.0,1893,en,15.649091,1999-05-19,924317558.0,136.0,Star Wars: Episode I - The Phantom Menace,6.4,4526.0,1999,,,,Unknown,809317558.0,True,1990,5,Spring,True
196000.0,15849,en,12.190044,1932-12-22,,73.0,The Mummy,6.9,121.0,1932,,,,Unknown,,,1930,12,Winter,
55000000.0,1924,en,15.460102,1978-12-13,300218018.0,143.0,Superman,6.9,1042.0,1978,,,,Unknown,245218018.0,True,1970,12,Winter,True
54000000.0,8536,en,10.301621,1980-12-04,190458706.0,127.0,Superman II,6.5,642.0,1980,,,,Unknown,136458706.0,True,1980,12,Winter,False
39000000.0,9531,en,9.614638,1983-06-17,75850624.0,125.0,Superman III,5.3,500.0,1983,,,,Unknown,36850624.0,True,1980,6,Summer,False
17000000.0,11411,en,7.990679,1987-07-23,19300000.0,90.0,Superman IV: The Quest for Peace,4.1,327.0,1987,,,,Unknown,2300000.0,True,1980,7,Summer,False
355000.0,138,en,7.503126,1931-02-12,1012189.0,72.0,Dracula,7.2,254.0,1931,,,,Unknown,657189.0,True,1930,2,Winter,False
291000.0,3035,en,8.091603,1931-11-21,12000000.0,71.0,Frankenstein,7.3,295.0,1931,,,,Unknown,11709000.0,True,1930,11,Fall,False
,13666,en,5.386984,1941-12-12,,70.0,The Wolf Man,7.2,124.0,1941,,,,Unknown,,,1940,12,Winter,
1200000.0,36685,en,8.699428,1975-08-14,112892319.0,100.0,The Rocky Horror Picture Show,7.4,703.0,1975,,,,Unknown,111692319.0,True,1970,8,Summer,False
,10785,en,5.466036,1951-04-29,,87.0,The Thing from Another World,6.9,142.0,1951,,,,Unknown,,,1950,4,Spring,
2000000.0,8974,en,5.609399,1953-08-13,2000000.0,85.0,The War of the Worlds,6.8,172.0,1953,,,,Unknown,0.0,False,1950,8,Summer,False
417000.0,11549,en,6.135431,1956-02-05,,80.0,Invasion of the Body Snatchers,7.3,277.0,1956,,,,Unknown,,,1950,2,Winter,
42000000.0,509,en,9.874043,1999-05-13,363889678.0,124.0,Notting Hill,7.0,1309.0,1999,,,,Unknown,321889678.0,True,1990,5,Spring,True
16000000.0,1090,en,9.356587,1999-04-16,18564088.0,100.0,The Thirteenth Floor,6.8,381.0,1999,,,,Unknown,2564088.0,True,1990,4,Spring,False
80000000.0,12117,en,6.236116,1999-06-04,,126.0,Instinct,6.3,149.0,1999,,,,Unknown,,,1990,6,Summer,
33000000.0,817,en,13.984182,1999-06-08,310940086.0,95.0,Austin Powers: The Spy Who Shagged Me,6.1,1034.0,1999,,,,Unknown,277940086.0,True,1990,6,Summer,True
18000000.0,14283,en,7.725843,1998-09-10,9495408.0,131.0,The Red Violin,7.2,101.0,1998,,,,Unknown,-8504592.0,False,1990,9,Fall,False
150000000.0,37135,en,12.453452,1999-06-18,448000000.0,88.0,Tarzan,7.1,1715.0,1999,,,,Unknown,298000000.0,True,1990,6,Summer,True
60000000.0,2275,en,14.039655,1999-06-18,149705852.0,116.0,The General's Daughter,6.1,209.0,1999,,,,Unknown,89705852.0,True,1990,6,Summer,False
9000000.0,10376,it,7.668214,1998-10-28,,170.0,The Legend of 1900,8.1,554.0,1998,,,,Unknown,,,1990,10,Fall,
1530000.0,104,de,7.765379,1998-08-20,7267585.0,81.0,Run Lola Run,7.2,672.0,1998,,,,Unknown,5737585.0,True,1990,8,Summer,False
34200000.0,9032,en,8.011869,1999-06-25,234801895.0,93.0,Big Daddy,6.2,898.0,1999,,,,Unknown,200601895.0,True,1990,6,Summer,False
12500000.0,9421,fr,6.122739,1998-04-15,78599508.0,80.0,The Dinner Game,7.7,408.0,1998,,,,Unknown,66099508.0,True,1990,4,Spring,False
31000000.0,6488,en,5.418428,1990-08-09,53208180.0,103.0,Arachnophobia,6.2,445.0,1990,,,,Unknown,22208180.0,True,1990,8,Summer,False
21000000.0,9473,en,11.818055,1999-06-30,,81.0,"South Park: Bigger, Longer & Uncut",7.1,916.0,1999,,,,Unknown,,,1990,6,Summer,
170000000.0,8487,en,9.887602,1999-06-29,222104681.0,106.0,Wild Wild West,5.1,1042.0,1999,,,,Unknown,52104681.0,True,1990,6,Summer,False
,10279,en,6.14854,1999-07-02,,142.0,Summer of Sam,6.3,115.0,1999,,,,Unknown,,,1990,7,Summer,
11000000.0,2105,en,18.344227,1999-07-09,235483004.0,95.0,American Pie,6.4,2358.0,1999,,,,Unknown,224483004.0,True,1990,7,Summer,False
21500000.0,1073,en,8.605659,1999-03-19,,117.0,Arlington Road,7.0,246.0,1999,,,,Unknown,,,1990,3,Spring,
60000.0,2667,en,14.838386,1999-07-14,248000000.0,81.0,The Blair Witch Project,6.3,1090.0,1999,,,,Unknown,247940000.0,True,1990,7,Summer,False
65000000.0,345,en,13.268484,1999-07-14,162091208.0,159.0,Eyes Wide Shut,7.1,1266.0,1999,,,,Unknown,97091208.0,True,1990,7,Summer,False
27000000.0,9825,en,13.787108,1999-07-15,56870414.0,82.0,Lake Placid,5.5,251.0,1999,,,,Unknown,29870414.0,True,1990,7,Summer,False
30000000.0,620,en,22.089729,1984-06-07,295212467.0,107.0,Ghostbusters,7.3,2431.0,1984,,,,Unknown,265212467.0,True,1980,6,Summer,True
37000000.0,2978,en,16.414239,1989-06-15,215394738.0,108.0,Ghostbusters II,6.3,1131.0,1989,,,,Unknown,178394738.0,True,1980,6,Summer,False
80000000.0,11618,en,8.967638,1999-07-23,91188905.0,113.0,The Haunting,5.2,374.0,1999,,,,Unknown,11188905.0,True,1990,7,Summer,False
75000000.0,332,en,11.677244,1999-07-23,,78.0,Inspector Gadget,4.3,322.0,1999,,,,Unknown,,,1990,7,Summer,
60000000.0,8914,en,7.493615,1999-07-28,73648228.0,105.0,Deep Blue Sea,5.6,616.0,1999,,,,Unknown,13648228.0,True,1990,7,Summer,False
68000000.0,9824,en,10.466306,1999-08-06,29762011.0,121.0,Mystery Men,5.7,255.0,1999,,,,Unknown,-38237989.0,False,1990,8,Summer,False
70000000.0,4806,en,8.919469,1999-07-30,309457509.0,116.0,Runaway Bride,5.8,472.0,1999,,,,Unknown,239457509.0,True,1990,7,Summer,True
320000.0,247,en,10.223264,1956-05-08,,85.0,The Killing,7.7,290.0,1956,,,,Unknown,,,1950,5,Spring,
75000.0,10056,en,6.107034,1955-09-21,,67.0,Killer's Kiss,6.2,101.0,1955,,,,Unknown,,,1950,9,Fall,
12000000.0,967,en,11.110376,1960-10-06,60000000.0,197.0,Spartacus,7.3,472.0,1960,,,,Unknown,48000000.0,True,1960,10,Fall,False
2000000.0,802,en,9.551293,1962-06-13,9250000.0,153.0,Lolita,7.3,409.0,1962,,,,Unknown,7250000.0,True,1960,6,Summer,False
11000000.0,3175,en,14.003467,1975-12-18,20000000.0,184.0,Barry Lyndon,7.7,521.0,1975,,,,Unknown,9000000.0,True,1970,12,Winter,False
,147,fr,7.268688,1959-05-04,,99.0,The 400 Blows,8.0,363.0,1959,,,,Unknown,,,1950,5,Spring,
,1628,fr,5.979791,1962-01-23,,105.0,Jules and Jim,7.6,163.0,1962,,,,Unknown,,,1960,1,Winter,
,11120,en,6.224859,1986-11-26,14302779.0,119.0,The Mosquito Coast,6.3,126.0,1986,,,,Unknown,,,1980,11,Fall,False
25000000.0,10136,en,8.236472,1986-12-12,79817939.0,94.0,The Golden Child,5.6,311.0,1986,,,,Unknown,54817939.0,True,1980,12,Winter,False
15000000.0,873,en,11.573562,1985-12-18,146292009.0,154.0,The Color Purple,7.7,345.0,1985,,,,Unknown,131292009.0,True,1980,12,Winter,False
24500000.0,11416,en,11.241995,1986-09-29,17218023.0,126.0,The Mission,7.1,295.0,1986,,,,Unknown,-7281977.0,False,1980,9,Fall,False
25000000.0,10776,en,7.409179,1986-12-19,38748395.0,94.0,Little Shop of Horrors,6.7,389.0,1986,,,,Unknown,13748395.0,True,1980,12,Winter,False
16000000.0,30890,en,8.782912,1987-01-30,,90.0,Radio Days,7.0,131.0,1987,,,,Unknown,,,1980,1,Winter,
70000000.0,10386,en,15.441459,1999-08-06,23159305.0,86.0,The Iron Giant,7.6,1470.0,1999,,,,Unknown,-46840695.0,False,1990,8,Summer,False
40000000.0,745,en,18.449169,1999-08-06,672806292.0,107.0,The Sixth Sense,7.7,3223.0,1999,,,,Unknown,632806292.0,True,1990,8,Summer,True
48000000.0,913,en,10.961226,1999-08-06,124305181.0,113.0,The Thomas Crown Affair,6.7,349.0,1999,,,,Unknown,76305181.0,True,1990,8,Summer,False
55000000.0,11353,en,7.169508,1999-08-12,,97.0,Bowfinger,6.0,258.0,1999,,,,Unknown,,,1990,8,Summer,
25000000.0,17707,en,6.570918,1999-08-13,13000000.0,100.0,Brokedown Palace,6.2,115.0,1999,,,,Unknown,-12000000.0,False,1990,8,Summer,False
6500000.0,9781,en,6.074832,1999-08-13,4217115.0,95.0,Detroit Rock City,6.7,102.0,1999,,,,Unknown,-2282885.0,False,1990,8,Summer,False
,10552,en,6.781815,1985-04-12,,94.0,Cat's Eye,5.9,140.0,1985,,,,Unknown,,,1980,4,Spring,
,9267,en,9.132013,1971-09-28,,88.0,And Now for Something Completely Different,7.1,139.0,1971,,,,Unknown,,,1970,9,Fall,
6800000.0,10766,en,10.235373,1978-06-09,26518355.0,107.0,Damien: Omen II,6.1,170.0,1978,,,,Unknown,19718355.0,True,1970,6,Summer,False
,10768,en,7.798615,1981-03-20,20471382.0,108.0,Omen III: The Final Conflict,5.5,132.0,1981,,,,Unknown,,,1980,3,Spring,False
3500000.0,813,en,13.063203,1980-07-02,83453539.0,88.0,Airplane!,7.1,1104.0,1980,,,,Unknown,79953539.0,True,1980,7,Summer,False
,2665,en,7.181664,1982-12-10,27150534.0,85.0,Airplane II: The Sequel,6.0,276.0,1982,,,,Unknown,,,1980,12,Winter,False
22000000.0,9406,en,7.145784,1997-12-25,26570463.0,105.0,An American Werewolf in Paris,5.3,154.0,1997,,,,Unknown,4570463.0,True,1990,12,Winter,False
,11418,en,11.457485,1985-07-25,49364621.0,95.0,National Lampoon’s European Vacation,6.0,232.0,1985,,,,Unknown,,,1980,7,Summer,False
15000000.0,11153,en,7.747432,1983-07-28,61399552.0,98.0,National Lampoon's Vacation,7.1,412.0,1983,,,,Unknown,46399552.0,True,1980,7,Summer,False
18000000.0,2280,en,9.562292,1988-06-03,151668774.0,104.0,Big,6.9,1022.0,1988,,,,Unknown,133668774.0,True,1980,6,Summer,False
,11077,en,5.722116,1990-07-27,,81.0,Problem Child,5.5,152.0,1990,,,,Unknown,,,1990,7,Summer,
,28597,en,8.142992,1991-07-03,,90.0,Problem Child 2,5.2,101.0,1991,,,,Unknown,,,1990,7,Summer,
23000000.0,10396,en,6.399977,1988-12-02,,115.0,Tequila Sunrise,6.0,116.0,1988,,,,Unknown,,,1980,12,Winter,
45000000.0,9944,en,8.708306,1993-12-16,195268056.0,141.0,The Pelican Brief,6.3,377.0,1993,,,,Unknown,150268056.0,True,1990,12,Winter,False
,850,en,7.337907,1983-11-18,19294144.0,94.0,A Christmas Story,7.4,352.0,1983,,,,Unknown,,,1980,11,Fall,False
,10154,en,6.951414,1999-08-16,,102.0,Mickey Blue Eyes,5.3,142.0,1999,,,,Unknown,,,1990,8,Summer,
45000000.0,10366,en,7.805145,1999-08-05,10667893.0,82.0,Universal Soldier: The Return,4.2,138.0,1999,,,,Unknown,-34332107.0,False,1990,8,Summer,False
23000000.0,9349,en,8.035769,1992-07-10,,102.0,Universal Soldier,5.8,382.0,1992,,,,Unknown,,,1990,7,Summer,
,10494,ja,6.487495,1997-07-11,,81.0,Perfect Blue,7.9,261.0,1997,,,,Unknown,,,1990,7,Summer,
,11963,en,14.364447,1975-09-24,27476252.0,117.0,Three Days of the Condor,7.2,234.0,1975,,,,Unknown,,,1970,9,Fall,False
40000000.0,9096,en,7.431005,1992-02-07,,106.0,Medicine Man,5.8,114.0,1992,,,,Unknown,,,1990,2,Winter,
160000000.0,1911,en,10.308026,1999-08-27,61698899.0,102.0,The 13th Warrior,6.4,524.0,1999,,,,Unknown,-98301101.0,False,1990,8,Summer,False
75000000.0,2900,en,14.705865,1999-08-26,19598588.0,109.0,The Astronaut's Wife,5.5,263.0,1999,,,,Unknown,-55401412.0,False,1990,8,Summer,False
29000000.0,10307,en,9.304144,1999-09-10,50041732.0,103.0,Stigmata,6.0,248.0,1999,,,,Unknown,21041732.0,True,1990,9,Fall,False
12000000.0,11601,en,5.875606,1999-09-10,21133087.0,99.0,Stir of Echoes,6.5,334.0,1999,,,,Unknown,9133087.0,True,1990,9,Fall,False
,1075,sr,6.261475,1998-06-01,,127.0,"Black Cat, White Cat",7.7,160.0,1998,,,,Unknown,,,1990,6,Summer,
,12105,en,14.950187,1968-07-17,,90.0,Yellow Submarine,7.1,114.0,1968,,,,Unknown,,,1960,7,Summer,
15000000.0,14,en,20.726578,1999-09-15,356296601.0,122.0,American Beauty,7.9,3438.0,1999,,,,Unknown,341296601.0,True,1990,9,Fall,True
65000000.0,11001,en,6.229424,1999-09-17,117758500.0,93.0,Blue Streak,6.1,359.0,1999,,,,Unknown,52758500.0,True,1990,9,Fall,False
17500000.0,9453,en,11.157288,1979-01-21,23438120.0,156.0,Caligula,5.3,147.0,1979,,,,Unknown,5938120.0,True,1970,1,Winter,False
560000.0,704,en,5.719266,1964-07-06,12299668.0,88.0,A Hard Day's Night,7.3,172.0,1964,,,,Unknown,11739668.0,True,1960,7,Summer,False
9000000.0,11797,en,7.472509,1985-08-02,24922237.0,106.0,Fright Night,6.9,279.0,1985,,,,Unknown,15922237.0,True,1980,8,Summer,False
,17887,en,8.380744,1967-05-25,,106.0,Barefoot in the Park,6.9,105.0,1967,,,,Unknown,,,1960,5,Spring,
2000000.0,10669,en,8.476681,1972-07-30,46122355.0,109.0,Deliverance,7.2,441.0,1972,,,,Unknown,44122355.0,True,1970,7,Summer,False
11000000.0,11527,en,8.800455,1981-04-10,34967437.0,140.0,Excalibur,7.1,241.0,1981,,,,Unknown,23967437.0,True,1980,4,Spring,False
28000000.0,28032,en,13.856199,1994-03-30,11373501.0,87.0,Thumbelina,6.1,117.0,1994,,,,Unknown,-16626499.0,False,1990,3,Spring,False
,10975,cn,12.276235,1991-02-07,,106.0,Armour of God II: Operation Condor,7.0,109.0,1991,,,,Unknown,,,1990,2,Winter,
15000000.0,10974,cn,7.278549,1986-08-16,,88.0,Armour of God,6.8,111.0,1986,,,,Unknown,,,1980,8,Summer,
70000000.0,10398,en,10.876463,1999-09-24,177841558.0,105.0,Double Jeopardy,6.2,282.0,1999,,,,Unknown,107841558.0,True,1990,9,Fall,False
75000000.0,6415,en,12.287636,1999-09-27,108000000.0,114.0,Three Kings,6.6,709.0,1999,,,,Unknown,33000000.0,True,1990,9,Fall,False
300000.0,9638,en,6.609336,1979-03-28,11988469.0,89.0,Phantasm,6.5,166.0,1979,,,,Unknown,11688469.0,True,1970,3,Spring,False
5000000.0,10576,en,6.370495,1983-06-03,34725000.0,113.0,Psycho II,6.0,128.0,1983,,,,Unknown,29725000.0,True,1980,6,Summer,False
,11712,ja,11.293611,1962-01-01,,96.0,Sanjuro,7.8,122.0,1962,,,,Unknown,,,1960,1,Winter,
2000000.0,226,en,6.536006,1999-09-02,11540607.0,118.0,Boys Don't Cry,7.2,360.0,1999,,,,Unknown,9540607.0,True,1990,9,Fall,False
10000000.0,10388,en,7.807741,1999-05-15,3193102.0,89.0,The Limey,6.6,110.0,1999,,,,Unknown,-6806898.0,False,1990,5,Spring,False
6200000.0,9346,en,6.505209,1983-08-05,63541777.0,98.0,Risky Business,6.4,340.0,1983,,,,Unknown,57341777.0,True,1980,8,Summer,False
65000000.0,861,en,12.954444,1990-06-01,261317921.0,113.0,Total Recall,7.1,1745.0,1990,,,,Unknown,196317921.0,True,1990,6,Summer,False
,14412,en,5.991482,1981-08-28,24058838.0,113.0,Body Heat,7.1,128.0,1981,,,,Unknown,,,1980,8,Summer,False
6000000.0,9377,en,12.724645,1986-06-11,70136369.0,103.0,Ferris Bueller's Day Off,7.5,1340.0,1986,,,,Unknown,64136369.0,True,1980,6,Summer,False
5500000.0,11901,en,9.91087,1973-04-19,15700000.0,105.0,High Plains Drifter,7.4,284.0,1973,,,,Unknown,10200000.0,True,1970,4,Spring,False
1800000.0,4929,en,7.266576,1968-07-31,6800000.0,114.0,Hang 'em High,6.7,197.0,1968,,,,Unknown,5000000.0,True,1960,7,Summer,False
,11230,cn,7.404755,1978-10-05,,111.0,Drunken Master,7.2,178.0,1978,,,,Unknown,,,1970,10,Fall,
750000.0,8416,it,9.931025,1970-10-21,,107.0,The Conformist,7.6,129.0,1970,,,,Unknown,,,1970,10,Fall,
,11054,en,6.453409,1988-02-16,,92.0,Hairspray,6.6,102.0,1988,,,,Unknown,,,1980,2,Winter,
,851,en,5.408818,1945-11-24,,86.0,Brief Encounter,7.6,123.0,1945,,,,Unknown,,,1940,11,Fall,
,16642,en,7.380825,1978-09-13,,94.0,Days of Heaven,7.6,236.0,1978,,,,Unknown,,,1970,9,Fall,
689665.0,16305,en,8.64244,1941-11-30,,90.0,Sullivan's Travels,8.0,100.0,1941,,,,Unknown,,,1940,11,Fall,
,3767,en,4.562074,1946-02-14,,110.0,Gilda,7.6,113.0,1946,,,,Unknown,,,1940,2,Winter,
4000000.0,535,en,9.888958,1983-04-14,92921203.0,95.0,Flashdance,6.1,313.0,1983,,,,Unknown,88921203.0,True,1980,4,Spring,False
5400000.0,1654,en,15.640007,1967-06-15,45300000.0,150.0,The Dirty Dozen,7.5,309.0,1967,,,,Unknown,39900000.0,True,1960,6,Summer,False
2500000.0,658,en,13.78884,1964-09-17,124881062.0,110.0,Goldfinger,7.2,1005.0,1964,,,,Unknown,122381062.0,True,1960,9,Fall,False
2000000.0,657,en,12.536729,1963-10-11,78898765.0,115.0,From Russia with Love,6.9,773.0,1963,,,,Unknown,76898765.0,True,1960,10,Fall,False
950000.0,646,en,19.931606,1962-10-04,59600000.0,110.0,Dr. No,6.9,953.0,1962,,,,Unknown,58650000.0,True,1960,10,Fall,False
4500000.0,5689,en,11.578578,1980-07-05,58853106.0,104.0,The Blue Lagoon,5.8,422.0,1980,,,,Unknown,54353106.0,True,1980,7,Summer,False
200000.0,391,it,12.429704,1964-09-12,14500000.0,99.0,A Fistful of Dollars,7.6,909.0,1964,,,,Unknown,14300000.0,True,1960,9,Fall,False
3000000.0,8052,en,7.04756,1996-02-28,222559.0,96.0,Hard Eight,6.8,177.0,1996,,,,Unknown,-2777441.0,False,1990,2,Winter,False
18000000.0,772,en,13.293722,1992-11-19,358991681.0,120.0,Home Alone 2: Lost in New York,6.3,2459.0,1992,,,,Unknown,340991681.0,True,1990,11,Fall,True
63000000.0,550,en,63.869599,1999-10-15,100853753.0,139.0,Fight Club,8.3,9678.0,1999,,,,Unknown,37853753.0,True,1990,10,Fall,False
10000000.0,404,en,14.580995,1999-10-15,,112.0,The Straight Story,7.7,315.0,1999,,,,Unknown,,,1990,10,Fall,
5000000.0,36819,en,9.841623,1981-07-13,42365581.0,116.0,Time Bandits,6.6,255.0,1981,,,,Unknown,37365581.0,True,1980,7,Summer,False
7362000.0,9343,de,4.760938,1982-03-04,,158.0,Fitzcarraldo,7.7,151.0,1982,,,,Unknown,,,1980,3,Spring,
19000000.0,11562,en,6.645295,1989-10-13,18254702.0,104.0,Crimes and Misdemeanors,7.4,201.0,1989,,,,Unknown,-745298.0,False,1980,10,Fall,False
32000000.0,8649,en,8.825864,1999-10-22,,121.0,Bringing Out the Dead,6.6,228.0,1999,,,,Unknown,,,1990,10,Fall,
13000000.0,5548,en,13.485583,1987-07-17,53000000.0,102.0,RoboCop,7.1,1494.0,1987,,,,Unknown,40000000.0,True,1980,7,Summer,False
35000000.0,5549,en,10.969876,1990-06-22,45681173.0,117.0,RoboCop 2,5.6,498.0,1990,,,,Unknown,10681173.0,True,1990,6,Summer,False
70000000.0,856,en,16.78596,1988-06-21,329803958.0,104.0,Who Framed Roger Rabbit,7.2,1466.0,1988,,,,Unknown,259803958.0,True,1980,6,Summer,True
28000000.0,699,en,9.765123,1981-06-23,195312802.0,127.0,For Your Eyes Only,6.3,497.0,1981,,,,Unknown,167312802.0,True,1980,6,Summer,False
32000000.0,709,en,11.137888,1989-07-07,156167015.0,133.0,Licence to Kill,5.9,549.0,1989,,,,Unknown,124167015.0,True,1980,7,Summer,False
7000000.0,253,en,9.773768,1973-07-05,161777836.0,121.0,Live and Let Die,6.4,540.0,1973,,,,Unknown,154777836.0,True,1970,7,Summer,False
5500000.0,660,en,10.517835,1965-12-16,141195658.0,130.0,Thunderball,6.5,572.0,1965,,,,Unknown,135695658.0,True,1960,12,Winter,False
19000000.0,11377,en,10.187278,1999-10-29,40846082.0,93.0,House on Haunted Hill,5.5,211.0,1999,,,,Unknown,21846082.0,True,1990,10,Fall,False
13000000.0,492,en,11.416319,1999-09-30,22863596.0,112.0,Being John Malkovich,7.3,1124.0,1999,,,,Unknown,9863596.0,True,1990,9,Fall,False
26500000.0,128,ja,17.166725,1997-07-12,159375308.0,134.0,Princess Mononoke,8.2,2041.0,1997,,,,Unknown,132875308.0,True,1990,7,Summer,False
73000000.0,9481,en,8.884406,1999-11-04,151493655.0,118.0,The Bone Collector,6.5,843.0,1999,,,,Unknown,78493655.0,True,1990,11,Fall,False
90000000.0,9008,en,11.3569,1999-10-28,60289912.0,157.0,The Insider,7.3,489.0,1999,,,,Unknown,-29710088.0,False,1990,10,Fall,False
8000000.0,16281,en,10.434018,1982-11-12,21028755.0,120.0,Creepshow,6.7,228.0,1982,,,,Unknown,13028755.0,True,1980,11,Fall,False
3500000.0,16288,en,9.330087,1987-05-01,14000000.0,92.0,Creepshow 2,5.9,133.0,1987,,,,Unknown,10500000.0,True,1980,5,Spring,False
900000.0,1694,en,9.867238,1985-10-18,2023414.0,86.0,Re-Animator,7.0,263.0,1985,,,,Unknown,1123414.0,True,1980,10,Fall,False
2500000.0,476,en,8.026112,1989-09-09,4729352.0,100.0,Drugstore Cowboy,7.0,117.0,1989,,,,Unknown,2229352.0,True,1980,9,Fall,False
25000000.0,37094,en,10.175138,1993-02-26,40903593.0,113.0,Falling Down,7.2,837.0,1993,,,,Unknown,15903593.0,True,1990,2,Winter,False
750000.0,961,en,8.002953,1926-12-31,,79.0,The General,8.0,240.0,1926,,,,Unknown,,,1920,12,Winter,
660000.0,24831,en,16.038604,1978-08-03,,94.0,Piranha,5.7,120.0,1978,,,,Unknown,,,1970,8,Summer,
,11878,ja,10.313688,1961-04-25,,110.0,Yojimbo,8.0,334.0,1961,,,,Unknown,,,1960,4,Spring,
,11234,en,6.445639,1971-08-01,,98.0,The Omega Man,6.0,147.0,1971,,,,Unknown,,,1970,8,Summer,
22700000.0,957,en,9.10373,1987-06-24,38119483.0,96.0,Spaceballs,6.7,924.0,1987,,,,Unknown,15419483.0,True,1980,6,Summer,False
15000000.0,11886,en,11.179855,1973-11-08,32056467.0,83.0,Robin Hood,7.0,1155.0,1973,,,,Unknown,17056467.0,True,1970,11,Fall,False
12000000.0,62204,xx,8.341166,1981-12-15,55260558.0,100.0,Quest for Fire,7.2,111.0,1981,,,,Unknown,43260558.0,True,1980,12,Winter,False
15000000.0,11040,en,8.186994,1970-12-14,31559552.0,139.0,Little Big Man,7.5,128.0,1970,,,,Unknown,16559552.0,True,1970,12,Winter,False
40600000.0,1621,en,14.285052,1983-06-07,90400000.0,116.0,Trading Places,7.1,763.0,1983,,,,Unknown,49800000.0,True,1980,6,Summer,False
10000000.0,1832,en,8.559088,1999-11-12,30652890.0,130.0,Dogma,6.8,842.0,1999,,,,Unknown,20652890.0,True,1990,11,Fall,False
60000000.0,10047,fr,9.471838,1999-10-18,66976317.0,148.0,The Messenger: The Story of Joan of Arc,6.2,373.0,1999,,,,Unknown,6976317.0,True,1990,10,Fall,False
30000000.0,10228,ja,7.556826,1998-07-18,163644662.0,75.0,Pokémon: The First Movie: Mewtwo Strikes Back,6.7,336.0,1998,,,,Unknown,133644662.0,True,1990,7,Summer,False
,11663,en,7.442056,1991-08-14,,118.0,The Commitments,7.4,132.0,1991,,,,Unknown,,,1990,8,Summer,
10000000.0,9289,en,10.770928,1962-09-25,50100000.0,178.0,The Longest Day,7.3,237.0,1962,,,,Unknown,40100000.0,True,1960,9,Fall,False
25485000.0,11165,en,7.262326,1970-01-26,29548291.0,144.0,Tora! Tora! Tora!,6.9,150.0,1970,,,,Unknown,4063291.0,True,1970,1,Winter,False
700000.0,4203,es,5.470331,1988-03-14,7179298.0,88.0,Women on the Verge of a Nervous Breakdown,7.6,149.0,1988,,,,Unknown,6479298.0,True,1980,3,Spring,False
16000000.0,24226,en,9.596883,1982-12-08,53977250.0,129.0,The Verdict,7.4,132.0,1982,,,,Unknown,37977250.0,True,1980,12,Winter,False
,11379,en,7.778445,1984-08-15,,103.0,The Adventures of Buckaroo Banzai Across the 8th Dimension,6.3,103.0,1984,,,,Unknown,,,1980,8,Summer,
,2039,en,12.877291,1987-12-18,80640528.0,102.0,Moonstruck,6.7,173.0,1987,,,,Unknown,,,1980,12,Winter,False
,11943,en,4.711031,1972-09-10,,108.0,Jeremiah Johnson,7.5,126.0,1972,,,,Unknown,,,1970,9,Fall,
300000.0,11481,en,6.825852,1965-06-01,,105.0,Repulsion,7.5,218.0,1965,,,,Unknown,,,1960,6,Summer,
100000000.0,2668,en,11.072361,1999-11-18,206071502.0,105.0,Sleepy Hollow,6.9,1774.0,1999,,,,Unknown,106071502.0,True,1990,11,Fall,False
135000000.0,36643,en,12.130127,1999-11-08,361832400.0,128.0,The World Is Not Enough,6.0,878.0,1999,,,,Unknown,226832400.0,True,1990,11,Fall,True
8272296.0,99,es,10.000915,1999-04-19,67872296.0,101.0,All About My Mother,7.4,337.0,1999,,,,Unknown,59600000.0,True,1990,4,Spring,False
,9647,en,11.465634,1988-11-22,60328000.0,101.0,Scrooged,6.7,395.0,1988,,,,Unknown,,,1980,11,Fall,False
,11787,en,5.306185,1950-10-13,,104.0,Harvey,7.7,159.0,1950,,,,Unknown,,,1950,10,Fall,
133000.0,5156,it,13.233136,1948-11-24,361712.0,93.0,Bicycle Thieves,8.0,404.0,1948,,,,Unknown,228712.0,True,1940,11,Fall,False
,11953,ja,6.206807,1980-04-26,,180.0,Kagemusha,7.7,135.0,1980,,,,Unknown,,,1980,4,Spring,
750000.0,596,en,9.668636,1940-03-15,,129.0,The Grapes of Wrath,7.8,211.0,1940,,,,Unknown,,,1940,3,Spring,
,20334,en,7.144236,1940-01-11,,99.0,The Shop Around the Corner,7.9,107.0,1940,,,,Unknown,,,1940,1,Winter,
28000000.0,11393,en,12.319855,1984-05-11,47951979.0,137.0,The Natural,7.0,162.0,1984,,,,Unknown,19951979.0,True,1980,5,Spring,False
,293,en,12.583826,1992-10-09,43440294.0,123.0,A River Runs Through It,7.0,241.0,1992,,,,Unknown,,,1990,10,Fall,False
14000000.0,10998,en,14.260779,1987-09-11,320145693.0,119.0,Fatal Attraction,6.6,305.0,1987,,,,Unknown,306145693.0,True,1980,9,Fall,True
30000000.0,9013,en,5.564321,1988-07-20,38413606.0,126.0,Midnight Run,7.2,241.0,1988,,,,Unknown,8413606.0,True,1980,7,Summer,False
,11005,en,13.201595,1990-12-19,52096475.0,120.0,Awakenings,7.6,568.0,1990,,,,Unknown,,,1990,12,Winter,False
75000000.0,2924,en,9.883727,1991-05-24,152368585.0,137.0,Backdraft,6.4,360.0,1991,,,,Unknown,77368585.0,True,1990,5,Spring,False
24000000.0,177,en,11.184385,1991-09-09,41895491.0,137.0,The Fisher King,7.2,346.0,1991,,,,Unknown,17895491.0,True,1990,9,Fall,False
100000000.0,9946,en,9.62371,1999-11-24,211989043.0,121.0,End of Days,5.5,488.0,1999,,,,Unknown,111989043.0,True,1990,11,Fall,False
90000000.0,863,en,17.547693,1999-10-30,497366869.0,92.0,Toy Story 2,7.3,3914.0,1999,,,,Unknown,407366869.0,True,1990,10,Fall,True
,9684,en,6.836569,1999-12-03,,95.0,Sweet and Lowdown,6.8,109.0,1999,,,,Unknown,,,1990,12,Winter,
47000000.0,9586,en,5.507082,1990-12-21,15691192.0,125.0,The Bonfire of the Vanities,5.3,113.0,1990,,,,Unknown,-31308808.0,False,1990,12,Winter,False
,777,fr,6.02384,1937-06-04,,114.0,Grand Illusion,7.5,126.0,1937,,,,Unknown,,,1930,6,Summer,
17000000.0,10402,en,6.567794,1999-12-10,65535067.0,88.0,Deuce Bigalow: Male Gigolo,5.4,314.0,1999,,,,Unknown,48535067.0,True,1990,12,Winter,False
60000000.0,497,en,19.96678,1999-12-10,284600000.0,189.0,The Green Mile,8.2,4166.0,1999,,,,Unknown,224600000.0,True,1990,12,Winter,True
24000000.0,1715,en,9.526781,1999-12-17,88545092.0,126.0,The Cider House Rules,6.9,285.0,1999,,,,Unknown,64545092.0,True,1990,12,Winter,False
1300000.0,25188,en,5.961382,1971-10-03,29133000.0,118.0,The Last Picture Show,7.6,133.0,1971,,,,Unknown,27833000.0,True,1970,10,Fall,False
75000000.0,1439,en,17.65016,1999-12-16,,148.0,Anna and the King,6.4,204.0,1999,,,,Unknown,,,1990,12,Winter,
100000000.0,2277,en,9.369918,1999-12-17,93700000.0,131.0,Bicentennial Man,6.9,998.0,1999,,,,Unknown,-6300000.0,False,1990,12,Winter,False
133000000.0,10137,en,8.3595,1999-12-17,300135367.0,84.0,Stuart Little,5.8,998.0,1999,,,,Unknown,167135367.0,True,1990,12,Winter,True
80000000.0,49948,en,14.972573,1999-12-17,90874570.0,74.0,Fantasia 2000,7.0,300.0,1999,,,,Unknown,10874570.0,True,1990,12,Winter,False
37000000.0,334,en,9.091636,1999-12-08,48451803.0,188.0,Magnolia,7.5,844.0,1999,,,,Unknown,11451803.0,True,1990,12,Winter,False
360000.0,624,en,8.635841,1969-05-07,,95.0,Easy Rider,7.0,411.0,1969,,,,Unknown,,,1960,5,Spring,
55000000.0,9563,en,10.571434,1999-12-16,100230832.0,163.0,Any Given Sunday,6.8,430.0,1999,,,,Unknown,45230832.0,True,1990,12,Winter,False
82000000.0,1850,en,13.217419,1999-12-22,47434430.0,118.0,Man on the Moon,6.9,444.0,1999,,,,Unknown,-34565570.0,False,1990,12,Winter,False
45000000.0,926,en,15.831374,1999-12-23,90683916.0,102.0,Galaxy Quest,6.9,722.0,1999,,,,Unknown,45683916.0,True,1990,12,Winter,False
40000000.0,1213,en,11.65502,1999-12-25,128798265.0,139.0,The Talented Mr. Ripley,7.1,790.0,1999,,,,Unknown,88798265.0,True,1990,12,Winter,False
11000000.0,10471,en,10.06545,2000-01-12,59827328.0,98.0,Next Friday,6.5,145.0,2000,,,,Unknown,48827328.0,True,2000,1,Winter,False
50000000.0,10400,en,5.716009,1999-09-17,73956241.0,146.0,The Hurricane,7.2,401.0,1999,,,,Unknown,23956241.0,True,1990,9,Fall,False
40000000.0,3558,en,8.285062,1999-12-21,,127.0,"Girl, Interrupted",7.6,747.0,1999,,,,Unknown,,,1990,12,Winter,
90000000.0,10384,en,5.496624,2000-01-14,14828081.0,91.0,Supernova,4.9,109.0,2000,,,,Unknown,-75171919.0,False,2000,1,Winter,False
1661530.0,632,en,9.47371,1953-05-29,,120.0,Stalag 17,7.6,143.0,1953,,,,Unknown,,,1950,5,Spring,
12000000.0,5924,en,15.698433,1973-12-13,53267000.0,151.0,Papillon,7.8,445.0,1973,,,,Unknown,41267000.0,True,1970,12,Winter,False
,26617,en,9.721297,1970-09-12,,98.0,Five Easy Pieces,7.2,114.0,1970,,,,Unknown,,,1970,9,Fall,
10000000.0,10493,en,13.464246,1989-04-07,7825000.0,96.0,Dead Calm,6.6,178.0,1989,,,,Unknown,-2175000.0,False,1980,4,Spring,False
,16241,en,5.923299,1978-10-05,,125.0,The Boys from Brazil,6.6,102.0,1978,,,,Unknown,,,1970,10,Fall,
,9644,en,11.511683,1993-02-04,,84.0,National Lampoon's Loaded Weapon 1,5.7,161.0,1993,,,,Unknown,,,1990,2,Winter,
4500000.0,13342,en,14.658885,1982-08-13,27092880.0,90.0,Fast Times at Ridgemont High,7.0,330.0,1982,,,,Unknown,22592880.0,True,1980,8,Summer,False
6000000.0,14919,en,7.29114,1993-12-25,5617391.0,76.0,Batman: Mask of the Phantasm,7.4,218.0,1993,,,,Unknown,-382609.0,False,1990,12,Winter,False
,10406,en,8.000189,1992-05-22,40693477.0,88.0,Encino Man,5.6,197.0,1992,,,,Unknown,,,1990,5,Spring,False
34000000.0,1883,en,14.207001,1992-11-18,48169908.0,202.0,Malcolm X,7.3,377.0,1992,,,,Unknown,14169908.0,True,1990,11,Fall,False
31000000.0,2005,en,18.83065,1992-05-28,231605150.0,100.0,Sister Act,6.5,713.0,1992,,,,Unknown,200605150.0,True,1990,5,Spring,False
38000000.0,6279,en,12.986842,1993-12-09,57319029.0,107.0,Sister Act 2: Back in the Habit,5.9,384.0,1993,,,,Unknown,19319029.0,True,1990,12,Winter,False
11700000.0,11087,en,6.672715,1992-01-10,88036683.0,110.0,The Hand that Rocks the Cradle,6.5,196.0,1992,,,,Unknown,76336683.0,True,1990,1,Winter,False
32000000.0,7305,en,8.662287,1993-01-15,36733909.0,120.0,Alive,6.7,383.0,1993,,,,Unknown,4733909.0,True,1990,1,Winter,False
31000000.0,9475,en,14.505987,1992-12-23,134095253.0,157.0,Scent of a Woman,7.3,763.0,1992,,,,Unknown,103095253.0,True,1990,12,Winter,False
20000000.0,8872,en,10.180776,1992-02-14,121697323.0,94.0,Wayne's World,6.5,738.0,1992,,,,Unknown,101697323.0,True,1990,2,Winter,False
,8873,en,10.931683,1993-12-10,47965000.0,95.0,Wayne's World 2,5.8,281.0,1993,,,,Unknown,,,1990,12,Winter,False
40000000.0,11287,en,10.852038,1992-07-01,107458785.0,128.0,A League of Their Own,6.8,362.0,1992,,,,Unknown,67458785.0,True,1990,7,Summer,False
45000000.0,9869,en,11.075674,1992-06-04,178051587.0,117.0,Patriot Games,6.4,440.0,1992,,,,Unknown,133051587.0,True,1990,6,Summer,False
25000000.0,619,en,9.805017,1992-11-25,411006740.0,129.0,The Bodyguard,6.2,681.0,1992,,,,Unknown,386006740.0,True,1990,11,Fall,True
55000000.0,9374,en,11.017417,1992-07-30,149022650.0,104.0,Death Becomes Her,6.3,655.0,1992,,,,Unknown,94022650.0,True,1990,7,Summer,False
60000000.0,11259,en,7.472753,1992-05-22,137783840.0,140.0,Far and Away,6.3,294.0,1992,,,,Unknown,77783840.0,True,1990,5,Spring,False
,11068,en,10.450148,1992-09-18,18472850.0,99.0,Singles,6.6,106.0,1992,,,,Unknown,,,1990,9,Fall,False
10000000.0,1923,en,8.736538,1992-06-03,4160851.0,134.0,Twin Peaks: Fire Walk with Me,7.3,429.0,1992,,,,Unknown,-5839149.0,False,1990,6,Summer,False
,10158,en,8.795941,1992-03-26,90753806.0,115.0,White Men Can't Jump,6.2,305.0,1992,,,,Unknown,,,1990,3,Spring,False
7000000.0,10206,en,4.941989,1992-07-24,16624456.0,86.0,Buffy the Vampire Slayer,5.3,192.0,1992,,,,Unknown,9624456.0,True,1990,7,Summer,False
4500000.0,11782,cn,10.184313,1992-04-16,,126.0,Hard Boiled,7.4,169.0,1992,,,,Unknown,,,1990,4,Spring,
,10086,fr,8.758096,1992-05-01,,95.0,Man Bites Dog,7.2,194.0,1992,,,,Unknown,,,1990,5,Spring,
220000.0,9367,es,9.972591,1992-09-04,2040920.0,81.0,El Mariachi,6.6,243.0,1992,,,,Unknown,1820920.0,True,1990,9,Fall,False
,9876,en,14.40112,1992-02-21,70611210.0,87.0,Stop! Or My Mom Will Shoot,4.6,220.0,1992,,,,Unknown,,,1990,2,Winter,False
,10326,en,5.050509,1992-12-16,128000000.0,102.0,Forever Young,6.0,258.0,1992,,,,Unknown,,,1990,12,Winter,False
,9609,en,6.112112,1992-09-16,5471088.0,110.0,Of Mice and Men,7.1,147.0,1992,,,,Unknown,,,1990,9,Fall,False
1000000.0,12143,en,6.417037,1992-09-16,2019469.0,96.0,Bad Lieutenant,6.9,162.0,1992,,,,Unknown,1019469.0,True,1990,9,Fall,False
40000000.0,4234,en,9.738371,2000-02-03,161834276.0,116.0,Scream 3,5.7,749.0,2000,,,,Unknown,121834276.0,True,2000,2,Winter,False
16000000.0,9605,en,7.246119,1992-08-14,48017402.0,107.0,Single White Female,6.0,139.0,1992,,,,Unknown,32017402.0,True,1990,8,Summer,False
6000000.0,8374,en,12.457908,1999-01-22,30471.0,108.0,The Boondock Saints,7.2,848.0,1999,,,,Unknown,-5969529.0,False,1990,1,Winter,False
40000000.0,1907,en,14.430311,2000-02-11,144056873.0,119.0,The Beach,6.3,1271.0,2000,,,,Unknown,104056873.0,True,2000,2,Winter,False
30000000.0,15655,en,7.023414,2000-02-11,45554533.0,77.0,The Tigger Movie,6.3,146.0,2000,,,,Unknown,15554533.0,True,2000,2,Winter,False
26000000.0,14181,en,8.518425,2000-02-18,28780255.0,118.0,Boiler Room,6.5,202.0,2000,,,,Unknown,2780255.0,True,2000,2,Winter,False
23000000.0,2787,en,6.424399,2000-02-18,53187659.0,108.0,Pitch Black,6.7,1812.0,2000,,,,Unknown,30187659.0,True,2000,2,Winter,False
41300000.0,2069,en,12.061521,2000-02-18,106371651.0,98.0,The Whole Nine Yards,6.3,540.0,2000,,,,Unknown,65071651.0,True,2000,2,Winter,False
9000000.0,28978,en,6.714813,1928-01-06,,71.0,The Circus,8.0,119.0,1928,,,,Unknown,,,1920,1,Winter,
1500000.0,901,en,10.891524,1931-01-30,19181.0,87.0,City Lights,8.2,444.0,1931,,,,Unknown,-1480819.0,False,1930,1,Winter,False
250000.0,10098,en,8.168456,1921-01-21,2500000.0,68.0,The Kid,8.0,404.0,1921,,,,Unknown,2250000.0,True,1920,1,Winter,False
42000000.0,2155,en,12.11759,2000-02-25,32168970.0,124.0,Reindeer Games,5.3,175.0,2000,,,,Unknown,-9831030.0,False,2000,2,Winter,False
35000000.0,11004,en,5.922739,2000-02-22,,111.0,Wonder Boys,6.9,165.0,2000,,,,Unknown,,,2000,2,Winter,
,4816,en,9.368099,1999-09-13,,116.0,Ghost Dog: The Way of the Samurai,7.2,306.0,1999,,,,Unknown,,,1990,9,Fall,
,11016,en,7.588489,1948-07-31,,100.0,Key Largo,7.6,124.0,1948,,,,Unknown,,,1940,7,Summer,
12000000.0,11296,en,16.243093,1984-12-14,1400000.0,120.0,Birdy,6.9,112.0,1984,,,,Unknown,-10600000.0,False,1980,12,Winter,False
90000000.0,2067,en,9.021107,2000-03-10,60874615.0,114.0,Mission to Mars,5.7,374.0,2000,,,,Unknown,-29125385.0,False,2000,3,Spring,False
38000000.0,622,en,11.316349,1999-08-24,58401898.0,133.0,The Ninth Gate,6.3,768.0,1999,,,,Unknown,20401898.0,True,1990,8,Summer,False
9000000.0,5693,en,6.484495,1986-11-14,28607524.0,114.0,Hoosiers,7.1,143.0,1986,,,,Unknown,19607524.0,True,1980,11,Fall,False
7000000.0,287,en,6.924072,1988-06-15,50888000.0,108.0,Bull Durham,6.6,154.0,1988,,,,Unknown,43888000.0,True,1980,6,Summer,False
1800000.0,968,en,7.530126,1975-08-11,46665856.0,125.0,Dog Day Afternoon,7.6,685.0,1975,,,,Unknown,44865856.0,True,1970,8,Summer,False
777000.0,838,en,9.188584,1973-08-01,140000000.0,110.0,American Graffiti,6.9,330.0,1973,,,,Unknown,139223000.0,True,1970,8,Summer,False
,16958,en,12.86559,1950-05-22,,112.0,The Asphalt Jungle,7.5,102.0,1950,,,,Unknown,,,1950,5,Spring,
3750000.0,3114,en,7.803856,1956-03-13,,119.0,The Searchers,7.7,332.0,1956,,,,Unknown,,,1950,3,Spring,
,8333,en,7.762833,1974-10-02,,104.0,The Taking of Pelham One Two Three,7.6,109.0,1974,,,,Unknown,,,1970,10,Fall,
40000000.0,820,en,13.813146,1991-12-20,205405498.0,189.0,JFK,7.5,513.0,1991,,,,Unknown,165405498.0,True,1990,12,Winter,False
,8989,en,9.296024,1987-06-05,49998613.0,110.0,Harry and the Hendersons,5.6,157.0,1987,,,,Unknown,,,1980,6,Summer,False
18000000.0,918,en,6.696292,1987-03-27,39321715.0,95.0,Blind Date,5.6,115.0,1987,,,,Unknown,21321715.0,True,1980,3,Spring,False
,11176,en,6.769866,1979-05-31,76657000.0,97.0,The Muppet Movie,7.0,168.0,1979,,,,Unknown,,,1970,5,Spring,False
8000000.0,11899,en,5.89335,1984-07-13,,94.0,The Muppets Take Manhattan,6.5,102.0,1984,,,,Unknown,,,1980,7,Summer,
,18890,en,13.58903,1993-11-24,9317021.0,72.0,We're Back! A Dinosaur's Story,5.8,109.0,1993,,,,Unknown,,,1990,11,Fall,False
52000000.0,462,en,10.135446,2000-03-17,256271286.0,131.0,Erin Brockovich,7.1,730.0,2000,,,,Unknown,204271286.0,True,2000,3,Spring,False
23000000.0,9532,en,14.961416,2000-03-16,53302314.0,98.0,Final Destination,6.4,1416.0,2000,,,,Unknown,30302314.0,True,2000,3,Spring,False
,1396,ru,10.11584,1975-03-07,,106.0,Mirror,7.8,147.0,1975,,,,Unknown,,,1970,3,Spring,
16000000.0,1541,en,14.785388,1991-05-24,45361000.0,130.0,Thelma & Louise,7.2,766.0,1991,,,,Unknown,29361000.0,True,1990,5,Spring,False
,17443,en,6.291512,1979-10-19,33300000.0,119.0,...And Justice for All,7.1,118.0,1979,,,,Unknown,,,1970,10,Fall,False
2700000.0,8469,en,7.525382,1978-07-27,141000000.0,109.0,Animal House,7.0,420.0,1978,,,,Unknown,138300000.0,True,1970,7,Summer,False
6500000.0,925,en,10.465403,1989-06-30,37295445.0,120.0,Do the Right Thing,7.6,301.0,1989,,,,Unknown,30795445.0,True,1980,6,Summer,False
3000000.0,13939,en,12.968011,1974-07-24,22000000.0,93.0,Death Wish,7.0,165.0,1974,,,,Unknown,19000000.0,True,1970,7,Summer,False
927262.0,996,en,6.49432,1944-04-24,2500000.0,107.0,Double Indemnity,8.0,425.0,1944,,,,Unknown,1572738.0,True,1940,4,Spring,False
13500000.0,1498,en,13.184585,1990-03-30,202000000.0,93.0,Teenage Mutant Ninja Turtles,6.5,486.0,1990,,,,Unknown,188500000.0,True,1990,3,Spring,False
25000000.0,1497,en,7.994266,1991-03-22,78000000.0,88.0,Teenage Mutant Ninja Turtles II: The Secret of the Ooze,5.8,290.0,1991,,,,Unknown,53000000.0,True,1990,3,Spring,False
21000000.0,1499,en,8.13688,1993-03-17,42000000.0,96.0,Teenage Mutant Ninja Turtles III,5.1,189.0,1993,,,,Unknown,21000000.0,True,1990,3,Spring,False
4200000.0,1880,en,8.233168,1984-08-10,38376497.0,114.0,Red Dawn,6.4,217.0,1984,,,,Unknown,34176497.0,True,1980,8,Summer,False
1500000.0,11690,en,8.822276,1988-02-26,11806119.0,92.0,Bloodsport,6.6,370.0,1988,,,,Unknown,10306119.0,True,1980,2,Winter,False
13000000.0,801,en,9.023282,1987-12-23,123922370.0,121.0,"Good Morning, Vietnam",7.1,658.0,1987,,,,Unknown,110922370.0,True,1980,12,Winter,False
,11520,en,7.529482,1993-12-25,,103.0,Grumpy Old Men,6.5,176.0,1993,,,,Unknown,,,1990,12,Winter,
4000000.0,1879,en,5.032469,1967-12-11,56666667.0,108.0,Guess Who's Coming to Dinner,7.6,174.0,1967,,,,Unknown,52666667.0,True,1960,12,Winter,False
25000000.0,2085,en,8.369176,2000-03-20,91036760.0,115.0,Romeo Must Die,6.0,334.0,2000,,,,Unknown,66036760.0,True,2000,3,Spring,False
250000.0,9960,en,7.597775,1963-08-13,,92.0,Lord of the Flies,6.6,164.0,1963,,,,Unknown,,,1960,8,Summer,
2000000.0,990,en,9.333533,1961-09-25,7600000.0,134.0,The Hustler,7.6,243.0,1961,,,,Unknown,5600000.0,True,1960,9,Fall,False
20000000.0,840,en,10.610446,1977-11-16,303788635.0,135.0,Close Encounters of the Third Kind,7.2,1122.0,1977,,,,Unknown,283788635.0,True,1970,11,Fall,True
25000000.0,2291,en,8.176863,1990-11-02,25965144.0,113.0,Jacob's Ladder,7.3,376.0,1990,,,,Unknown,965144.0,True,1990,11,Fall,False
,13531,en,7.188728,1995-09-22,,90.0,Empire Records,6.6,188.0,1995,,,,Unknown,,,1990,9,Fall,
6500000.0,16620,en,6.476534,1987-07-24,54215416.0,108.0,La Bamba,6.8,120.0,1987,,,,Unknown,47715416.0,True,1980,7,Summer,False
20000000.0,526,en,8.157587,1985-03-27,18432000.0,121.0,Ladyhawke,6.8,264.0,1985,,,,Unknown,-1568000.0,False,1980,3,Spring,False
30000000.0,243,en,8.524956,2000-03-17,47126295.0,113.0,High Fidelity,7.0,636.0,2000,,,,Unknown,17126295.0,True,2000,3,Spring,False
95000000.0,10501,en,8.755188,2000-03-31,76432727.0,89.0,The Road to El Dorado,7.0,892.0,2000,,,,Unknown,-18567273.0,False,2000,3,Spring,False
15000000.0,11478,en,11.363754,2000-03-31,35007180.0,106.0,The Skulls,5.7,160.0,2000,,,,Unknown,20007180.0,True,2000,3,Spring,False
70000000.0,879,en,14.508137,1991-12-11,300854823.0,144.0,Hook,6.7,1563.0,1991,,,,Unknown,230854823.0,True,1990,12,Winter,True
,17529,en,12.497833,1969-06-11,14250000.0,128.0,True Grit,7.3,205.0,1969,,,,Unknown,,,1960,6,Summer,False
2300000.0,11327,en,7.186048,1978-09-12,35000000.0,121.0,Midnight Express,7.6,309.0,1978,,,,Unknown,32700000.0,True,1970,9,Fall,False
20000000.0,1700,en,15.020845,1990-11-28,61276872.0,107.0,Misery,7.6,1085.0,1990,,,,Unknown,41276872.0,True,1990,11,Fall,False
,593,ru,11.059785,1972-03-20,,167.0,Solaris,7.7,364.0,1972,,,,Unknown,,,1970,3,Spring,
3800000.0,10774,en,13.180457,1976-11-01,23689877.0,121.0,Network,7.8,391.0,1976,,,,Unknown,19889877.0,True,1970,11,Fall,False
15000000.0,10083,en,11.457803,1987-08-14,35509515.0,114.0,No Way Out,6.9,155.0,1987,,,,Unknown,20509515.0,True,1980,8,Summer,False
,11356,en,8.3539,1968-02-07,44527234.0,106.0,The Odd Couple,7.5,121.0,1968,,,,Unknown,,,1960,2,Winter,False
3700000.0,10747,en,5.849522,1976-06-30,31800000.0,135.0,The Outlaw Josey Wales,7.4,303.0,1976,,,,Unknown,28100000.0,True,1970,6,Summer,False
31000000.0,10559,en,10.163266,2000-04-28,68106245.0,118.0,Frequency,7.0,473.0,2000,,,,Unknown,37106245.0,True,2000,4,Spring,False
60000000.0,10479,en,10.278274,2000-04-07,71000000.0,128.0,Rules of Engagement,6.0,178.0,2000,,,,Unknown,11000000.0,True,2000,4,Spring,False
7000000.0,13665,en,14.911301,1981-07-17,95461682.0,97.0,Arthur,6.5,125.0,1981,,,,Unknown,88461682.0,True,1980,7,Summer,False
6000000.0,12309,en,5.511756,1984-06-29,38435947.0,105.0,Bachelor Party,5.8,156.0,1984,,,,Unknown,32435947.0,True,1980,6,Summer,False
,1552,en,8.09806,1989-07-31,126297830.0,124.0,Parenthood,6.4,177.0,1989,,,,Unknown,,,1980,7,Summer,False
18000000.0,106,en,18.495694,1987-06-11,98235548.0,107.0,Predator,7.3,2129.0,1987,,,,Unknown,80235548.0,True,1980,6,Summer,False
12000000.0,11027,en,8.049042,1981-03-20,,122.0,The Postman Always Rings Twice,6.4,115.0,1981,,,,Unknown,,,1980,3,Spring,
43000000.0,10468,en,4.756669,2000-04-06,,103.0,28 Days,6.0,210.0,2000,,,,Unknown,,,2000,4,Spring,
7000000.0,1359,en,13.686715,2000-04-13,34266564.0,102.0,American Psycho,7.3,2128.0,2000,,,,Unknown,27266564.0,True,2000,4,Spring,False
30000000.0,4967,en,6.045585,2000-04-14,37036004.0,127.0,Keeping the Faith,5.9,161.0,2000,,,,Unknown,7036004.0,True,2000,4,Spring,False
6000000.0,10784,en,10.82887,1972-02-13,,124.0,Cabaret,7.4,210.0,1972,,,,Unknown,,,1970,2,Winter,
980000.0,10242,en,4.857003,1962-10-31,,135.0,What Ever Happened to Baby Jane?,7.9,210.0,1962,,,,Unknown,,,1960,10,Fall,
,11654,en,13.235179,1983-04-29,5979292.0,97.0,The Hunger,6.4,114.0,1983,,,,Unknown,,,1980,4,Spring,False
6500000.0,10518,en,6.006812,1976-10-05,21709020.0,125.0,Marathon Man,7.2,227.0,1976,,,,Unknown,15209020.0,True,1970,10,Fall,False
6000000.0,11977,en,10.451986,1980-07-25,39846344.0,98.0,Caddyshack,6.7,370.0,1980,,,,Unknown,33846344.0,True,1980,7,Summer,False
62000000.0,3536,en,7.879924,2000-04-20,127666415.0,116.0,U-571,6.1,345.0,2000,,,,Unknown,65666415.0,True,2000,4,Spring,False
6000000.0,1443,en,10.505387,1999-04-21,10409377.0,97.0,The Virgin Suicides,7.1,841.0,1999,,,,Unknown,4409377.0,True,1990,4,Spring,False
83000000.0,889,en,6.053595,2000-04-28,59468275.0,90.0,The Flintstones in Viva Rock Vegas,4.4,140.0,2000,,,,Unknown,-23531725.0,False,2000,4,Spring,False
15000000.0,10564,en,5.833133,2000-04-27,33771174.0,120.0,Where the Heart Is,6.9,159.0,2000,,,,Unknown,18771174.0,True,2000,4,Spring,False
2500000.0,452,da,9.174221,1998-04-28,7235.0,117.0,The Idiots,6.7,107.0,1998,,,,Unknown,-2492765.0,False,1990,4,Spring,False
103000000.0,98,en,23.186667,2000-05-01,457640427.0,155.0,Gladiator,7.9,5566.0,2000,,,,Unknown,354640427.0,True,2000,5,Spring,True
3000000.0,16395,en,4.783203,1980-02-07,,107.0,Inferno,6.6,113.0,1980,,,,Unknown,,,1980,2,Winter,
44000000.0,5491,en,5.276926,2000-05-10,21400000.0,118.0,Battlefield Earth,3.0,259.0,2000,,,,Unknown,-22600000.0,False,2000,5,Spring,False
6000000.0,5683,en,11.461437,1985-07-26,40940662.0,90.0,Pee-wee's Big Adventure,6.6,239.0,1985,,,,Unknown,34940662.0,True,1980,7,Summer,False
127500000.0,10567,en,9.998415,2000-05-19,354248063.0,82.0,Dinosaur,6.2,563.0,2000,,,,Unknown,226748063.0,True,2000,5,Spring,True
,10642,en,6.244901,2000-07-21,,98.0,Loser,5.0,122.0,2000,,,,Unknown,,,2000,7,Summer,
16000000.0,9285,en,8.00158,2000-05-19,119754278.0,93.0,Road Trip,5.9,550.0,2000,,,,Unknown,103754278.0,True,2000,5,Spring,False
,10569,en,9.569183,2000-05-19,,94.0,Small Time Crooks,6.4,155.0,2000,,,,Unknown,,,2000,5,Spring,
,21484,fr,10.505671,1981-05-27,,123.0,Possession,6.9,153.0,1981,,,,Unknown,,,1980,5,Spring,
125000000.0,955,en,18.97178,2000-05-24,546388105.0,123.0,Mission: Impossible II,5.9,1966.0,2000,,,,Unknown,421388105.0,True,2000,5,Spring,True
55000000.0,8584,en,10.308442,2000-05-26,56932305.0,110.0,Shanghai Noon,6.2,756.0,2000,,,,Unknown,1932305.0,True,2000,5,Spring,False
923000.0,962,en,6.202041,1925-06-25,2500000.0,95.0,The Gold Rush,7.7,308.0,1925,,,,Unknown,1577000.0,True,1920,6,Summer,False
6500000.0,668,en,9.356264,1969-12-12,81974493.0,142.0,On Her Majesty's Secret Service,6.5,464.0,1969,,,,Unknown,75474493.0,True,1960,12,Winter,False
14000000.0,691,en,9.781451,1977-07-07,185438673.0,125.0,The Spy Who Loved Me,6.6,515.0,1977,,,,Unknown,171438673.0,True,1970,7,Summer,False
34000000.0,698,en,10.576273,1979-06-26,210308099.0,126.0,Moonraker,5.9,551.0,1979,,,,Unknown,176308099.0,True,1970,6,Summer,False
7000000.0,682,en,12.127492,1974-12-01,97572000.0,125.0,The Man with the Golden Gun,6.4,533.0,1974,,,,Unknown,90572000.0,True,1970,12,Winter,False
30000000.0,9600,en,7.978985,2000-05-31,173959438.0,98.0,Big Momma's House,5.6,514.0,2000,,,,Unknown,143959438.0,True,2000,5,Spring,False
4800000.0,2768,en,11.53267,1980-02-08,22743674.0,117.0,American Gigolo,5.9,137.0,1980,,,,Unknown,17943674.0,True,1980,2,Winter,False
6000000.0,10911,en,8.522673,1961-04-27,28900000.0,158.0,The Guns of Navarone,7.3,191.0,1961,,,,Unknown,22900000.0,True,1960,4,Spring,False
,6003,en,6.99099,1968-04-02,38901218.0,138.0,Romeo and Juliet,7.3,145.0,1968,,,,Unknown,,,1960,4,Spring,False
2600000.0,11072,en,13.233262,1974-02-07,119500000.0,93.0,Blazing Saddles,7.2,619.0,1974,,,,Unknown,116900000.0,True,1970,2,Winter,False
,13368,en,6.723456,1954-10-13,,120.0,White Christmas,6.9,111.0,1954,,,,Unknown,,,1950,10,Fall,
10000.0,985,en,7.871001,1977-03-19,7000000.0,89.0,Eraserhead,7.5,500.0,1977,,,,Unknown,6990000.0,True,1970,3,Spring,False
4000000.0,14002,en,9.925348,1992-09-15,,96.0,Baraka,8.0,156.0,1992,,,,Unknown,,,1990,9,Fall,
600000.0,938,it,13.295342,1965-12-18,15000000.0,132.0,For a Few Dollars More,7.8,988.0,1965,,,,Unknown,14400000.0,True,1960,12,Winter,False
,10648,en,10.226181,1973-12-23,39768000.0,124.0,Magnum Force,7.1,251.0,1973,,,,Unknown,,,1970,12,Winter,False
1500000.0,11368,en,8.884,1984-09-07,,97.0,Blood Simple,7.3,308.0,1984,,,,Unknown,,,1980,9,Fall,
26000000.0,1551,en,11.890138,1990-08-09,61489265.0,115.0,Flatliners,6.3,413.0,1990,,,,Unknown,35489265.0,True,1990,8,Summer,False
4000000.0,10246,en,12.650546,1981-11-13,125728258.0,94.0,Porky's,6.1,185.0,1981,,,,Unknown,121728258.0,True,1980,11,Fall,False
,15239,en,8.061088,1984-05-01,,82.0,The Toxic Avenger,6.3,116.0,1984,,,,Unknown,,,1980,5,Spring,
,15762,en,5.460546,1986-08-21,,88.0,Night of the Creeps,6.6,113.0,1986,,,,Unknown,,,1980,8,Summer,
35000000.0,169,en,11.736241,1990-11-20,57120318.0,108.0,Predator 2,6.0,743.0,1990,,,,Unknown,22120318.0,True,1990,11,Fall,False
27000000.0,865,en,9.389976,1987-11-13,38122105.0,101.0,The Running Man,6.4,713.0,1987,,,,Unknown,11122105.0,True,1980,11,Fall,False
22000000.0,9663,en,9.763928,1984-12-13,28744356.0,115.0,Starman,6.6,219.0,1984,,,,Unknown,6744356.0,True,1980,12,Winter,False
400000.0,9659,en,11.412619,1979-04-12,100000000.0,93.0,Mad Max,6.6,1235.0,1979,,,,Unknown,99600000.0,True,1970,4,Spring,False
2000000.0,8810,en,11.189831,1981-12-24,24600832.0,95.0,Mad Max 2: The Road Warrior,7.3,981.0,1981,,,,Unknown,22600832.0,True,1980,12,Winter,False
12305523.0,9355,en,12.689648,1985-06-29,36230219.0,107.0,Mad Max Beyond Thunderdome,5.9,765.0,1985,,,,Unknown,23924696.0,True,1980,6,Summer,False
20000000.0,1727,en,8.300805,1990-05-18,,110.0,Bird on a Wire,5.9,209.0,1990,,,,Unknown,,,1990,5,Spring,
17000000.0,635,en,7.290872,1987-03-06,17185632.0,113.0,Angel Heart,7.0,326.0,1987,,,,Unknown,185632.0,True,1980,3,Spring,False
17000000.0,10068,en,6.706262,1986-02-14,6735922.0,117.0,Nine 1/2 Weeks,5.8,183.0,1986,,,,Unknown,-10264078.0,False,1980,2,Winter,False
15000000.0,11495,en,7.048087,1984-05-11,17080167.0,114.0,Firestarter,5.9,174.0,1984,,,,Unknown,2080167.0,True,1980,5,Spring,False
90000000.0,9679,en,14.091765,2000-06-09,237202299.0,118.0,Gone in Sixty Seconds,6.1,1511.0,2000,,,,Unknown,147202299.0,True,2000,6,Summer,False
150000.0,17814,en,11.881808,1976-11-05,,91.0,Assault on Precinct 13,7.1,223.0,1976,,,,Unknown,,,1970,11,Fall,
5000000.0,11879,en,7.906537,1987-10-02,,95.0,Near Dark,6.8,149.0,1987,,,,Unknown,,,1980,10,Fall,
1600000.0,592,en,13.245638,1974-04-07,4420000.0,113.0,The Conversation,7.5,377.0,1974,,,,Unknown,2820000.0,True,1970,4,Spring,False
3000000.0,9040,en,12.842165,1973-12-05,29800000.0,129.0,Serpico,7.5,429.0,1973,,,,Unknown,26800000.0,True,1970,12,Winter,False
1821052.0,25364,en,11.046411,1951-06-29,1300000.0,111.0,Ace in the Hole,7.9,128.0,1951,,,,Unknown,-521052.0,False,1950,6,Summer,False
25000000.0,6978,en,11.109932,1986-05-30,11000000.0,99.0,Big Trouble in Little China,7.1,727.0,1986,,,,Unknown,-14000000.0,False,1980,5,Spring,False
,3133,en,16.641976,1973-10-15,,94.0,Badlands,7.5,301.0,1973,,,,Unknown,,,1970,10,Fall,
,643,ru,12.912845,1925-12-24,45100.0,75.0,Battleship Potemkin,7.6,201.0,1925,,,,Unknown,,,1920,12,Winter,False
16000000.0,10571,en,10.070988,2000-06-16,20627372.0,94.0,Boys and Girls,5.4,107.0,2000,,,,Unknown,4627372.0,True,2000,6,Summer,False
46000000.0,479,en,7.420019,2000-06-15,107196498.0,99.0,Shaft,5.5,316.0,2000,,,,Unknown,61196498.0,True,2000,6,Summer,False
75000000.0,7450,en,7.515631,2000-06-16,36754634.0,94.0,Titan A.E.,6.3,320.0,2000,,,,Unknown,-38245366.0,False,2000,6,Summer,False
45000000.0,7443,en,11.834245,2000-06-21,224834564.0,84.0,Chicken Run,6.5,1190.0,2000,,,,Unknown,179834564.0,True,2000,6,Summer,False
51000000.0,2123,en,9.95456,2000-06-22,149270999.0,116.0,"Me, Myself & Irene",6.1,956.0,2000,,,,Unknown,98270999.0,True,2000,6,Summer,False
110000000.0,2024,en,15.960788,2000-06-28,215294342.0,165.0,The Patriot,6.8,1130.0,2000,,,,Unknown,105294342.0,True,2000,6,Summer,False
120000000.0,2133,en,18.911961,2000-03-15,325756637.0,130.0,The Perfect Storm,6.2,609.0,2000,,,,Unknown,205756637.0,True,2000,3,Spring,True
35000000.0,9702,en,6.398031,1993-02-05,,180.0,Bound by Honor,7.7,116.0,1993,,,,Unknown,,,1990,2,Winter,
1500000.0,15379,en,6.241185,1984-11-16,22812411.0,101.0,Missing in Action,5.2,107.0,1984,,,,Unknown,21312411.0,True,1980,11,Fall,False
,8348,en,8.283863,1974-05-23,21700000.0,115.0,Thunderbolt and Lightfoot,6.6,113.0,1974,,,,Unknown,,,1970,5,Spring,False
65000000.0,4244,en,15.045725,2000-07-07,69700000.0,104.0,The Kid,6.0,242.0,2000,,,,Unknown,4700000.0,True,2000,7,Summer,False
19000000.0,4247,en,12.446738,2000-07-07,278019771.0,88.0,Scary Movie,6.0,1468.0,2000,,,,Unknown,259019771.0,True,2000,7,Summer,False
1200000.0,20770,en,4.928139,1999-09-12,2600000.0,85.0,But I'm a Cheerleader,6.5,101.0,1999,,,,Unknown,1400000.0,True,1990,9,Fall,False
,1052,en,10.59036,1966-12-18,,111.0,Blow-Up,7.3,227.0,1966,,,,Unknown,,,1960,12,Winter,
8200000.0,1788,en,10.403992,1984-02-17,80035402.0,107.0,Footloose,6.4,525.0,1984,,,,Unknown,71835402.0,True,1980,2,Winter,False
75000000.0,36657,en,0.954467,2000-07-13,296339527.0,104.0,X-Men,6.8,4172.0,2000,,,,Unknown,221339527.0,True,2000,7,Summer,True
100000000.0,2655,en,9.500497,2000-07-21,155464351.0,130.0,What Lies Beneath,6.3,504.0,2000,,,,Unknown,55464351.0,True,2000,7,Summer,False
30000000.0,12599,ja,7.554848,1999-07-17,133949270.0,84.0,Pokémon: The Movie 2000,6.4,201.0,1999,,,,Unknown,103949270.0,True,1990,7,Summer,False
,93,en,9.473772,1959-07-01,,160.0,Anatomy of a Murder,7.7,207.0,1959,,,,Unknown,,,1950,7,Summer,
35000000.0,10276,en,11.787942,1991-05-17,63710000.0,100.0,What About Bob?,6.7,265.0,1991,,,,Unknown,28710000.0,True,1990,5,Spring,False
2000000.0,11624,en,5.378481,1972-08-06,18016290.0,88.0,Everything You Always Wanted to Know About Sex *But Were Afraid to Ask,6.6,218.0,1972,,,,Unknown,16016290.0,True,1970,8,Summer,False
3000000.0,11686,en,5.165666,1975-06-10,20173742.0,85.0,Love and Death,7.5,176.0,1975,,,,Unknown,17173742.0,True,1970,6,Summer,False
84000000.0,12107,en,6.671316,2000-07-27,123307945.0,106.0,Nutty Professor II: The Klumps,4.7,338.0,2000,,,,Unknown,39307945.0,True,2000,7,Summer,False
65000000.0,10641,en,7.420422,2000-08-11,,103.0,Autumn in New York,5.7,144.0,2000,,,,Unknown,,,2000,8,Summer,
45000000.0,6282,en,15.650836,2000-07-30,113916474.0,100.0,Coyote Ugly,5.8,590.0,2000,,,,Unknown,68916474.0,True,2000,7,Summer,False
95000000.0,9383,en,7.912103,2000-08-04,190213455.0,112.0,Hollow Man,5.6,645.0,2000,,,,Unknown,95213455.0,True,2000,8,Summer,False
65000000.0,5551,en,7.45761,2000-07-31,128884132.0,130.0,Space Cowboys,6.3,407.0,2000,,,,Unknown,63884132.0,True,2000,7,Summer,False
10000000.0,2360,en,5.13955,2000-01-24,26330482.0,93.0,Saving Grace,6.3,115.0,2000,,,,Unknown,16330482.0,True,2000,1,Winter,False
4000000.0,11589,en,8.418662,1970-06-22,5200000.0,144.0,Kelly's Heroes,7.2,191.0,1970,,,,Unknown,1200000.0,True,1970,6,Summer,False
3500000.0,26515,en,11.841506,1988-06-09,4385516.0,86.0,Pumpkinhead,5.9,108.0,1988,,,,Unknown,885516.0,True,1980,6,Summer,False
,11856,en,10.274376,1990-08-10,33461269.0,112.0,Air America,5.3,146.0,1990,,,,Unknown,,,1990,8,Summer,False
350000.0,13567,en,6.224311,1983-11-18,,85.0,Sleepaway Camp,6.1,124.0,1983,,,,Unknown,,,1980,11,Fall,
,10860,en,7.14561,1989-11-15,95904091.0,119.0,Steel Magnolias,7.1,146.0,1989,,,,Unknown,,,1980,11,Fall,False
,10393,en,13.450661,2000-08-07,,118.0,The Replacements,6.2,207.0,2000,,,,Unknown,,,2000,8,Summer,
33000000.0,8843,en,13.234894,2000-08-17,104155843.0,107.0,The Cell,6.0,442.0,2000,,,,Unknown,71155843.0,True,2000,8,Summer,False
12000000.0,37136,en,15.698222,1988-12-02,78756177.0,85.0,The Naked Gun: From the Files of Police Squad!,7.1,1020.0,1988,,,,Unknown,66756177.0,True,1980,12,Winter,False
23000000.0,37137,en,9.794569,1991-06-28,86930411.0,85.0,The Naked Gun 2½: The Smell of Fear,6.6,556.0,1991,,,,Unknown,63930411.0,True,1990,6,Summer,False
3100000.0,3110,en,6.63816,1953-04-23,20000000.0,118.0,Shane,7.3,143.0,1953,,,,Unknown,16900000.0,True,1950,4,Spring,False
35000000.0,9651,en,11.932675,1984-11-19,14296438.0,124.0,Supergirl,4.7,108.0,1984,,,,Unknown,-20703562.0,False,1980,11,Fall,False
40000000.0,11398,en,9.800232,2000-08-23,30199105.0,117.0,The Art of War,5.6,136.0,2000,,,,Unknown,-9800895.0,False,2000,8,Summer,False
28000000.0,1588,en,6.402888,2000-08-25,90449929.0,98.0,Bring It On,5.8,574.0,2000,,,,Unknown,62449929.0,True,2000,8,Summer,False
25000000.0,12211,en,11.430964,2000-09-01,15843608.0,87.0,Highlander: Endgame,4.4,107.0,2000,,,,Unknown,-9156392.0,False,2000,9,Fall,False
24000000.0,10480,en,6.335925,2000-09-08,,108.0,Nurse Betty,5.9,113.0,2000,,,,Unknown,,,2000,9,Fall,
33000000.0,10685,en,6.173059,2000-09-08,,96.0,The Watcher,5.0,112.0,2000,,,,Unknown,,,2000,9,Fall,
8500000.0,1619,en,6.03633,2000-09-08,19125401.0,119.0,The Way of the Gun,6.4,106.0,2000,,,,Unknown,10625401.0,True,2000,9,Fall,False
60000000.0,786,en,9.086699,2000-09-15,47383689.0,122.0,Almost Famous,7.4,807.0,2000,,,,Unknown,-12616311.0,False,2000,9,Fall,False
25000000.0,10562,en,11.839267,2000-09-24,260562.0,110.0,Under Suspicion,6.4,104.0,2000,,,,Unknown,-24739438.0,False,2000,9,Fall,False
14000000.0,12212,en,12.243528,2000-09-19,38574362.0,97.0,Urban Legends: Final Cut,4.4,102.0,2000,,,,Unknown,24574362.0,True,2000,9,Fall,False
12800000.0,16,en,10.684806,2000-05-17,40031879.0,140.0,Dancer in the Dark,7.7,392.0,2000,,,,Unknown,27231879.0,True,2000,5,Spring,False
,13785,en,6.256848,2000-09-19,,90.0,Best in Show,6.7,168.0,2000,,,,Unknown,,,2000,9,Fall,
30000000.0,10637,en,6.587726,2000-09-29,136706683.0,113.0,Remember the Titans,7.4,835.0,2000,,,,Unknown,106706683.0,True,2000,9,Fall,False
1000000.0,9003,en,10.81305,1987-09-11,14564027.0,94.0,Hellraiser,6.9,464.0,1987,,,,Unknown,13564027.0,True,1980,9,Fall,False
3000000.0,9064,en,8.541732,1988-12-23,12090735.0,97.0,Hellbound: Hellraiser II,6.3,227.0,1988,,,,Unknown,9090735.0,True,1980,12,Winter,False
5000000.0,11569,en,6.546551,1992-09-11,12534961.0,93.0,Hellraiser III: Hell on Earth,5.3,160.0,1992,,,,Unknown,7534961.0,True,1990,9,Fall,False
,469,en,11.33706,1984-10-01,,89.0,Stranger Than Paradise,7.4,112.0,1984,,,,Unknown,,,1980,10,Fall,
5115000.0,2161,en,12.53841,1966-08-24,12000000.0,100.0,Fantastic Voyage,6.7,108.0,1966,,,,Unknown,6885000.0,True,1960,8,Summer,False
,10973,en,7.390658,1954-03-05,1300000.0,79.0,Creature from the Black Lagoon,6.7,152.0,1954,,,,Unknown,,,1950,3,Spring,False
328000.0,10787,en,5.192905,1933-11-13,,71.0,The Invisible Man,7.3,151.0,1933,,,,Unknown,,,1930,11,Fall,
63600000.0,10461,en,6.047757,2000-10-06,19412993.0,102.0,Get Carter,4.8,147.0,2000,,,,Unknown,-44187007.0,False,2000,10,Fall,False
1814462.0,1485,en,7.505268,1971-03-03,,112.0,Get Carter,6.9,122.0,1971,,,,Unknown,,,1970,3,Spring,
55000000.0,1597,en,14.178281,2000-10-06,330444045.0,108.0,Meet the Parents,6.6,1743.0,2000,,,,Unknown,275444045.0,True,2000,10,Fall,True
4500000.0,641,en,6.874828,2000-10-27,7390108.0,102.0,Requiem for a Dream,7.9,2525.0,2000,,,,Unknown,2890108.0,True,2000,10,Fall,False
10000000.0,10687,en,5.878885,2000-09-22,,101.0,Tigerland,6.7,155.0,2000,,,,Unknown,,,2000,9,Fall,
750000.0,2134,en,12.054356,1960-08-17,,103.0,The Time Machine,7.5,217.0,1960,,,,Unknown,,,1960,8,Summer,
5000000.0,71,en,12.158424,2000-05-18,110000000.0,110.0,Billy Elliot,7.4,774.0,2000,,,,Unknown,105000000.0,True,2000,5,Spring,False
48000000.0,1636,en,8.781588,2000-10-19,90383208.0,93.0,Bedazzled,5.6,526.0,2000,,,,Unknown,42383208.0,True,2000,10,Fall,False
40000000.0,10647,en,10.479723,2000-10-12,55707411.0,122.0,Pay It Forward,7.0,447.0,2000,,,,Unknown,15707411.0,True,2000,10,Fall,False
,19204,it,7.471402,1981-04-22,,87.0,The Beyond,6.6,121.0,1981,,,,Unknown,,,1980,4,Spring,
,12207,cn,8.6807,1994-02-03,,102.0,The Legend of Drunken Master,7.2,246.0,1994,,,,Unknown,,,1990,2,Winter,
,11531,en,4.792013,2000-10-27,,90.0,Book of Shadows: Blair Witch 2,4.3,216.0,2000,,,,Unknown,,,2000,10,Fall,
92000000.0,4327,en,9.774985,2000-11-02,264105545.0,98.0,Charlie's Angels,5.6,1253.0,2000,,,,Unknown,172105545.0,True,2000,11,Fall,False
80000000.0,4958,en,9.034884,2000-11-02,39459427.0,126.0,The Legend of Bagger Vance,6.4,259.0,2000,,,,Unknown,-40540573.0,False,2000,11,Fall,False
85000000.0,9678,en,6.10979,2000-11-10,,90.0,Little Nicky,5.2,447.0,2000,,,,Unknown,,,2000,11,Fall,
32000000.0,11978,en,7.177649,2000-09-13,48814909.0,129.0,Men of Honor,7.0,556.0,2000,,,,Unknown,16814909.0,True,2000,9,Fall,False
80000000.0,8870,en,8.534176,2000-11-10,33463969.0,106.0,Red Planet,5.4,271.0,2000,,,,Unknown,-46536031.0,False,2000,11,Fall,False
7200000.0,681,en,12.00491,1971-12-13,116019547.0,120.0,Diamonds Are Forever,6.3,562.0,1971,,,,Unknown,108819547.0,True,1970,12,Winter,False
82000000.0,8452,en,8.41311,2000-11-17,96085477.0,123.0,The 6th Day,5.7,603.0,2000,,,,Unknown,14085477.0,True,2000,11,Fall,False
35000000.0,10862,en,13.349518,2000-11-15,36779296.0,106.0,Bounce,5.5,120.0,2000,,,,Unknown,1779296.0,True,2000,11,Fall,False
123000000.0,8871,en,11.642462,2000-11-17,345141403.0,104.0,How the Grinch Stole Christmas,6.2,1440.0,2000,,,,Unknown,222141403.0,True,2000,11,Fall,True
85000000.0,10481,en,7.668752,2000-10-07,183611771.0,100.0,102 Dalmatians,5.1,327.0,2000,,,,Unknown,98611771.0,True,2000,10,Fall,False
,10867,it,9.490512,2000-10-27,,109.0,Malena,6.9,301.0,2000,,,,Unknown,,,2000,10,Fall,
13500000.0,10876,en,5.387711,2000-11-22,7060876.0,124.0,Quills,6.8,129.0,2000,,,,Unknown,-6439124.0,False,2000,11,Fall,False
75000000.0,9741,en,14.67855,2000-11-13,248118121.0,106.0,Unbreakable,6.9,1994.0,2000,,,,Unknown,173118121.0,True,2000,11,Fall,False
17000000.0,146,zh,19.944953,2000-10-01,213525736.0,120.0,"Crouching Tiger, Hidden Dragon",7.2,949.0,2000,,,,Unknown,196525736.0,True,2000,10,Fall,False
35000000.0,11849,en,4.884311,2000-12-08,15185241.0,107.0,Dungeons & Dragons,3.9,159.0,2000,,,,Unknown,-19814759.0,False,2000,12,Winter,False
65000000.0,11983,en,9.508691,2000-12-08,,135.0,Proof of Life,6.1,211.0,2000,,,,Unknown,,,2000,12,Winter,
75000000.0,11678,en,6.548229,2000-12-08,215663859.0,124.0,Vertical Limit,5.9,287.0,2000,,,,Unknown,140663859.0,True,2000,12,Winter,False
25000000.0,2669,en,7.492912,1984-05-04,8613462.0,132.0,The Bounty,6.5,109.0,1984,,,,Unknown,-16386538.0,False,1980,5,Spring,False
,2609,en,9.420183,1987-11-26,49230280.0,93.0,"Planes, Trains and Automobiles",7.1,567.0,1987,,,,Unknown,,,1980,11,Fall,False
40000000.0,708,en,12.189038,1987-06-29,191185897.0,130.0,The Living Daylights,6.2,447.0,1987,,,,Unknown,151185897.0,True,1980,6,Summer,False
6000000.0,1857,en,6.759181,1986-08-08,5849647.0,84.0,The Transformers: The Movie,7.1,134.0,1986,,,,Unknown,-150353.0,False,1980,8,Summer,False
15000000.0,10673,en,11.672701,1987-12-10,43848069.0,126.0,Wall Street,7.0,557.0,1987,,,,Unknown,28848069.0,True,1980,12,Winter,False
14000000.0,2604,en,13.617646,1989-12-20,161001698.0,145.0,Born on the Fourth of July,6.7,403.0,1989,,,,Unknown,147001698.0,True,1980,12,Winter,False
20000000.0,11064,en,6.526379,1985-05-22,45833132.0,97.0,Brewster's Millions,6.5,144.0,1985,,,,Unknown,25833132.0,True,1980,5,Spring,False
10000000.0,107,en,14.014025,2000-09-01,83557872.0,103.0,Snatch,7.7,2953.0,2000,,,,Unknown,73557872.0,True,2000,9,Fall,False
25000000.0,392,en,8.9256,2000-12-14,152500343.0,121.0,Chocolat,6.8,979.0,2000,,,,Unknown,127500343.0,True,2000,12,Winter,False
13000000.0,8859,en,10.890236,2000-12-15,73180723.0,83.0,"Dude, Where’s My Car?",5.3,523.0,2000,,,,Unknown,60180723.0,True,2000,12,Winter,False
100000000.0,11688,en,12.297375,2000-12-09,169327687.0,78.0,The Emperor's New Groove,7.2,1544.0,2000,,,,Unknown,69327687.0,True,2000,12,Winter,False
70000000.0,3981,en,9.963079,2000-12-15,374111707.0,127.0,What Women Want,6.1,1021.0,2000,,,,Unknown,304111707.0,True,2000,12,Winter,True
43000000.0,711,en,10.536255,2000-12-21,80049764.0,136.0,Finding Forrester,7.0,305.0,2000,,,,Unknown,37049764.0,True,2000,12,Winter,False
10000000.0,2046,en,7.886926,2000-12-22,12008642.0,111.0,The Gift,6.4,288.0,2000,,,,Unknown,2008642.0,True,2000,12,Winter,False
90000000.0,8358,en,21.296343,2000-12-22,429632142.0,143.0,Cast Away,7.5,3304.0,2000,,,,Unknown,339632142.0,True,2000,12,Winter,True
60000000.0,5994,en,6.287072,2000-12-12,,125.0,The Family Man,6.5,530.0,2000,,,,Unknown,,,2000,12,Winter,
45000000.0,1493,en,9.510762,2000-12-14,212000000.0,111.0,Miss Congeniality,6.1,987.0,2000,,,,Unknown,167000000.0,True,2000,12,Winter,False
26000000.0,134,en,12.434175,2000-08-30,71868327.0,106.0,"O Brother, Where Art Thou?",7.3,1144.0,2000,,,,Unknown,45868327.0,True,2000,8,Summer,False
28000000.0,10577,en,6.000716,2000-12-22,33000337.0,99.0,Dracula 2000,4.6,150.0,2000,,,,Unknown,5000337.0,True,2000,12,Winter,False
80000000.0,11973,en,10.204559,2000-12-24,34566746.0,145.0,Thirteen Days,6.9,192.0,2000,,,,Unknown,-45433254.0,False,2000,12,Winter,False
48000000.0,1900,en,8.338222,2000-12-27,207515725.0,147.0,Traffic,6.9,573.0,2000,,,,Unknown,159515725.0,True,2000,12,Winter,False
8000000.0,10873,en,12.691457,2000-05-15,8279017.0,92.0,Shadow of the Vampire,6.6,149.0,2000,,,,Unknown,279017.0,True,2000,5,Spring,False
50000000.0,15739,en,8.997507,1982-06-18,57059003.0,127.0,Annie,6.2,203.0,1982,,,,Unknown,7059003.0,True,1980,6,Summer,False
10000000.0,15413,en,5.402262,1991-06-07,25196249.0,105.0,Don't Tell Mom the Babysitter's Dead,5.8,108.0,1991,,,,Unknown,15196249.0,True,1990,6,Summer,False
,2623,en,7.936216,1982-07-28,129795554.0,124.0,An Officer and a Gentleman,6.8,219.0,1982,,,,Unknown,,,1980,7,Summer,False
30000000.0,9989,en,8.142166,2001-01-12,18195610.0,108.0,Antitrust,5.8,156.0,2001,,,,Unknown,-11804390.0,False,2000,1,Winter,False
13000000.0,9816,en,4.794088,2001-01-12,91038276.0,112.0,Save the Last Dance,6.3,359.0,2001,,,,Unknown,78038276.0,True,2000,1,Winter,False
35000000.0,5955,en,12.806634,2001-01-09,29400000.0,123.0,The Pledge,6.6,221.0,2001,,,,Unknown,-5600000.0,False,2000,1,Winter,False
,11191,en,6.854978,1988-10-13,,104.0,Mystic Pizza,6.0,127.0,1988,,,,Unknown,,,1980,10,Fall,
35000000.0,2018,en,8.056016,2001-01-26,94728529.0,103.0,The Wedding Planner,5.4,433.0,2001,,,,Unknown,59728529.0,True,2000,1,Winter,False
20000000.0,96,en,9.200336,1987-05-18,299965036.0,100.0,Beverly Hills Cop II,6.1,627.0,1987,,,,Unknown,279965036.0,True,1980,5,Spring,True
15000000.0,90,en,8.503483,1984-11-29,316360478.0,105.0,Beverly Hills Cop,6.8,985.0,1984,,,,Unknown,301360478.0,True,1980,11,Fall,True
1800000.0,12919,en,9.104462,1987-08-14,31623833.0,94.0,Can't Buy Me Love,6.7,167.0,1987,,,,Unknown,29823833.0,True,1980,8,Summer,False
,17159,en,11.266569,1987-11-25,50504655.0,90.0,Eddie Murphy Raw,7.4,106.0,1987,,,,Unknown,,,1980,11,Fall,False
35000000.0,10110,en,10.220906,1987-12-09,22238696.0,153.0,Empire of the Sun,7.3,491.0,1987,,,,Unknown,-12761304.0,False,1980,12,Winter,False
350000.0,764,en,10.421679,1981-10-15,29400000.0,85.0,The Evil Dead,7.3,913.0,1981,,,,Unknown,29050000.0,True,1980,10,Fall,False
,2614,en,10.134408,1987-06-30,25893810.0,120.0,Innerspace,6.6,336.0,1987,,,,Unknown,,,1980,6,Summer,False
23000000.0,580,en,9.327986,1987-07-17,51881013.0,89.0,Jaws: The Revenge,3.5,227.0,1987,,,,Unknown,28881013.0,True,1980,7,Summer,False
8500000.0,1547,en,9.099731,1987-07-31,32222567.0,97.0,The Lost Boys,6.8,545.0,1987,,,,Unknown,23722567.0,True,1980,7,Summer,False
6000000.0,10019,en,8.525782,1987-02-13,42721196.0,89.0,Mannequin,5.5,130.0,1987,,,,Unknown,36721196.0,True,1980,2,Winter,False
22000000.0,11649,en,7.106954,1987-08-07,17336370.0,106.0,Masters of the Universe,5.1,196.0,1987,,,,Unknown,-4663630.0,False,1980,8,Summer,False
12000000.0,13509,en,7.075534,1987-08-14,3769990.0,82.0,The Monster Squad,6.8,146.0,1987,,,,Unknown,-8230010.0,False,1980,8,Summer,False
,10984,en,5.367306,2001-02-01,,96.0,Valentine,5.0,114.0,2001,,,,Unknown,,,2000,2,Winter,
,843,cn,8.703552,2000-05-22,12854953.0,98.0,In the Mood for Love,7.8,379.0,2000,,,,Unknown,,,2000,5,Spring,False
87000000.0,9740,en,2.48875,2001-02-08,351692268.0,131.0,Hannibal,6.4,1296.0,2001,,,,Unknown,264692268.0,True,2000,2,Winter,True
22000000.0,10878,en,8.526823,2001-02-09,19351569.0,90.0,Saving Silverman,5.4,155.0,2001,,,,Unknown,-2648431.0,False,2000,2,Winter,False
40000000.0,1921,en,14.840318,2001-02-16,65754228.0,119.0,Sweet November,6.4,292.0,2001,,,,Unknown,25754228.0,True,2000,2,Winter,False
62000000.0,12138,en,4.76448,2001-02-23,18720175.0,125.0,3000 Miles to Graceland,5.8,181.0,2001,,,,Unknown,-43279825.0,False,2000,2,Winter,False
57000000.0,6073,en,9.958406,2001-03-01,147845033.0,123.0,The Mexican,5.8,453.0,2001,,,,Unknown,90845033.0,True,2000,3,Spring,False
60000000.0,2749,en,12.149946,2001-03-01,56359980.0,120.0,15 Minutes,5.7,194.0,2001,,,,Unknown,-3640020.0,False,2000,3,Spring,False
4000000.0,17466,en,13.90542,1990-09-14,16853487.0,93.0,Death Warrant,5.4,117.0,1990,,,,Unknown,12853487.0,True,1990,9,Fall,False
15000000.0,9594,en,6.600651,1991-07-31,30102717.0,110.0,Double Impact,5.3,219.0,1991,,,,Unknown,15102717.0,True,1990,7,Summer,False
31000000.0,4587,en,5.55237,1990-12-14,35419397.0,110.0,Mermaids,6.5,124.0,1990,,,,Unknown,4419397.0,True,1990,12,Winter,False
15000000.0,11454,en,0.338943,1986-08-14,8620929.0,119.0,Manhunter,6.8,340.0,1986,,,,Unknown,-6379071.0,False,1980,8,Summer,False
7920000.0,4192,en,11.162277,1978-10-06,14560084.0,140.0,Death on the Nile,6.7,121.0,1978,,,,Unknown,6640084.0,True,1970,10,Fall,False
,14052,en,5.780761,1984-07-20,,90.0,Revenge of the Nerds,6.6,204.0,1984,,,,Unknown,,,1980,7,Summer,
68000000.0,853,en,10.704813,2001-03-13,96976270.0,131.0,Enemy at the Gates,7.2,1023.0,2001,,,,Unknown,28976270.0,True,2000,3,Spring,False
50000000.0,10877,en,12.280827,2001-03-13,79958599.0,101.0,Exit Wounds,5.3,111.0,2001,,,,Unknown,29958599.0,True,2000,3,Spring,False
9000000.0,77,en,15.450789,2000-10-11,39723096.0,113.0,Memento,8.1,4168.0,2000,,,,Unknown,30723096.0,True,2000,10,Fall,False
35000000.0,10833,en,9.515602,2001-03-23,,123.0,Heartbreakers,5.8,256.0,2001,,,,Unknown,,,2000,3,Spring,
23000000.0,12658,en,5.298111,2001-03-30,,97.0,Someone Like You...,6.0,119.0,2001,,,,Unknown,,,2000,3,Spring,
35000000.0,10054,en,9.576745,2001-03-18,147934180.0,88.0,Spy Kids,5.5,893.0,2001,,,,Unknown,112934180.0,True,2000,3,Spring,False
2000000.0,55,es,5.958138,2000-06-16,20908467.0,154.0,Amores perros,7.6,537.0,2000,,,,Unknown,18908467.0,True,2000,6,Summer,False
60000000.0,2043,en,13.214068,2001-04-06,105178561.0,104.0,Along Came a Spider,6.1,408.0,2001,,,,Unknown,45178561.0,True,2000,4,Spring,False
53000000.0,4133,en,12.332223,2001-04-04,83282296.0,124.0,Blow,7.4,1352.0,2001,,,,Unknown,30282296.0,True,2000,4,Spring,False
,56715,en,6.198238,2001-04-06,,88.0,Just Visiting,4.9,173.0,2001,,,,Unknown,,,2000,4,Spring,
16000000.0,10991,ja,10.264597,2000-07-08,68411275.0,93.0,Pokémon: Spell of the Unknown,6.0,143.0,2000,,,,Unknown,52411275.0,True,2000,7,Summer,False
25000000.0,634,en,10.780524,2001-04-13,281929795.0,97.0,Bridget Jones's Diary,6.6,1397.0,2001,,,,Unknown,256929795.0,True,2000,4,Spring,False
17700000.0,10956,en,10.442468,2001-04-10,30987695.0,91.0,Joe Dirt,5.5,247.0,2001,,,,Unknown,13287695.0,True,2000,4,Spring,False
,9519,en,9.035898,2000-06-21,236185.0,94.0,Chopper,6.7,111.0,2000,,,,Unknown,,,2000,6,Summer,False
21150000.0,9290,en,6.640385,2001-04-12,39438674.0,92.0,Crocodile Dundee in Los Angeles,4.7,149.0,2001,,,,Unknown,18288674.0,True,2000,4,Spring,False
,13166,en,7.187919,2001-04-18,,87.0,Freddy Got Fingered,4.5,117.0,2001,,,,Unknown,,,2000,4,Spring,
25000000.0,111,en,11.299673,1983-12-08,65884703.0,170.0,Scarface,8.0,3017.0,1983,,,,Unknown,40884703.0,True,1980,12,Winter,False
94000000.0,10477,en,5.310558,2001-04-27,54744738.0,116.0,Driven,4.5,180.0,2001,,,,Unknown,-39255262.0,False,2000,4,Spring,False
98000000.0,1734,en,16.945657,2001-04-28,433013274.0,130.0,The Mummy Returns,6.0,2258.0,2001,,,,Unknown,335013274.0,True,2000,4,Spring,True
31115000.0,8095,en,8.591238,1963-06-12,71000000.0,248.0,Cleopatra,6.7,148.0,1963,,,,Unknown,39885000.0,True,1960,6,Summer,False
27000000.0,849,en,9.848674,1983-07-29,16519460.0,117.0,Krull,5.8,130.0,1983,,,,Unknown,-10480540.0,False,1980,7,Summer,False
,3784,en,6.889748,1991-10-18,22773535.0,118.0,Frankie and Johnny,6.6,115.0,1991,,,,Unknown,,,1990,10,Fall,False
,19494,en,15.458258,1980-12-18,,110.0,Nine to Five,6.7,102.0,1980,,,,Unknown,,,1980,12,Winter,
2200000.0,9062,en,6.127903,1970-12-16,136400000.0,99.0,Love Story,6.6,123.0,1970,,,,Unknown,134200000.0,True,1970,12,Winter,False
65000000.0,9476,en,10.90061,2001-05-11,117487473.0,132.0,A Knight's Tale,6.6,933.0,2001,,,,Unknown,52487473.0,True,2000,5,Spring,False
60000000.0,808,en,17.987728,2001-05-16,484409218.0,90.0,Shrek,7.3,4183.0,2001,,,,Unknown,424409218.0,True,2000,5,Spring,True
52500000.0,824,en,13.691781,2001-03-09,179213434.0,127.0,Moulin Rouge!,7.4,1348.0,2001,,,,Unknown,126713434.0,True,2000,3,Spring,False
140000000.0,676,en,11.419388,2001-05-21,449220945.0,183.0,Pearl Harbor,6.6,1833.0,2001,,,,Unknown,309220945.0,True,2000,5,Spring,True
27000000.0,1406,en,7.334686,1991-06-07,179033791.0,112.0,City Slickers,6.2,232.0,1991,,,,Unknown,152033791.0,True,1990,6,Summer,False
15000000.0,1632,en,13.971865,1988-12-08,34604000.0,128.0,Mississippi Burning,7.4,336.0,1988,,,,Unknown,19604000.0,True,1980,12,Winter,False
2000000.0,966,en,10.650752,1960-10-22,4905000.0,128.0,The Magnificent Seven,7.4,472.0,1960,,,,Unknown,2905000.0,True,1960,10,Fall,False
,301,en,10.847383,1959-03-17,5800000.0,141.0,Rio Bravo,7.6,265.0,1959,,,,Unknown,,,1950,3,Spring,False
14000000.0,11896,en,6.573364,1987-12-11,57915972.0,88.0,Throw Momma from the Train,6.0,147.0,1987,,,,Unknown,43915972.0,True,1980,12,Winter,False
22000000.0,11090,en,8.473369,2001-06-01,84772742.0,84.0,The Animal,4.6,310.0,2001,,,,Unknown,62772742.0,True,2000,6,Summer,False
80000000.0,9397,en,5.395127,2001-06-08,98376292.0,101.0,Evolution,5.7,650.0,2001,,,,Unknown,18376292.0,True,2000,6,Summer,False
102000000.0,9705,en,9.646208,2001-06-07,147080413.0,99.0,Swordfish,6.1,946.0,2001,,,,Unknown,45080413.0,True,2000,6,Summer,False
24000000.0,1089,en,11.453093,1991-07-12,83531958.0,120.0,Point Break,6.9,861.0,1991,,,,Unknown,59531958.0,True,1990,7,Summer,False
,759,en,7.174547,1953-07-14,,91.0,Gentlemen Prefer Blondes,7.1,169.0,1953,,,,Unknown,,,1950,7,Summer,
,10297,en,6.000494,1953-10-29,,95.0,How to Marry a Millionaire,6.9,117.0,1953,,,,Unknown,,,1950,10,Fall,
1800000.0,10653,en,6.81733,1955-06-01,,105.0,The Seven Year Itch,7.0,184.0,1955,,,,Unknown,,,1950,6,Summer,
21000000.0,9576,en,8.451188,1982-12-16,177200000.0,116.0,Tootsie,6.9,429.0,1982,,,,Unknown,156200000.0,True,1980,12,Winter,False
120000000.0,10865,en,10.901602,2001-06-02,186053725.0,95.0,Atlantis: The Lost Empire,6.7,1257.0,2001,,,,Unknown,66053725.0,True,2000,6,Summer,False
115000000.0,1995,en,15.851722,2001-06-11,274703340.0,100.0,Lara Croft: Tomb Raider,5.7,2235.0,2001,,,,Unknown,159703340.0,True,2000,6,Summer,False
70000000.0,10808,en,7.906683,2001-06-22,176104344.0,87.0,Dr. Dolittle 2,4.9,422.0,2001,,,,Unknown,106104344.0,True,2000,6,Summer,False
38000000.0,9799,en,1.406181,2001-06-22,207283925.0,106.0,The Fast and the Furious,6.6,3485.0,2001,,,,Unknown,169283925.0,True,2000,6,Summer,False
100000000.0,644,en,13.249364,2001-06-29,235926552.0,146.0,A.I. Artificial Intelligence,6.8,2011.0,2001,,,,Unknown,135926552.0,True,2000,6,Summer,False
5000000.0,11826,en,5.819673,2000-09-13,,89.0,Sexy Beast,7.0,219.0,2000,,,,Unknown,,,2000,9,Fall,
,11444,fr,6.186121,2001-01-17,,84.0,The Closet,6.2,111.0,2001,,,,Unknown,,,2000,1,Winter,
2365000.0,60670,fr,6.649222,2000-09-26,,106.0,The Crimson Rivers,6.8,366.0,2000,,,,Unknown,,,2000,9,Fall,
60000000.0,10992,en,8.142251,2001-07-04,93375151.0,87.0,Cats & Dogs,5.0,363.0,2001,,,,Unknown,33375151.0,True,2000,7,Summer,False
25000000.0,2140,en,7.637345,2001-07-06,64437847.0,98.0,Kiss of the Dragon,6.4,304.0,2001,,,,Unknown,39437847.0,True,2000,7,Summer,False
45000000.0,4248,en,10.869056,2001-07-04,141220678.0,83.0,Scary Movie 2,5.4,1019.0,2001,,,,Unknown,96220678.0,True,2000,7,Summer,False
,17612,en,6.236798,2001-01-21,,103.0,Lost and Delirious,6.8,132.0,2001,,,,Unknown,,,2000,1,Winter,
,24382,it,6.035008,1958-06-06,,106.0,Big Deal on Madonna Street,8.1,107.0,1958,,,,Unknown,,,1950,6,Summer,
18000000.0,11286,en,6.693055,1981-06-19,72179579.0,95.0,The Cannonball Run,6.2,161.0,1981,,,,Unknown,54179579.0,True,1980,6,Summer,False
3200000.0,11697,en,6.641827,1962-04-22,8000000.0,123.0,The Man Who Shot Liberty Valance,7.4,272.0,1962,,,,Unknown,4800000.0,True,1960,4,Spring,False
,10238,sv,9.983092,1972-12-21,,91.0,Cries and Whispers,7.8,118.0,1972,,,,Unknown,,,1970,12,Winter,
,976,en,5.196222,1957-06-27,,96.0,Sweet Smell of Success,7.5,108.0,1957,,,,Unknown,,,1950,6,Summer,
,11906,it,10.050219,1977-02-01,,98.0,Suspiria,7.5,396.0,1977,,,,Unknown,,,1970,2,Winter,
100000.0,11713,zh,9.523138,1972-03-22,,108.0,Fist of Fury,7.4,164.0,1972,,,,Unknown,,,1970,3,Spring,
,9589,de,5.64576,1981-04-01,,138.0,Christiane F.,7.3,268.0,1981,,,,Unknown,,,1980,4,Spring,
100000.0,12481,zh,10.486927,1971-10-02,,100.0,The Big Boss,7.3,148.0,1971,,,,Unknown,,,1970,10,Fall,
,13333,cn,9.592019,1978-03-22,,94.0,Game of Death,6.3,121.0,1978,,,,Unknown,,,1970,3,Spring,
16000000.0,10540,en,6.918821,1981-05-22,17374595.0,112.0,Outland,6.2,153.0,1981,,,,Unknown,1374595.0,True,1980,5,Spring,False
130000.0,9462,cn,11.116474,1972-06-01,85000000.0,100.0,The Way of the Dragon,7.4,235.0,1972,,,,Unknown,84870000.0,True,1970,6,Summer,False
137000000.0,2114,en,10.223851,2001-07-02,85131830.0,106.0,Final Fantasy: The Spirits Within,5.9,441.0,2001,,,,Unknown,-51868170.0,False,2000,7,Summer,False
18000000.0,8835,en,12.769371,2001-07-13,141774679.0,96.0,Legally Blonde,6.2,908.0,2001,,,,Unknown,123774679.0,True,2000,7,Summer,False
68000000.0,11371,en,14.741992,2001-07-13,71069884.0,124.0,The Score,6.7,436.0,2001,,,,Unknown,3069884.0,True,2000,7,Summer,False
,9517,en,4.877774,2001-06-15,480811.0,113.0,Bully,6.7,125.0,2001,,,,Unknown,,,2000,6,Summer,False
,10868,en,13.028922,1988-10-14,,111.0,The Accused,6.8,130.0,1988,,,,Unknown,,,1980,10,Fall,
7500000.0,9395,en,5.283245,1988-04-08,18869631.0,99.0,Above the Law,5.9,140.0,1988,,,,Unknown,11369631.0,True,1980,4,Spring,False
46630000.0,14506,en,7.753416,1988-12-07,8083123.0,126.0,The Adventures of Baron Munchausen,6.9,185.0,1988,,,,Unknown,-38546877.0,False,1980,12,Winter,False
19000000.0,9599,en,10.874079,1988-08-05,8247943.0,95.0,The Blob,6.3,187.0,1988,,,,Unknown,-10752057.0,False,1980,8,Summer,False
20000000.0,7520,en,9.270831,1988-07-29,171504781.0,104.0,Cocktail,5.7,330.0,1988,,,,Unknown,151504781.0,True,1980,7,Summer,False
6000000.0,10126,en,5.529808,1988-04-15,46616067.0,120.0,Colors,6.6,100.0,1988,,,,Unknown,40616067.0,True,1980,4,Spring,False
39000000.0,9602,en,7.830087,1988-06-28,288752301.0,116.0,Coming to America,6.5,944.0,1988,,,,Unknown,249752301.0,True,1980,6,Summer,True
2000000.0,3980,en,10.113807,1986-04-11,13167232.0,82.0,Critters,5.9,221.0,1986,,,,Unknown,11167232.0,True,1980,4,Spring,False
20000000.0,10651,en,7.066395,1988-07-12,,91.0,The Dead Pool,6.3,227.0,1988,,,,Unknown,,,1980,7,Summer,
,10141,en,6.78824,1988-12-14,42039085.0,110.0,Dirty Rotten Scoundrels,7.0,223.0,1988,,,,Unknown,,,1980,12,Winter,False
20000000.0,10675,en,8.105859,1988-02-16,17637950.0,120.0,Frantic,6.6,232.0,1988,,,,Unknown,-2362050.0,False,1980,2,Winter,False
22000000.0,10130,en,11.978983,1988-09-23,,129.0,Gorillas in the Mist,6.7,136.0,1988,,,,Unknown,,,1980,9,Fall,
24000000.0,2617,en,11.666172,1988-06-17,43455230.0,91.0,The Great Outdoors,6.4,155.0,1988,,,,Unknown,19455230.0,True,1980,6,Summer,False
12300000.0,12144,en,13.631352,1988-11-18,84460846.0,69.0,The Land Before Time,7.0,660.0,1988,,,,Unknown,72160846.0,True,1980,11,Fall,False
8000000.0,13704,en,9.631158,1988-07-06,22433275.0,90.0,License to Drive,6.1,100.0,1988,,,,Unknown,14433275.0,True,1980,7,Summer,False
20000000.0,12120,en,6.493525,1988-12-09,13854000.0,108.0,My Stepmother is an Alien,5.3,132.0,1988,,,,Unknown,-6146000.0,False,1980,12,Winter,False
29000000.0,9604,en,14.25013,1988-06-17,34994648.0,104.0,Red Heat,5.8,360.0,1988,,,,Unknown,5994648.0,True,1980,6,Summer,False
4000000.0,10925,en,6.258984,1985-05-15,14237000.0,91.0,The Return of the Living Dead,7.3,270.0,1985,,,,Unknown,10237000.0,True,1980,5,Spring,False
7000000.0,11503,en,7.791952,1988-02-05,19595031.0,98.0,The Serpent and the Rainbow,6.2,120.0,1988,,,,Unknown,12595031.0,True,1980,2,Winter,False
,11966,en,7.34677,1988-07-06,21630088.0,110.0,Short Circuit 2,5.5,168.0,1988,,,,Unknown,,,1980,7,Summer,False
,2605,en,12.171218,1986-05-09,40697761.0,98.0,Short Circuit,6.4,535.0,1986,,,,Unknown,,,1980,5,Spring,False
,8740,nl,11.096035,1988-10-27,,107.0,The Vanishing,7.4,124.0,1988,,,,Unknown,,,1980,10,Fall,
,41428,ja,5.456818,1989-07-01,,67.0,Tetsuo: The Iron Man,6.7,110.0,1989,,,,Unknown,,,1980,7,Summer,
4000000.0,8337,en,11.292364,1988-11-23,13008928.0,94.0,They Live,7.1,562.0,1988,,,,Unknown,9008928.0,True,1980,11,Fall,False
15000000.0,9493,en,5.952494,1988-12-09,216614388.0,107.0,Twins,5.7,566.0,1988,,,,Unknown,201614388.0,True,1980,12,Winter,False
31000000.0,11352,en,5.443097,1989-12-22,74134790.0,122.0,Always,6.0,136.0,1989,,,,Unknown,43134790.0,True,1980,12,Winter,False
10000000.0,1648,en,15.109261,1989-02-17,40485039.0,90.0,Bill & Ted's Excellent Adventure,6.7,464.0,1989,,,,Unknown,30485039.0,True,1980,2,Winter,False
30000000.0,4105,en,6.973408,1989-09-22,45892212.0,125.0,Black Rain,6.2,250.0,1989,,,,Unknown,15892212.0,True,1980,9,Fall,False
22500000.0,10142,en,7.435688,1989-08-18,18671317.0,113.0,Casualties of War,6.8,203.0,1989,,,,Unknown,-3828683.0,False,1980,8,Summer,False
500000.0,10134,en,8.473602,1989-04-07,10166459.0,86.0,Cyborg,4.9,154.0,1989,,,,Unknown,9666459.0,True,1980,4,Spring,False
10000000.0,2210,en,11.509677,1988-09-08,3916303.0,100.0,Earth Girls Are Easy,5.5,110.0,1988,,,,Unknown,-6083697.0,False,1980,9,Fall,False
17000000.0,10345,en,5.772293,1989-04-28,78247647.0,101.0,K-9,5.5,209.0,1989,,,,Unknown,61247647.0,True,1980,4,Spring,False
1500000.0,10222,en,6.939994,1989-04-20,14697005.0,97.0,Kickboxer,6.3,257.0,1989,,,,Unknown,13197005.0,True,1980,4,Spring,False
25000000.0,14372,en,10.653446,1989-03-17,15704614.0,98.0,Leviathan,6.0,125.0,1989,,,,Unknown,-9295386.0,False,1980,3,Spring,False
24000000.0,9972,en,4.701379,1989-08-04,22099847.0,115.0,Lock Up,6.2,208.0,1989,,,,Unknown,-1900153.0,False,1980,8,Summer,False
7500000.0,9494,en,5.795045,1989-10-12,296000000.0,93.0,Look Who's Talking,5.8,546.0,1989,,,,Unknown,288500000.0,True,1980,10,Fall,True
11000000.0,9942,en,5.304376,1989-02-16,49797148.0,107.0,Major League,6.7,222.0,1989,,,,Unknown,38797148.0,True,1980,2,Winter,False
9000000.0,8867,en,12.597613,1989-10-05,,89.0,The Punisher,5.5,109.0,1989,,,,Unknown,,,1980,10,Fall,
93000000.0,331,en,0.648867,2001-07-18,368780809.0,92.0,Jurassic Park III,5.7,2109.0,2001,,,,Unknown,275780809.0,True,2000,7,Summer,True
,11467,en,6.468538,2001-07-17,,102.0,America's Sweethearts,5.5,260.0,2001,,,,Unknown,,,2000,7,Summer,
12000000.0,327,ja,8.134524,2000-09-09,15250000.0,114.0,Brother,6.8,107.0,2000,,,,Unknown,3250000.0,True,2000,9,Fall,False
7000000.0,1548,en,5.460971,2001-07-20,,111.0,Ghost World,7.1,433.0,2001,,,,Unknown,,,2000,7,Summer,
100000000.0,869,en,17.319836,2001-07-25,362211740.0,119.0,Planet of the Apes,5.6,1270.0,2001,,,,Unknown,262211740.0,True,2000,7,Summer,True
5000000.0,2171,en,6.386082,2001-07-27,295206.0,97.0,Wet Hot American Summer,6.4,271.0,2001,,,,Unknown,-4704794.0,False,2000,7,Summer,False
15000000.0,10135,en,2.943427,1989-05-19,30050028.0,114.0,Road House,6.3,259.0,1989,,,,Unknown,15050028.0,True,1980,5,Spring,False
19000000.0,12150,en,9.801967,1989-09-15,110879513.0,113.0,Sea of Love,6.7,144.0,1989,,,,Unknown,91879513.0,True,1980,9,Fall,False
18000000.0,11185,en,17.367336,1989-05-12,46908987.0,103.0,"See No Evil, Hear No Evil",6.4,220.0,1989,,,,Unknown,28908987.0,True,1980,5,Spring,False
55000000.0,9618,en,7.507261,1989-12-22,63408614.0,104.0,Tango & Cash,6.1,468.0,1989,,,,Unknown,8408614.0,True,1980,12,Winter,False
,6951,en,12.372038,1989-07-28,71079915.0,100.0,Turner & Hooch,5.9,335.0,1989,,,,Unknown,,,1980,7,Summer,False
15000000.0,2616,en,8.13754,1989-08-16,79258538.0,100.0,Uncle Buck,6.6,338.0,1989,,,,Unknown,64258538.0,True,1980,8,Summer,False
,249,en,5.963782,1989-12-08,,116.0,The War of the Roses,6.7,288.0,1989,,,,Unknown,,,1980,12,Winter,
42000000.0,2057,en,9.970359,2001-08-03,35402320.0,118.0,Original Sin,5.8,200.0,2001,,,,Unknown,-6597680.0,False,2000,8,Summer,False
37000000.0,9880,en,7.387171,2001-08-03,165335153.0,115.0,The Princess Diaries,6.5,1063.0,2001,,,,Unknown,128335153.0,True,2000,8,Summer,False
90000000.0,5175,en,8.345985,2001-08-03,347325802.0,90.0,Rush Hour 2,6.4,1078.0,2001,,,,Unknown,257325802.0,True,2000,8,Summer,True
15000000.0,11542,en,10.603299,1980-12-25,19853892.0,102.0,Altered States,6.7,169.0,1980,,,,Unknown,4853892.0,True,1980,12,Winter,False
30000000.0,2770,en,10.25103,2001-08-10,287553595.0,108.0,American Pie 2,6.0,1375.0,2001,,,,Unknown,257553595.0,True,2000,8,Summer,True
75000000.0,12610,en,6.405831,2001-08-07,13596911.0,95.0,Osmosis Jones,6.0,237.0,2001,,,,Unknown,-61403089.0,False,2000,8,Summer,False
,1933,en,11.046007,2001-08-02,,101.0,The Others,7.4,1708.0,2001,,,,Unknown,,,2000,8,Summer,
1500000.0,10972,en,14.242234,2001-08-10,373967.0,100.0,Session 9,6.2,255.0,2001,,,,Unknown,-1126033.0,False,2000,8,Summer,False
57000000.0,1722,en,9.243715,2001-08-17,62112895.0,131.0,Captain Corelli's Mandolin,5.6,146.0,2001,,,,Unknown,5112895.0,True,2000,8,Summer,False
48000000.0,9896,en,12.330275,2001-07-30,85498534.0,112.0,Rat Race,6.0,531.0,2001,,,,Unknown,37498534.0,True,2000,7,Summer,False
,9683,en,10.295438,2001-08-24,,84.0,Bubble Boy,5.1,165.0,2001,,,,Unknown,,,2000,8,Summer,
,2779,en,5.739829,2001-08-05,,103.0,The Curse of the Jade Scorpion,6.5,167.0,2001,,,,Unknown,,,2000,8,Summer,
22000000.0,2294,en,11.619446,2001-08-22,33788161.0,104.0,Jay and Silent Bob Strike Back,6.4,491.0,2001,,,,Unknown,11788161.0,True,2000,8,Summer,False
28000000.0,10016,en,7.058599,2001-08-24,14010832.0,98.0,Ghosts of Mars,4.8,299.0,2001,,,,Unknown,-13989168.0,False,2000,8,Summer,False
10000000.0,8922,en,10.414363,2001-07-01,59217789.0,90.0,Jeepers Creepers,6.1,731.0,2001,,,,Unknown,49217789.0,True,2000,7,Summer,False
,16314,en,11.035859,1992-08-07,,84.0,3 Ninjas,5.5,102.0,1992,,,,Unknown,,,1990,8,Summer,
,16307,en,7.206941,1973-12-01,,99.0,The Wicker Man,7.1,313.0,1973,,,,Unknown,,,1970,12,Winter,
57000000.0,12508,en,10.076223,2001-09-04,16991902.0,105.0,Rock Star,6.0,194.0,2001,,,,Unknown,-40008098.0,False,2000,9,Fall,False
30000000.0,2176,en,6.418936,2001-09-14,23619609.0,106.0,The Glass House,5.4,203.0,2001,,,,Unknown,-6380391.0,False,2000,9,Fall,False
32000000.0,20857,en,7.674549,2001-09-14,40222729.0,106.0,Hardball,6.3,126.0,2001,,,,Unknown,8222729.0,True,2000,9,Fall,False
45000000.0,2034,en,13.664622,2001-10-05,104876233.0,122.0,Training Day,7.3,1665.0,2001,,,,Unknown,59876233.0,True,2000,10,Fall,False
,27327,en,6.469438,1974-10-31,,92.0,Phantom of the Paradise,7.5,101.0,1974,,,,Unknown,,,1970,10,Fall,
9400000.0,11576,en,13.266545,1963-11-07,60000000.0,163.0,"It's a Mad, Mad, Mad, Mad World",7.0,142.0,1963,,,,Unknown,50600000.0,True,1960,11,Fall,False
725000.0,15393,en,5.820841,1971-11-03,10600000.0,102.0,Play Misty for Me,6.5,102.0,1971,,,,Unknown,9875000.0,True,1970,11,Fall,False
,1644,en,7.492302,1993-02-05,,109.0,The Vanishing,5.9,134.0,1993,,,,Unknown,,,1990,2,Winter,
50000000.0,12103,en,6.824871,2001-09-28,100020092.0,113.0,Don't Say a Word,6.0,223.0,2001,,,,Unknown,50020092.0,True,2000,9,Fall,False
31000000.0,11313,en,6.425321,2001-09-07,24185781.0,101.0,Hearts in Atlantis,6.5,132.0,2001,,,,Unknown,-6814219.0,False,2000,9,Fall,False
28000000.0,9398,en,10.40782,2001-09-28,60780981.0,89.0,Zoolander,6.1,1363.0,2001,,,,Unknown,32780981.0,True,2000,9,Fall,False
23000000.0,10866,en,10.337689,2001-10-05,36642838.0,97.0,Joy Ride,6.3,328.0,2001,,,,Unknown,13642838.0,True,2000,10,Fall,False
28000000.0,9778,en,5.715737,2001-10-05,77516304.0,90.0,Serendipity,6.6,529.0,2001,,,,Unknown,49516304.0,True,2000,10,Fall,False
,166,fr,12.105748,1980-01-01,,110.0,The Party,6.4,225.0,1980,,,,Unknown,,,1980,1,Winter,
,13550,en,5.821597,1980-03-27,12000000.0,107.0,The Changeling,7.0,144.0,1980,,,,Unknown,,,1980,3,Spring,False
75000000.0,3172,en,13.136791,2001-10-12,67631903.0,123.0,Bandits,6.2,307.0,2001,,,,Unknown,-7368097.0,False,2000,10,Fall,False
15000000.0,1018,en,18.184056,2001-05-16,20117339.0,147.0,Mulholland Drive,7.7,1517.0,2001,,,,Unknown,5117339.0,True,2000,5,Spring,False
4000000.0,984,en,10.255315,1971-12-21,35976000.0,102.0,Dirty Harry,7.4,630.0,1971,,,,Unknown,31976000.0,True,1970,12,Winter,False
9000000.0,14811,en,9.227244,1971-11-03,83304330.0,181.0,Fiddler on the Roof,7.4,136.0,1971,,,,Unknown,74304330.0,True,1970,11,Fall,False
35000000.0,768,en,7.79014,2001-10-19,74558115.0,122.0,From Hell,6.6,758.0,2001,,,,Unknown,39558115.0,True,2000,10,Fall,False
72000000.0,2100,en,9.807552,2001-10-19,27642707.0,131.0,The Last Castle,7.0,290.0,2001,,,,Unknown,-44357293.0,False,2000,10,Fall,False
48000000.0,11091,en,4.556123,2001-10-19,35743308.0,132.0,Riding in Cars with Boys,6.5,108.0,2001,,,,Unknown,-12256692.0,False,2000,10,Fall,False
,9081,en,12.051214,2001-01-23,3176880.0,99.0,Waking Life,7.6,250.0,2001,,,,Unknown,,,2000,1,Winter,False
48000000.0,167,en,12.400152,2001-10-22,50315140.0,120.0,K-PAX,7.1,710.0,2001,,,,Unknown,2315140.0,True,2000,10,Fall,False
,9378,en,8.819223,2001-10-26,,91.0,Thir13en Ghosts,5.4,447.0,2001,,,,Unknown,,,2000,10,Fall,
6000000.0,141,en,18.303148,2001-01-18,1270522.0,113.0,Donnie Darko,7.7,3574.0,2001,,,,Unknown,-4729478.0,False,2000,1,Winter,False
18000000.0,11457,en,4.145598,2001-10-25,,125.0,Life as a House,7.2,122.0,2001,,,,Unknown,,,2000,10,Fall,
,10778,en,7.204951,2001-05-13,,116.0,The Man Who Wasn't There,7.4,366.0,2001,,,,Unknown,,,2000,5,Spring,
75000000.0,11456,en,6.353996,2001-10-30,54249294.0,89.0,Domestic Disturbance,5.4,115.0,2001,,,,Unknown,-20750706.0,False,2000,10,Fall,False
115000000.0,585,en,26.419962,2001-11-01,562816256.0,92.0,"Monsters, Inc.",7.5,6150.0,2001,,,,Unknown,447816256.0,True,2000,11,Fall,True
49000000.0,10796,en,9.769047,2001-11-02,72700000.0,87.0,The One,5.7,445.0,2001,,,,Unknown,23700000.0,True,2000,11,Fall,False
35000000.0,11088,en,5.741817,2001-11-09,,107.0,Heist,6.3,138.0,2001,,,,Unknown,,,2000,11,Fall,
40000000.0,9889,en,12.520688,2001-11-01,141069860.0,114.0,Shallow Hal,5.7,764.0,2001,,,,Unknown,101069860.0,True,2000,11,Fall,False
125000000.0,671,en,38.187238,2001-11-16,976475550.0,152.0,Harry Potter and the Philosopher's Stone,7.5,7188.0,2001,,,,Unknown,851475550.0,True,2000,11,Fall,True
,11469,en,9.37044,2001-11-21,,95.0,Black Knight,5.1,291.0,2001,,,,Unknown,,,2000,11,Fall,
92000000.0,1535,en,18.186839,2001-11-18,143049560.0,126.0,Spy Game,6.8,592.0,2001,,,,Unknown,51049560.0,True,2000,11,Fall,False
4500000.0,1433,es,11.111299,2001-04-20,6459020.0,106.0,The Devil's Backbone,7.2,277.0,2001,,,,Unknown,1959020.0,True,2000,4,Spring,False
,269,fr,8.200586,1960-03-16,,90.0,Breathless,7.7,322.0,1960,,,,Unknown,,,1960,3,Spring,
6500000.0,11033,en,9.3806,1980-06-25,31899000.0,105.0,Dressed to Kill,6.8,159.0,1980,,,,Unknown,25399000.0,True,1980,6,Summer,False
,8738,en,11.319726,1980-01-31,16647800.0,103.0,The Final Countdown,6.1,120.0,1980,,,,Unknown,,,1980,1,Winter,False
35000000.0,3604,en,6.346979,1980-09-01,27107960.0,111.0,Flash Gordon,6.1,237.0,1980,,,,Unknown,-7892040.0,False,1980,9,Fall,False
9000000.0,10649,en,7.550133,1976-12-20,46236000.0,96.0,The Enforcer,6.7,232.0,1976,,,,Unknown,37236000.0,True,1970,12,Winter,False
5500000.0,17689,en,6.389326,1977-12-21,26414658.0,109.0,The Gauntlet,6.6,121.0,1977,,,,Unknown,20914658.0,True,1970,12,Winter,False
,10847,en,13.889303,1990-03-16,,90.0,Lord of the Flies,6.5,143.0,1990,,,,Unknown,,,1990,3,Spring,
22000000.0,10650,en,9.737907,1983-12-07,67642693.0,117.0,Sudden Impact,6.5,210.0,1983,,,,Unknown,45642693.0,True,1980,12,Winter,False
40000000.0,8007,en,11.185625,2001-11-17,91753202.0,106.0,Behind Enemy Lines,6.0,464.0,2001,,,,Unknown,51753202.0,True,2000,11,Fall,False
85000000.0,161,en,12.114932,2001-12-07,450717150.0,116.0,Ocean's Eleven,7.2,3857.0,2001,,,,Unknown,365717150.0,True,2000,12,Winter,True
1012153.0,8342,bs,5.0511,2001-09-08,,98.0,No Man's Land,7.4,104.0,2001,,,,Unknown,,,2000,9,Fall,
10000000.0,194,fr,12.879381,2001-04-25,173921954.0,122.0,Amélie,7.8,3403.0,2001,,,,Unknown,163921954.0,True,2000,4,Spring,False
16000000.0,11397,en,9.101896,2001-12-07,66468332.0,89.0,Not Another Teen Movie,5.5,444.0,2001,,,,Unknown,50468332.0,True,2000,12,Winter,False
68000000.0,1903,en,10.071057,2001-12-10,203388341.0,136.0,Vanilla Sky,6.5,1100.0,2001,,,,Unknown,135388341.0,True,2000,12,Winter,False
21000000.0,9428,en,9.707542,2001-10-05,71441250.0,110.0,The Royal Tenenbaums,7.4,1317.0,2001,,,,Unknown,50441250.0,True,2000,10,Fall,False
,1649,en,7.256293,1991-07-19,,98.0,Bill & Ted's Bogus Journey,5.9,311.0,1991,,,,Unknown,,,1990,7,Summer,
12000000.0,8386,en,6.796277,2001-12-21,31155435.0,93.0,How High,6.4,230.0,2001,,,,Unknown,19155435.0,True,2000,12,Winter,False
25000000.0,12589,en,7.308162,2001-12-21,80936232.0,83.0,Jimmy Neutron: Boy Genius,5.6,235.0,2001,,,,Unknown,55936232.0,True,2000,12,Winter,False
,11232,en,7.196356,2001-12-25,,118.0,Kate & Leopold,6.0,430.0,2001,,,,Unknown,,,2000,12,Winter,
93000000.0,120,en,32.070725,2001-12-18,871368364.0,178.0,The Lord of the Rings: The Fellowship of the Ring,8.0,8892.0,2001,,,,Unknown,778368364.0,True,2000,12,Winter,True
72000000.0,11086,en,8.063684,2001-12-21,37317558.0,152.0,The Majestic,6.6,193.0,2001,,,,Unknown,-34682442.0,False,2000,12,Winter,False
60000000.0,453,en,11.93646,2001-12-11,313542341.0,135.0,A Beautiful Mind,7.7,3087.0,2001,,,,Unknown,253542341.0,True,2000,12,Winter,True
1500000.0,10794,en,5.354787,1968-04-04,,99.0,The Party,7.3,160.0,1968,,,,Unknown,,,1960,4,Spring,
3000000.0,37257,en,9.730217,1957-12-17,9000000.0,116.0,Witness for the Prosecution,8.1,278.0,1957,,,,Unknown,6000000.0,True,1950,12,Winter,False
107000000.0,8489,en,9.303104,2001-12-11,87713825.0,157.0,Ali,6.7,457.0,2001,,,,Unknown,-19286175.0,False,2000,12,Winter,False
92000000.0,855,en,10.064446,2001-12-28,172989651.0,144.0,Black Hawk Down,7.2,1832.0,2001,,,,Unknown,80989651.0,True,2000,12,Winter,False
19800000.0,5279,en,14.101101,2001-11-07,87754044.0,137.0,Gosford Park,6.8,256.0,2001,,,,Unknown,67954044.0,True,2000,11,Fall,False
22000000.0,10950,en,12.935016,2001-12-28,92542418.0,132.0,I Am Sam,7.2,542.0,2001,,,,Unknown,70542418.0,True,2000,12,Winter,False
4000000.0,1365,en,6.341187,2001-11-11,44909486.0,111.0,Monster's Ball,6.6,254.0,2001,,,,Unknown,40909486.0,True,2000,11,Fall,False
,6440,en,8.191094,2001-12-18,,111.0,The Shipping News,6.4,112.0,2001,,,,Unknown,,,2000,12,Winter,
,14580,en,8.48839,1953-10-14,,89.0,The Big Heat,7.9,111.0,1953,,,,Unknown,,,1950,10,Fall,
,6037,en,5.570606,1976-06-23,,94.0,Murder by Death,7.4,187.0,1976,,,,Unknown,,,1970,6,Summer,
,11857,en,4.582365,2002-01-10,,82.0,Orange County,6.0,134.0,2002,,,,Unknown,,,2000,1,Winter,
29000000.0,6312,fr,11.564252,2001-01-31,70752904.0,137.0,Brotherhood of the Wolf,6.6,404.0,2001,,,,Unknown,41752904.0,True,2000,1,Winter,False
38000000.0,11595,en,6.938921,1990-06-08,153518974.0,95.0,Another 48 Hrs.,5.8,205.0,1990,,,,Unknown,115518974.0,True,1990,6,Summer,False
18000000.0,9610,en,10.151366,1984-06-29,100000000.0,103.0,Conan the Destroyer,5.8,391.0,1984,,,,Unknown,82000000.0,True,1980,6,Summer,False
40000000.0,4965,en,8.209652,2001-12-03,,102.0,Impostor,6.1,136.0,2001,,,,Unknown,,,2000,12,Winter,
,11891,en,5.305679,2002-01-25,,81.0,Kung Pow: Enter the Fist,6.0,161.0,2002,,,,Unknown,,,2000,1,Winter,
33000000.0,11888,en,13.470227,2002-01-18,,99.0,Snow Dogs,5.3,190.0,2002,,,,Unknown,,,2000,1,Winter,
12000000.0,150,en,15.297121,1982-12-07,78868508.0,96.0,48 Hrs.,6.5,364.0,1982,,,,Unknown,66868508.0,True,1980,12,Winter,False
14000000.0,10423,en,5.079464,1993-05-07,63513743.0,120.0,Dragon: The Bruce Lee Story,6.8,156.0,1993,,,,Unknown,49513743.0,True,1990,5,Spring,False
3500000.0,651,en,7.701349,1970-01-24,81600000.0,116.0,M*A*S*H,6.9,238.0,1970,,,,Unknown,78100000.0,True,1970,1,Winter,False
35000000.0,11362,en,10.765924,2002-01-23,75395048.0,131.0,The Count of Monte Cristo,7.3,463.0,2002,,,,Unknown,40395048.0,True,2000,1,Winter,False
32000000.0,2637,en,8.50563,2002-01-25,55157539.0,119.0,The Mothman Prophecies,6.1,307.0,2002,,,,Unknown,23157539.0,True,2000,1,Winter,False
11000000.0,10229,en,8.054499,2002-01-25,41227069.0,101.0,A Walk to Remember,7.5,1057.0,2002,,,,Unknown,30227069.0,True,2000,1,Winter,False
13000000.0,2084,en,6.271279,2001-09-06,,93.0,Birthday Girl,6.1,104.0,2001,,,,Unknown,,,2000,9,Fall,
15000000.0,11870,en,4.643981,2002-02-08,52970014.0,88.0,Big Fat Liar,5.6,202.0,2002,,,,Unknown,37970014.0,True,2000,2,Winter,False
85000000.0,9884,en,10.175503,2002-02-06,78382433.0,108.0,Collateral Damage,5.5,431.0,2002,,,,Unknown,-6617567.0,False,2000,2,Winter,False
,11535,en,9.347077,2002-02-08,,98.0,Rollerball,3.4,106.0,2002,,,,Unknown,,,2000,2,Winter,
50000000.0,11212,en,12.508518,1994-07-01,16671505.0,99.0,Baby's Day Out,5.8,281.0,1994,,,,Unknown,-33328495.0,False,1990,7,Summer,False
,11528,en,10.392243,1993-04-07,32416586.0,101.0,The Sandlot,7.1,272.0,1993,,,,Unknown,,,1990,4,Spring,False
1500000.0,931,en,5.966221,1973-12-03,,110.0,Don't Look Now,7.1,197.0,1973,,,,Unknown,,,1970,12,Winter,
12000000.0,17130,en,6.631356,2002-02-15,61141030.0,93.0,Crossroads,4.7,161.0,2002,,,,Unknown,49141030.0,True,2000,2,Winter,False
70000000.0,10592,en,14.116474,2002-02-15,32287044.0,125.0,Hart's War,5.9,246.0,2002,,,,Unknown,-37712956.0,False,2000,2,Winter,False
36000000.0,8470,en,8.867562,2002-02-15,102244770.0,116.0,John Q,7.0,604.0,2002,,,,Unknown,66244770.0,True,2000,2,Winter,False
20000000.0,16690,en,8.759774,2002-02-14,109862682.0,72.0,Return to Never Land,6.1,304.0,2002,,,,Unknown,89862682.0,True,2000,2,Winter,False
3000000.0,39939,en,7.351028,2001-01-18,18492362.0,100.0,Super Troopers,6.6,367.0,2001,,,,Unknown,15492362.0,True,2000,1,Winter,False
17000000.0,9272,en,7.873794,1993-09-24,44456478.0,87.0,The Good Son,6.2,202.0,1993,,,,Unknown,27456478.0,True,1990,9,Fall,False
,993,en,10.387423,1972-12-10,,138.0,Sleuth,7.5,152.0,1972,,,,Unknown,,,1970,12,Winter,
60000000.0,10052,en,4.924078,2002-02-22,52322400.0,104.0,Dragonfly,6.2,209.0,2002,,,,Unknown,-7677600.0,False,2000,2,Winter,False
35000000.0,11979,en,8.436243,2002-02-10,45479110.0,101.0,Queen of the Damned,5.5,247.0,2002,,,,Unknown,10479110.0,True,2000,2,Winter,False
,9991,en,6.00447,2001-12-26,,99.0,Mean Machine,6.1,158.0,2001,,,,Unknown,,,2000,12,Winter,
35000000.0,23479,en,8.399441,1976-04-07,35323292.0,102.0,The Bad News Bears,7.0,100.0,1976,,,,Unknown,323292.0,True,1970,4,Spring,False
,614,sv,6.89416,1957-12-26,,91.0,Wild Strawberries,7.9,306.0,1957,,,,Unknown,,,1950,12,Winter,
17000000.0,2752,en,8.628928,2002-03-01,,94.0,40 Days and 40 Nights,5.2,306.0,2002,,,,Unknown,,,2000,3,Spring,
75000000.0,10590,en,11.34706,2002-03-01,114660784.0,138.0,We Were Soldiers,6.7,531.0,2002,,,,Unknown,39660784.0,True,2000,3,Spring,False
,13225,en,7.477944,1992-04-10,32710894.0,76.0,FernGully: The Last Rainforest,6.1,155.0,1992,,,,Unknown,,,1990,4,Spring,False
,7219,it,6.798595,1979-08-25,,91.0,Zombie Flesh Eaters,6.4,130.0,1979,,,,Unknown,,,1970,8,Summer,
80000000.0,2135,en,8.918134,2002-03-04,123729176.0,96.0,The Time Machine,5.8,644.0,2002,,,,Unknown,43729176.0,True,2000,3,Spring,False
59000000.0,425,en,17.328902,2002-03-10,383257136.0,81.0,Ice Age,7.1,3954.0,2002,,,,Unknown,324257136.0,True,2000,3,Spring,True
33000000.0,1576,en,7.781293,2002-03-15,102984862.0,100.0,Resident Evil,6.4,2100.0,2002,,,,Unknown,69984862.0,True,2000,3,Spring,False
85000000.0,5851,en,4.917863,2002-03-14,77741732.0,95.0,Showtime,5.3,286.0,2002,,,,Unknown,-7258268.0,False,2000,3,Spring,False
5000000.0,1391,es,13.962548,2001-06-08,33616692.0,106.0,Y Tu Mamá También,7.3,321.0,2001,,,,Unknown,28616692.0,True,2000,6,Summer,False
,11006,en,7.68372,1977-05-26,126737428.0,96.0,Smokey and the Bandit,6.8,197.0,1977,,,,Unknown,,,1970,5,Spring,False
,21629,en,6.481464,1980-12-12,101300000.0,111.0,Stir Crazy,6.7,130.0,1980,,,,Unknown,,,1980,12,Winter,False
54000000.0,36586,en,17.05064,2002-03-22,155010032.0,117.0,Blade II,6.3,1556.0,2002,,,,Unknown,101010032.0,True,2000,3,Spring,False
55000000.0,9275,en,8.127591,2002-03-28,,109.0,Death to Smoochy,5.9,133.0,2002,,,,Unknown,,,2000,3,Spring,
48000000.0,4547,en,14.969502,2002-03-29,196397415.0,111.0,Panic Room,6.6,1303.0,2002,,,,Unknown,148397415.0,True,2000,3,Spring,False
20000000.0,14635,en,10.991137,2002-03-25,75597042.0,127.0,The Rookie,6.5,112.0,2002,,,,Unknown,55597042.0,True,2000,3,Spring,False
3000000.0,1791,fr,6.363081,2001-05-14,9801375.0,131.0,The Piano Teacher,7.2,197.0,2001,,,,Unknown,6801375.0,True,2000,5,Spring,False
42000000.0,11560,en,8.371005,2002-04-03,63781810.0,115.0,High Crimes,6.1,187.0,2002,,,,Unknown,21781810.0,True,2000,4,Spring,False
5000000.0,11452,en,7.668576,2002-03-29,38275483.0,92.0,National Lampoon’s Van Wilder,5.9,867.0,2002,,,,Unknown,33275483.0,True,2000,3,Spring,False
250000.0,548,ja,9.887355,1950-12-26,96568.0,88.0,Rashomon,8.0,471.0,1950,,,,Unknown,-153432.0,False,1950,12,Winter,False
,11590,en,9.282077,1977-02-25,28000000.0,123.0,Slap Shot,7.1,102.0,1977,,,,Unknown,,,1970,2,Winter,False
45000000.0,1537,en,7.81862,2002-04-07,94935764.0,89.0,Changing Lanes,5.9,306.0,2002,,,,Unknown,49935764.0,True,2000,4,Spring,False
11000000.0,12149,en,7.397953,2001-11-17,13110448.0,100.0,Frailty,7.0,338.0,2001,,,,Unknown,2110448.0,True,2000,11,Fall,False
43000000.0,11812,en,8.889064,2002-04-12,68696770.0,84.0,The Sweetest Thing,5.3,286.0,2002,,,,Unknown,25696770.0,True,2000,4,Spring,False
5000000.0,8346,en,6.719949,2002-02-22,368744044.0,95.0,My Big Fat Greek Wedding,6.2,686.0,2002,,,,Unknown,363744044.0,True,2000,2,Winter,True
,2565,en,9.019396,1990-03-09,39404261.0,102.0,Joe Versus the Volcano,5.5,150.0,1990,,,,Unknown,,,1990,3,Spring,False
,307,it,6.130177,1945-09-27,,100.0,"Rome, Open City",7.9,123.0,1945,,,,Unknown,,,1940,9,Fall,
,12154,en,5.667344,1987-11-27,,102.0,Three Men and a Baby,5.8,255.0,1987,,,,Unknown,,,1980,11,Fall,
,11630,en,5.062112,1990-11-21,,104.0,Three Men and a Little Lady,5.2,122.0,1990,,,,Unknown,,,1990,11,Fall,
50000000.0,11892,en,9.645801,2002-04-19,56714147.0,120.0,Murder by Numbers,6.0,275.0,2002,,,,Unknown,6714147.0,True,2000,4,Spring,False
60000000.0,9334,en,9.488117,2002-04-16,165333180.0,92.0,The Scorpion King,5.3,802.0,2002,,,,Unknown,105333180.0,True,2000,4,Spring,False
1500000.0,18079,es,5.324962,2000-08-31,,114.0,Nine Queens,7.4,156.0,2000,,,,Unknown,,,2000,8,Summer,
11000000.0,11470,en,7.793873,2001-07-24,16951798.0,91.0,Jason X,4.5,298.0,2001,,,,Unknown,5951798.0,True,2000,7,Summer,False
40000000.0,16643,en,6.332398,2002-04-26,16872671.0,103.0,Life or Something Like It,5.7,126.0,2002,,,,Unknown,-23127329.0,False,2000,4,Spring,False
18000000.0,11468,en,12.106615,2002-01-01,676698.0,103.0,Salton Sea,7.0,109.0,2002,,,,Unknown,-17323302.0,False,2000,1,Winter,False
16000000.0,9689,en,9.987317,2002-05-03,,112.0,Hollywood Ending,6.4,114.0,2002,,,,Unknown,,,2000,5,Spring,
139000000.0,557,en,29.413341,2002-05-01,821708551.0,121.0,Spider-Man,6.8,5398.0,2002,,,,Unknown,682708551.0,True,2000,5,Spring,True
14000000.0,12227,en,12.318052,1991-01-18,34793160.0,107.0,White Fang,6.5,139.0,1991,,,,Unknown,20793160.0,True,1990,1,Winter,False
13000000.0,10985,en,9.255418,2002-05-10,,88.0,The New Guy,5.7,155.0,2002,,,,Unknown,,,2000,5,Spring,
50000000.0,2251,en,8.96839,2002-05-10,119137784.0,124.0,Unfaithful,6.3,282.0,2002,,,,Unknown,69137784.0,True,2000,5,Spring,False
27000000.0,245,en,10.956665,2002-04-26,129000000.0,101.0,About a Boy,6.6,627.0,2002,,,,Unknown,102000000.0,True,2000,4,Spring,False
120000000.0,1894,en,14.072511,2002-05-15,649398328.0,142.0,Star Wars: Episode II - Attack of the Clones,6.4,4074.0,2002,,,,Unknown,529398328.0,True,2000,5,Spring,True
1500000.0,4012,en,8.128106,2001-01-19,416925.0,98.0,The Believer,6.8,152.0,2001,,,,Unknown,-1083075.0,False,2000,1,Winter,False
,9026,en,8.287054,2002-05-17,,97.0,The Importance of Being Earnest,6.8,129.0,2002,,,,Unknown,,,2000,5,Spring,
38000000.0,1957,en,6.681287,2002-05-24,51801187.0,114.0,Enough,6.2,268.0,2002,,,,Unknown,13801187.0,True,2000,5,Spring,False
46000000.0,320,en,11.424974,2002-05-24,113714830.0,118.0,Insomnia,6.8,1181.0,2002,,,,Unknown,67714830.0,True,2000,5,Spring,False
80000000.0,9023,en,16.724836,2002-05-24,122563539.0,83.0,Spirit: Stallion of the Cimarron,7.4,870.0,2002,,,,Unknown,42563539.0,True,2000,5,Spring,False
68000000.0,4614,en,9.268136,2002-05-31,193000000.0,124.0,The Sum of All Fears,5.9,447.0,2002,,,,Unknown,125000000.0,True,2000,5,Spring,False
25000000.0,12277,en,5.00725,2002-05-31,41604473.0,86.0,Undercover Brother,5.5,113.0,2002,,,,Unknown,16604473.0,True,2000,5,Spring,False
1000000.0,811,en,14.108597,1972-03-09,,89.0,Silent Running,6.2,179.0,1972,,,,Unknown,,,1970,3,Spring,
70000000.0,3132,en,9.540021,2002-06-07,65977295.0,116.0,Bad Company,5.4,232.0,2002,,,,Unknown,-4022705.0,False,2000,6,Summer,False
60000000.0,2501,en,21.040126,2002-06-14,214034224.0,119.0,The Bourne Identity,7.3,3640.0,2002,,,,Unknown,154034224.0,True,2000,6,Summer,False
84000000.0,9637,en,8.592826,2002-06-14,275650703.0,88.0,Scooby-Doo,5.4,853.0,2002,,,,Unknown,191650703.0,True,2000,6,Summer,False
115000000.0,12100,en,7.455875,2002-06-14,77628265.0,134.0,Windtalkers,5.8,345.0,2002,,,,Unknown,-37371735.0,False,2000,6,Summer,False
,17898,en,5.852908,1985-10-10,,95.0,Silver Bullet,6.1,116.0,1985,,,,Unknown,,,1980,10,Fall,
80000000.0,11544,en,18.469238,2002-06-21,145771527.0,85.0,Lilo & Stitch,7.1,1371.0,2002,,,,Unknown,65771527.0,True,2000,6,Summer,False
102000000.0,180,en,20.666063,2002-06-20,358372926.0,145.0,Minority Report,7.1,2663.0,2002,,,,Unknown,256372926.0,True,2000,6,Summer,True
50000000.0,2022,en,6.674356,2002-06-28,171269535.0,96.0,Mr. Deeds,5.6,660.0,2002,,,,Unknown,121269535.0,True,2000,6,Summer,False
,11982,en,9.016076,1993-11-05,,96.0,Look Who's Talking Now!,4.7,200.0,1993,,,,Unknown,,,1990,11,Fall,
30000000.0,21972,en,5.422624,2002-07-03,,99.0,Like Mike,5.7,101.0,2002,,,,Unknown,,,2000,7,Summer,
140000000.0,608,en,16.775716,2002-07-03,441818803.0,88.0,Men in Black II,6.1,3188.0,2002,,,,Unknown,301818803.0,True,2000,7,Summer,True
60000000.0,6278,en,13.067306,2002-07-12,43061982.0,101.0,Reign of Fire,6.0,684.0,2002,,,,Unknown,-16938018.0,False,2000,7,Summer,False
80000000.0,4147,en,13.426684,2002-07-12,181001478.0,117.0,Road to Perdition,7.3,1102.0,2002,,,,Unknown,101001478.0,True,2000,7,Summer,False
13000000.0,11442,en,8.502529,2002-07-01,37664855.0,94.0,Halloween: Resurrection,4.5,230.0,2002,,,,Unknown,24664855.0,True,2000,7,Summer,False
,1364,es,8.164312,2001-08-24,2628241.0,128.0,Sex and Lucia,6.6,132.0,2001,,,,Unknown,,,2000,8,Summer,False
,8869,en,10.800753,2002-07-17,,99.0,Eight Legged Freaks,5.4,303.0,2002,,,,Unknown,,,2000,7,Summer,
100000000.0,8665,en,7.718723,2002-07-19,35168966.0,138.0,K-19: The Widowmaker,6.1,273.0,2002,,,,Unknown,-64831034.0,False,2000,7,Summer,False
120000000.0,10996,en,9.274909,2002-07-19,169956806.0,78.0,Stuart Little 2,5.4,632.0,2002,,,,Unknown,49956806.0,True,2000,7,Summer,False
63000000.0,818,en,8.786653,2002-07-26,296655431.0,94.0,Austin Powers in Goldmember,5.9,997.0,2002,,,,Unknown,233655431.0,True,2000,7,Summer,True
,6404,de,5.207465,1979-04-11,,107.0,Nosferatu the Vampyre,7.5,146.0,1979,,,,Unknown,,,1970,4,Spring,
9000000.0,8764,en,5.971241,1984-06-08,20458340.0,90.0,Top Secret!,7.0,241.0,1984,,,,Unknown,11458340.0,True,1980,6,Summer,False
72000000.0,2675,en,11.211568,2002-08-02,408247917.0,106.0,Signs,6.4,1624.0,2002,,,,Unknown,336247917.0,True,2000,8,Summer,True
38000000.0,9488,en,7.164131,2002-08-07,119723358.0,100.0,Spy Kids 2: The Island of Lost Dreams,5.3,533.0,2002,,,,Unknown,81723358.0,True,2000,8,Summer,False
8000000.0,9962,en,4.388338,2002-01-12,16856124.0,93.0,The Good Girl,6.1,183.0,2002,,,,Unknown,8856124.0,True,2000,1,Winter,False
50000000.0,9573,en,5.852263,2002-08-04,26199517.0,110.0,Blood Work,6.1,210.0,2002,,,,Unknown,-23800483.0,False,2000,8,Summer,False
70000000.0,7451,en,12.722381,2002-08-09,277448382.0,124.0,xXx,5.8,1454.0,2002,,,,Unknown,207448382.0,True,2000,8,Summer,False
,2750,en,12.655728,2002-02-13,,117.0,24 Hour Party People,6.8,109.0,2002,,,,Unknown,,,2000,2,Winter,
,11484,en,6.680938,1975-06-25,30000000.0,125.0,Rollerball,6.0,115.0,1975,,,,Unknown,,,1970,6,Summer,False
100000000.0,11692,en,8.903754,2002-08-15,7103973.0,95.0,The Adventures of Pluto Nash,4.4,143.0,2002,,,,Unknown,-92896027.0,False,2000,8,Summer,False
25000000.0,9266,en,6.455738,2002-08-08,51842679.0,104.0,Blue Crush,5.6,164.0,2002,,,,Unknown,26842679.0,True,2000,8,Summer,False
12000000.0,9357,en,10.753445,2002-08-21,52223306.0,96.0,One Hour Photo,6.6,444.0,2002,,,,Unknown,40223306.0,True,2000,8,Summer,False
,9296,en,5.759483,2002-08-23,19576023.0,117.0,S1m0ne,5.5,266.0,2002,,,,Unknown,,,2000,8,Summer,False
20000000.0,15070,en,13.35278,2002-08-23,12398628.0,96.0,Undisputed,6.1,141.0,2002,,,,Unknown,-7601372.0,False,2000,8,Summer,False
15000000.0,10323,en,7.50381,1981-03-15,41092328.0,118.0,Clash of the Titans,6.8,208.0,1981,,,,Unknown,26092328.0,True,1980,3,Spring,False
26000000.0,9595,en,11.026793,1991-07-31,181096164.0,84.0,Hot Shots!,6.4,588.0,1991,,,,Unknown,155096164.0,True,1990,7,Summer,False
,10859,en,8.376319,1987-08-05,,116.0,Stakeout,6.3,116.0,1987,,,,Unknown,,,1980,8,Summer,
40000000.0,9544,en,5.160215,2002-08-09,18902015.0,101.0,FearDotCom,3.2,106.0,2002,,,,Unknown,-21097985.0,False,2000,8,Summer,False
90000.0,15516,en,9.640939,1972-08-30,,84.0,The Last House on the Left,6.0,142.0,1972,,,,Unknown,,,1970,8,Summer,
,9299,es,7.110912,1996-04-11,2647055.0,125.0,Thesis,7.2,165.0,1996,,,,Unknown,,,1990,4,Spring,False
12000000.0,10611,en,6.498789,2002-04-01,75781642.0,102.0,Barbershop,6.2,139.0,2002,,,,Unknown,63781642.0,True,2000,4,Spring,False
21000000.0,4108,en,13.217421,2002-10-02,43928932.0,92.0,The Transporter,6.6,1724.0,2002,,,,Unknown,22928932.0,True,2000,10,Fall,False
230000.0,12262,en,4.788002,1977-07-22,25000000.0,89.0,The Hills Have Eyes,6.1,145.0,1977,,,,Unknown,24770000.0,True,1970,7,Summer,False
,5506,en,12.509812,1955-12-08,,91.0,The Ladykillers,7.3,104.0,1955,,,,Unknown,,,1950,12,Winter,
,575,de,7.881933,2001-03-07,,114.0,The Experiment,7.5,319.0,2001,,,,Unknown,,,2000,3,Spring,
35000000.0,9093,en,6.894153,2002-09-08,29882645.0,132.0,The Four Feathers,6.5,164.0,2002,,,,Unknown,-5117355.0,False,2000,9,Fall,False
30000000.0,9039,en,5.781667,2002-09-20,6916869.0,106.0,Trapped,5.8,140.0,2002,,,,Unknown,-23083131.0,False,2000,9,Fall,False
8000000.0,1958,fr,5.717082,2002-01-08,,111.0,8 Women,6.9,197.0,2002,,,,Unknown,,,2000,1,Winter,
4000000.0,11013,en,10.936827,2002-01-11,9304609.0,104.0,Secretary,6.8,378.0,2002,,,,Unknown,5304609.0,True,2000,1,Winter,False
15000000.0,129,ja,41.048867,2001-07-20,274925095.0,125.0,Spirited Away,8.3,3968.0,2001,,,,Unknown,259925095.0,True,2000,7,Summer,False
30000000.0,11529,en,8.587129,2002-09-26,180622424.0,108.0,Sweet Home Alabama,6.1,408.0,2002,,,,Unknown,150622424.0,True,2000,9,Fall,False
,10771,en,6.023213,2002-09-27,,98.0,The Tuxedo,5.3,494.0,2002,,,,Unknown,,,2000,9,Fall,
15300000.0,2110,fr,12.426505,2001-10-31,,94.0,Wasabi,6.2,288.0,2001,,,,Unknown,,,2000,10,Fall,
78000000.0,9533,en,2.968157,2002-09-29,209196298.0,124.0,Red Dragon,6.7,1142.0,2002,,,,Unknown,131196298.0,True,2000,9,Fall,False
226188.0,11868,en,8.355326,1958-05-08,,82.0,Horror of Dracula,7.2,124.0,1958,,,,Unknown,,,1950,5,Spring,
,10772,it,4.891638,1966-04-05,17277.0,93.0,Django,7.1,156.0,1966,,,,Unknown,,,1960,4,Spring,False
,12590,en,11.19785,2002-10-11,605562.0,105.0,Below,6.0,122.0,2002,,,,Unknown,,,2000,10,Fall,False
4000000.0,1809,en,6.781935,2002-10-11,,110.0,The Rules of Attraction,6.3,170.0,2002,,,,Unknown,,,2000,10,Fall,
15000000.0,13768,en,5.951492,2002-10-11,19158074.0,90.0,Tuck Everlasting,6.4,133.0,2002,,,,Unknown,4158074.0,True,2000,10,Fall,False
,10994,en,13.75498,2002-10-11,,109.0,White Oleander,7.2,111.0,2002,,,,Unknown,,,2000,10,Fall,
4000000.0,1430,en,11.393859,2002-10-09,35564473.0,120.0,Bowling for Columbine,7.3,467.0,2002,,,,Unknown,31564473.0,True,2000,10,Fall,False
25000000.0,8051,en,6.753969,2002-10-25,17000000.0,95.0,Punch-Drunk Love,6.9,542.0,2002,,,,Unknown,-8000000.0,False,2000,10,Fall,False
48000000.0,565,en,13.740965,2002-10-18,249348933.0,115.0,The Ring,6.5,1720.0,2002,,,,Unknown,201348933.0,True,2000,10,Fall,False
,16646,ru,8.815485,2002-05-22,6723732.0,99.0,Russian Ark,7.2,102.0,2002,,,,Unknown,,,2000,5,Spring,False
3700000.0,12477,ja,0.010902,1988-04-16,,89.0,Grave of the Fireflies,8.2,974.0,1988,,,,Unknown,,,1980,4,Spring,
3000000.0,10285,en,9.223325,1993-08-13,15938065.0,87.0,Jason Goes to Hell: The Final Friday,4.2,197.0,1993,,,,Unknown,12938065.0,True,1990,8,Summer,False
3500000.0,11009,en,13.657204,1977-12-16,237113184.0,118.0,Saturday Night Fever,6.5,383.0,1977,,,,Unknown,233613184.0,True,1970,12,Winter,False
18000000.0,11644,en,7.536295,1981-07-24,12000000.0,108.0,Blow Out,7.3,243.0,1981,,,,Unknown,-6000000.0,False,1980,7,Summer,False
,6399,it,5.928981,1981-12-09,,102.0,A Friend Is a Treasure,6.9,123.0,1981,,,,Unknown,,,1980,12,Winter,
,24740,en,6.302682,1982-09-30,13277558.0,125.0,The Entity,6.3,111.0,1982,,,,Unknown,,,1980,9,Fall,False
3000000.0,11646,en,7.44658,1981-08-13,11740000.0,112.0,Gallipoli,7.1,111.0,1981,,,,Unknown,8740000.0,True,1980,8,Summer,False
35000000.0,9645,en,13.955376,2002-10-25,68349884.0,91.0,Ghost Ship,5.3,540.0,2002,,,,Unknown,33349884.0,True,2000,10,Fall,False
5000000.0,9012,en,14.095586,2002-10-21,64282312.0,87.0,Jackass: The Movie,6.1,355.0,2002,,,,Unknown,59282312.0,True,2000,10,Fall,False
12000000.0,1360,en,11.283472,2002-08-29,56298474.0,123.0,Frida,7.3,397.0,2002,,,,Unknown,44298474.0,True,2000,8,Summer,False
12000000.0,12208,en,13.300519,1967-04-13,41744718.0,131.0,Casino Royale,5.3,153.0,1967,,,,Unknown,29744718.0,True,1960,4,Spring,False
70000000.0,8427,en,10.404277,2002-10-31,33561137.0,97.0,I Spy,5.2,276.0,2002,,,,Unknown,-36438863.0,False,2000,10,Fall,False
65000000.0,9021,en,5.205729,2002-10-31,172855065.0,104.0,The Santa Clause 2,5.5,303.0,2002,,,,Unknown,107855065.0,True,2000,10,Fall,False
35000000.0,9280,en,6.426438,2002-11-06,16838910.0,114.0,Femme Fatale,6.2,142.0,2002,,,,Unknown,-18161090.0,False,2000,11,Fall,False
41000000.0,65,en,8.374355,2002-11-08,215000000.0,110.0,8 Mile,6.8,1676.0,2002,,,,Unknown,174000000.0,True,2000,11,Fall,False
13500000.0,10712,en,10.107519,2002-09-01,29027914.0,107.0,Far from Heaven,6.9,145.0,2002,,,,Unknown,15527914.0,True,2000,9,Fall,False
100000000.0,672,en,29.741452,2002-11-13,876688482.0,161.0,Harry Potter and the Chamber of Secrets,7.4,5966.0,2002,,,,Unknown,776688482.0,True,2000,11,Fall,True
,11880,en,10.073784,2002-05-10,,105.0,Dog Soldiers,6.7,227.0,2002,,,,Unknown,,,2000,5,Spring,
11000000.0,13888,en,8.929393,1991-08-02,2807854.0,98.0,Return to the Blue Lagoon,5.2,156.0,1991,,,,Unknown,-8192146.0,False,1990,8,Summer,False
4100000.0,9538,en,10.574039,1981-01-14,14225876.0,103.0,Scanners,6.5,248.0,1981,,,,Unknown,10125876.0,True,1980,1,Winter,False
,9317,fr,5.082509,1981-12-02,,98.0,Cabbage Soup,6.3,147.0,1981,,,,Unknown,,,1980,12,Winter,
,11524,en,10.480229,1981-03-27,4300000.0,122.0,Thief,7.3,130.0,1981,,,,Unknown,,,1980,3,Spring,False
140000000.0,36669,en,12.996474,2002-11-17,431971116.0,133.0,Die Another Day,5.8,1112.0,2002,,,,Unknown,291971116.0,True,2000,11,Fall,True
20000000.0,10426,en,5.794821,2002-11-22,33526835.0,85.0,Friday After Next,6.0,103.0,2002,,,,Unknown,13526835.0,True,2000,11,Fall,False
9285469.0,64,es,6.648278,2002-03-14,51001550.0,112.0,Talk to Her,7.5,273.0,2002,,,,Unknown,41716081.0,True,2000,3,Spring,False
,13376,en,11.788185,2002-11-27,23833131.0,76.0,Eight Crazy Nights,5.3,100.0,2002,,,,Unknown,,,2000,11,Fall,False
47000000.0,2103,en,10.642824,2002-11-27,30002758.0,99.0,Solaris,5.9,378.0,2002,,,,Unknown,-16997242.0,False,2000,11,Fall,False
140000000.0,9016,en,16.141913,2002-11-26,109578115.0,95.0,Treasure Planet,7.2,980.0,2002,,,,Unknown,-30421885.0,False,2000,11,Fall,False
650000.0,25239,en,12.412877,1978-11-02,,101.0,I Spit on Your Grave,5.8,140.0,1978,,,,Unknown,,,1970,11,Fall,
3500000.0,14433,en,11.604242,1964-01-22,8000000.0,138.0,Zulu,7.4,137.0,1964,,,,Unknown,4500000.0,True,1960,1,Winter,False
60000000.0,9932,en,9.927412,2002-12-06,55003135.0,96.0,Analyze That,5.7,385.0,2002,,,,Unknown,-4996865.0,False,2000,12,Winter,False
19000000.0,2757,en,11.624481,2002-12-06,32801173.0,114.0,Adaptation.,7.3,649.0,2002,,,,Unknown,13801173.0,True,2000,12,Winter,False
20000000.0,7299,en,12.671637,2002-12-06,5359645.0,107.0,Equilibrium,6.9,1584.0,2002,,,,Unknown,-14640355.0,False,2000,12,Winter,False
10000000.0,17360,en,9.865257,1981-06-17,27453418.0,116.0,Escape to Victory,6.7,163.0,1981,,,,Unknown,17453418.0,True,1980,6,Summer,False
,171,fr,4.964833,1982-12-08,,109.0,The Party 2,6.3,134.0,1982,,,,Unknown,,,1980,12,Winter,
20000000.0,13497,en,5.270187,2002-12-13,57588485.0,118.0,Drumline,6.2,118.0,2002,,,,Unknown,37588485.0,True,2000,12,Winter,False
,11852,en,8.734328,2002-12-13,35081550.0,104.0,The Hot Chick,5.5,431.0,2002,,,,Unknown,,,2000,12,Winter,False
55000000.0,7303,en,7.291939,2002-12-13,154906693.0,105.0,Maid in Manhattan,5.6,493.0,2002,,,,Unknown,99906693.0,True,2000,12,Winter,False
60000000.0,201,en,11.367801,2002-12-13,67312826.0,117.0,Star Trek: Nemesis,6.1,488.0,2002,,,,Unknown,7312826.0,True,2000,12,Winter,False
30000000.0,2755,en,11.066473,2002-12-13,105834556.0,125.0,About Schmidt,6.7,365.0,2002,,,,Unknown,75834556.0,True,2000,12,Winter,False
79000000.0,121,en,29.423537,2002-12-18,926287400.0,179.0,The Lord of the Rings: The Two Towers,8.0,7641.0,2002,,,,Unknown,847287400.0,True,2000,12,Winter,True
15000000.0,1429,en,10.271871,2002-12-16,13060843.0,135.0,25th Hour,7.2,640.0,2002,,,,Unknown,-1939157.0,False,2000,12,Winter,False
12500000.0,13435,en,10.944654,2002-12-19,23367586.0,120.0,Antwone Fisher,6.7,140.0,2002,,,,Unknown,10867586.0,True,2000,12,Winter,False
100000000.0,3131,en,14.922399,2002-12-14,193772504.0,167.0,Gangs of New York,7.1,1964.0,2002,,,,Unknown,93772504.0,True,2000,12,Winter,False
60000000.0,2642,en,7.738531,2002-12-19,93354918.0,101.0,Two Weeks Notice,5.9,505.0,2002,,,,Unknown,33354918.0,True,2000,12,Winter,False
6500000.0,11022,en,5.20644,2002-01-14,12633747.0,105.0,Narc,6.8,144.0,2002,,,,Unknown,6133747.0,True,2000,1,Winter,False
,11317,en,4.911734,1994-02-11,,99.0,My Girl 2,5.4,111.0,1994,,,,Unknown,,,1990,2,Winter,
16500000.0,4032,en,8.605742,1991-11-27,,102.0,My Girl,7.0,441.0,1991,,,,Unknown,,,1990,11,Fall,
,8392,ja,13.507299,1988-04-16,,86.0,My Neighbor Totoro,8.0,1730.0,1988,,,,Unknown,,,1980,4,Spring,
,16938,en,5.310614,1974-10-11,,98.0,Black Christmas,6.8,133.0,1974,,,,Unknown,,,1970,10,Fall,
52000000.0,640,en,19.833077,2002-12-25,352114312.0,141.0,Catch Me If You Can,7.7,3917.0,2002,,,,Unknown,300114312.0,True,2000,12,Winter,True
40000000.0,10599,it,6.463613,2002-12-25,41323171.0,108.0,Pinocchio,5.6,144.0,2002,,,,Unknown,1323171.0,True,2000,12,Winter,False
45000000.0,1574,en,13.325347,2002-12-26,306776732.0,113.0,Chicago,6.9,695.0,2002,,,,Unknown,261776732.0,True,2000,12,Winter,True
25000000.0,590,en,14.686487,2002-12-27,41597830.0,114.0,The Hours,7.0,461.0,2002,,,,Unknown,16597830.0,True,2000,12,Winter,False
35000000.0,423,en,14.811594,2002-09-24,120072577.0,150.0,The Pianist,8.1,1927.0,2002,,,,Unknown,85072577.0,True,2000,9,Fall,False
20000000.0,262,en,9.093411,1982-12-18,,109.0,The King of Comedy,7.6,306.0,1982,,,,Unknown,,,1980,12,Winter,
30000000.0,4912,en,11.331072,2002-12-30,33013805.0,113.0,Confessions of a Dangerous Mind,6.6,281.0,2002,,,,Unknown,3013805.0,True,2000,12,Winter,False
18000000.0,12090,en,6.001152,2003-01-09,101564935.0,95.0,Just Married,5.3,415.0,2003,,,,Unknown,83564935.0,True,2000,1,Winter,False
,10628,en,6.538007,2003-01-17,,89.0,Kangaroo Jack,4.3,207.0,2003,,,,Unknown,,,2000,1,Winter,
,11078,en,6.409297,2003-01-17,50097949.0,88.0,National Security,5.5,244.0,2003,,,,Unknown,,,2000,1,Winter,False
3300000.0,598,pt,14.95927,2002-02-05,30641770.0,130.0,City of God,8.2,1852.0,2002,,,,Unknown,27341770.0,True,2000,2,Winter,False
120000.0,8073,fr,5.648187,1964-08-05,182857.0,97.0,Band of Outsiders,7.5,103.0,1964,,,,Unknown,62857.0,True,1960,8,Summer,False
25300000.0,5968,en,19.856025,1984-08-15,,87.0,The Woman in Red,5.6,101.0,1984,,,,Unknown,,,1980,8,Summer,
,10727,en,11.878552,2003-01-24,,86.0,Darkness Falls,4.9,161.0,2003,,,,Unknown,,,2000,1,Winter,
26000000.0,9358,en,12.638573,2003-01-31,90426405.0,90.0,Final Destination 2,5.9,1046.0,2003,,,,Unknown,64426405.0,True,2000,1,Winter,False
,1647,en,11.485473,2003-01-31,101191884.0,115.0,The Recruit,6.2,545.0,2003,,,,Unknown,,,2000,1,Winter,False
500000.0,10894,en,8.398158,2002-01-13,150277.0,93.0,May,6.3,153.0,2002,,,,Unknown,-349723.0,False,2000,1,Winter,False
18000000.0,10724,en,8.97528,1982-06-13,70687344.0,136.0,Firefox,5.5,141.0,1982,,,,Unknown,52687344.0,True,1980,6,Summer,False
,10150,en,6.634939,1982-11-19,6455530.0,92.0,The Last Unicorn,7.0,117.0,1982,,,,Unknown,,,1980,11,Fall,False
,14645,fr,5.870932,1982-08-25,,88.0,Santa Claus Is a Stinker,7.4,203.0,1982,,,,Unknown,,,1980,8,Summer,
,29702,en,13.925958,1982-10-28,,110.0,Tenebre,6.6,107.0,1982,,,,Unknown,,,1980,10,Fall,
50000000.0,9919,en,5.188107,2003-02-07,177371441.0,116.0,How to Lose a Guy in 10 Days,6.3,873.0,2003,,,,Unknown,127371441.0,True,2000,2,Winter,False
50000000.0,6038,en,7.469778,2003-02-06,88323487.0,115.0,Shanghai Knights,6.0,707.0,2003,,,,Unknown,38323487.0,True,2000,2,Winter,False
78000000.0,9480,en,11.415558,2003-02-14,179179718.0,103.0,Daredevil,5.0,1551.0,2003,,,,Unknown,101179718.0,True,2000,2,Winter,False
20000000.0,14873,en,10.605851,2003-02-07,135680000.0,72.0,The Jungle Book 2,5.6,278.0,2003,,,,Unknown,115680000.0,True,2000,2,Winter,False
35000000.0,12139,en,10.378902,1993-06-23,117270765.0,94.0,Dennis the Menace,5.5,280.0,1993,,,,Unknown,82270765.0,True,1990,6,Summer,False
1500000.0,991,en,6.451499,1976-03-18,,138.0,The Man Who Fell to Earth,6.4,139.0,1976,,,,Unknown,,,1970,3,Spring,
50000000.0,11615,en,9.930326,2003-02-21,38955598.0,130.0,The Life of David Gale,7.3,497.0,2003,,,,Unknown,-11044402.0,False,2000,2,Winter,False
24000000.0,11635,en,16.195894,2003-02-21,87055349.0,91.0,Old School,6.6,552.0,2003,,,,Unknown,63055349.0,True,2000,2,Winter,False
25000000.0,10623,en,8.364587,2003-02-28,56489558.0,101.0,Cradle 2 the Grave,5.8,242.0,2003,,,,Unknown,31489558.0,True,2000,2,Winter,False
,9613,en,5.812918,2002-12-13,,98.0,Spider,6.4,176.0,2002,,,,Unknown,,,2000,12,Winter,
20000000.0,10678,en,5.762343,2003-03-07,132675402.0,105.0,Bringing Down the House,5.4,191.0,2003,,,,Unknown,112675402.0,True,2000,3,Spring,False
70000000.0,9567,en,10.614987,2003-03-07,85632458.0,121.0,Tears of the Sun,6.4,582.0,2003,,,,Unknown,15632458.0,True,2000,3,Spring,False
3500159.0,455,en,6.262677,2002-04-11,76578641.0,112.0,Bend It Like Beckham,6.2,593.0,2002,,,,Unknown,73078482.0,True,2000,4,Spring,False
55000000.0,10632,en,7.481524,2003-03-11,34234008.0,94.0,The Hunted,6.0,194.0,2003,,,,Unknown,-20765992.0,False,2000,3,Spring,False
2000000.0,12079,en,7.115355,2002-06-01,,101.0,Spun,6.6,132.0,2002,,,,Unknown,,,2000,6,Summer,
,11571,en,10.38937,1959-12-14,10000000.0,132.0,Journey to the Center of the Earth,6.7,107.0,1959,,,,Unknown,,,1950,12,Winter,False
1200000.0,2671,ja,6.486126,1998-01-31,8690429.0,96.0,Ringu,6.9,310.0,1998,,,,Unknown,7490429.0,True,1990,1,Winter,False
20000000.0,9557,en,6.515316,2002-10-01,8586376.0,94.0,Boat Trip,4.7,148.0,2002,,,,Unknown,-11413624.0,False,2000,10,Fall,False
68000000.0,6171,en,7.694847,2003-03-21,75715436.0,136.0,Dreamcatcher,5.2,574.0,2003,,,,Unknown,7715436.0,True,2000,3,Spring,False
,11523,en,5.506354,2003-03-21,15614000.0,87.0,View from the Top,5.0,145.0,2003,,,,Unknown,,,2000,3,Spring,False
50000000.0,10782,en,14.327717,2003-04-18,42792561.0,98.0,Basic,6.2,290.0,2003,,,,Unknown,-7207439.0,False,2000,4,Spring,False
60000000.0,9341,en,11.664861,2003-03-28,74208267.0,136.0,The Core,5.5,531.0,2003,,,,Unknown,14208267.0,True,2000,3,Spring,False
,10735,en,6.743151,2003-03-27,,105.0,What a Girl Wants,5.8,377.0,2003,,,,Unknown,,,2000,3,Spring,
,12516,ja,5.845197,1990-05-11,,119.0,Dreams,7.5,100.0,1990,,,,Unknown,,,1990,5,Spring,
,1675,fr,10.101183,1973-05-24,17808.0,115.0,Day for Night,8.0,100.0,1973,,,,Unknown,,,1970,5,Spring,False
,17057,en,6.331826,1950-05-17,,94.0,In a Lonely Place,7.5,103.0,1950,,,,Unknown,,,1950,5,Spring,
36000000.0,8409,en,17.714247,2003-04-04,44350926.0,109.0,A Man Apart,5.8,261.0,2003,,,,Unknown,8350926.0,True,2000,4,Spring,False
13000000.0,1817,en,9.142772,2002-09-09,97837138.0,81.0,Phone Booth,6.7,1087.0,2002,,,,Unknown,84837138.0,True,2000,9,Fall,False
,11299,ja,11.562163,2001-09-01,,116.0,Cowboy Bebop: The Movie,7.3,174.0,2001,,,,Unknown,,,2000,9,Fall,
75000000.0,9506,en,9.409379,2003-04-11,195745823.0,106.0,Anger Management,5.9,937.0,2003,,,,Unknown,120745823.0,True,2000,4,Spring,False
7000000.0,2662,en,11.00913,2003-04-11,16829545.0,89.0,House of 1000 Corpses,6.0,310.0,2003,,,,Unknown,9829545.0,True,2000,4,Spring,False
,12093,sv,5.457863,2002-08-23,,109.0,Lilya 4-ever,7.7,141.0,2002,,,,Unknown,,,2000,8,Summer,
52000000.0,11817,en,7.963481,2003-03-28,,104.0,Bulletproof Monk,5.2,285.0,2003,,,,Unknown,,,2000,3,Spring,
20000000.0,8326,en,17.193267,2003-04-18,,117.0,Holes,6.7,396.0,2003,,,,Unknown,,,2000,4,Spring,
2200000.0,994,en,6.632663,1971-12-29,3251794.0,118.0,Straw Dogs,7.2,230.0,1971,,,,Unknown,1051794.0,True,1970,12,Winter,False
6500000.0,10514,en,11.081253,1971-03-12,12376563.0,131.0,The Andromeda Strain,7.0,196.0,1971,,,,Unknown,5876563.0,True,1970,3,Spring,False
,1714,en,7.630417,1966-09-14,,112.0,Fahrenheit 451,7.0,198.0,1966,,,,Unknown,,,1960,9,Fall,
,10743,en,6.959638,2003-04-25,,97.0,Confidence,6.4,127.0,2003,,,,Unknown,,,2000,4,Spring,
30000000.0,2832,en,17.955897,2003-04-25,90259536.0,90.0,Identity,7.1,1090.0,2003,,,,Unknown,60259536.0,True,2000,4,Spring,False
17000000.0,18736,en,6.730857,2003-04-25,55534455.0,94.0,The Lizzie McGuire Movie,5.8,292.0,2003,,,,Unknown,38534455.0,True,2000,4,Spring,False
110000000.0,36658,en,0.913096,2003-04-24,407711549.0,133.0,X2,6.8,3572.0,2003,,,,Unknown,297711549.0,True,2000,4,Spring,True
60000000.0,10708,en,6.504927,2003-05-03,164433867.0,92.0,Daddy Day Care,5.6,526.0,2003,,,,Unknown,104433867.0,True,2000,5,Spring,False
,10515,ja,11.061551,1986-08-02,,124.0,Castle in the Sky,7.8,877.0,1986,,,,Unknown,,,1980,8,Summer,
150000000.0,604,en,16.229317,2003-05-15,738599701.0,138.0,The Matrix Reloaded,6.7,3500.0,2003,,,,Unknown,588599701.0,True,2000,5,Spring,True
35000000.0,10720,en,9.392508,2003-05-08,20298207.0,101.0,Down with Love,6.1,202.0,2003,,,,Unknown,-14701793.0,False,2000,5,Spring,False
5300000.0,1555,fr,5.94395,2002-05-17,3897799.0,122.0,The Spanish Apartment,7.0,276.0,2002,,,,Unknown,-1402201.0,False,2000,5,Spring,False
80000000.0,310,en,15.947524,2003-05-23,484572835.0,101.0,Bruce Almighty,6.4,3121.0,2003,,,,Unknown,404572835.0,True,2000,5,Spring,True
94000000.0,12,en,25.497794,2003-05-30,940335536.0,100.0,Finding Nemo,7.6,6292.0,2003,,,,Unknown,846335536.0,True,2000,5,Spring,True
60000000.0,9654,en,13.995044,2003-05-30,176070171.0,110.0,The Italian Job,6.6,1949.0,2003,,,,Unknown,116070171.0,True,2000,5,Spring,False
12600000.0,9902,en,14.079718,2003-05-30,28650575.0,84.0,Wrong Turn,6.0,652.0,2003,,,,Unknown,16050575.0,True,2000,5,Spring,False
,2260,en,4.453296,2003-05-30,3117985.0,107.0,Capturing the Friedmans,7.4,112.0,2003,,,,Unknown,,,2000,5,Spring,False
76000000.0,584,en,2.32462,2003-06-05,236350661.0,107.0,2 Fast 2 Furious,6.2,2087.0,2003,,,,Unknown,160350661.0,True,2000,6,Summer,False
8000000.0,1088,en,11.040186,2003-01-30,41400000.0,101.0,Whale Rider,7.1,114.0,2003,,,,Unknown,33400000.0,True,2000,1,Winter,False
35000000.0,11890,en,6.137796,1991-04-26,23562716.0,109.0,Oscar,6.2,128.0,1991,,,,Unknown,-11437284.0,False,1990,4,Spring,False
,11916,en,10.072738,1970-06-14,5050000.0,116.0,Two Mules for Sister Sara,6.6,129.0,1970,,,,Unknown,,,1970,6,Summer,False
,26317,ru,4.694378,1929-01-08,,68.0,Man with a Movie Camera,8.1,114.0,1929,,,,Unknown,,,1920,1,Winter,
,8092,en,9.665142,1993-04-09,4104962.0,115.0,This Boy’s Life,7.0,192.0,1993,,,,Unknown,,,1990,4,Spring,False
9000000.0,290,en,8.387026,1991-08-01,6153939.0,116.0,Barton Fink,7.4,450.0,1991,,,,Unknown,-2846061.0,False,1990,8,Summer,False
,14817,en,10.580421,1997-07-25,,103.0,Good Burger,5.4,113.0,1997,,,,Unknown,,,1990,7,Summer,
19000000.0,10152,en,9.280038,2003-06-13,39267515.0,85.0,Dumb and Dumberer: When Harry Met Lloyd,4.1,211.0,2003,,,,Unknown,20267515.0,True,2000,6,Summer,False
75000000.0,11375,en,11.080439,2003-06-09,51142659.0,116.0,Hollywood Homicide,5.0,172.0,2003,,,,Unknown,-23857341.0,False,2000,6,Summer,False
5000000.0,170,en,17.656951,2002-10-31,82719885.0,113.0,28 Days Later,7.1,1816.0,2002,,,,Unknown,77719885.0,True,2000,10,Fall,False
120000000.0,9471,en,7.821116,2003-06-27,259175788.0,106.0,Charlie's Angels: Full Throttle,5.2,930.0,2003,,,,Unknown,139175788.0,True,2000,6,Summer,False
,11482,fr,6.583984,1976-05-26,,125.0,The Tenant,7.7,181.0,1976,,,,Unknown,,,1970,5,Spring,
137000000.0,1927,en,15.422638,2003-06-19,245360480.0,138.0,Hulk,5.3,1571.0,2003,,,,Unknown,108360480.0,True,2000,6,Summer,False
45000000.0,10327,en,7.288046,2003-07-02,124914842.0,95.0,"Legally Blonde 2: Red, White & Blonde",5.2,386.0,2003,,,,Unknown,79914842.0,True,2000,7,Summer,False
60000000.0,14411,en,8.388773,2003-07-02,26288320.0,86.0,Sinbad: Legend of the Seven Seas,6.6,386.0,2003,,,,Unknown,-33711680.0,False,2000,7,Summer,False
200000000.0,296,en,20.818907,2003-07-02,435000000.0,109.0,Terminator 3: Rise of the Machines,5.9,2177.0,2003,,,,Unknown,235000000.0,True,2000,7,Summer,True
7800000.0,302,en,14.481103,2003-05-18,22441323.0,102.0,Swimming Pool,6.5,154.0,2003,,,,Unknown,14641323.0,True,2000,5,Spring,False
140000000.0,22,en,47.326665,2003-07-09,655011224.0,143.0,Pirates of the Caribbean: The Curse of the Black Pearl,7.5,7191.0,2003,,,,Unknown,515011224.0,True,2000,7,Summer,True
78000000.0,8698,en,10.488765,2003-07-11,179265204.0,110.0,The League of Extraordinary Gentlemen,5.7,1181.0,2003,,,,Unknown,101265204.0,True,2000,7,Summer,False
130000000.0,8961,en,8.191436,2003-07-18,273339556.0,147.0,Bad Boys II,6.3,1588.0,2003,,,,Unknown,143339556.0,True,2000,7,Summer,False
40000000.0,9486,en,8.739991,2003-04-06,160583018.0,88.0,Johnny English,6.0,875.0,2003,,,,Unknown,120583018.0,True,2000,4,Spring,False
,3472,en,5.349653,2002-09-05,,97.0,Dirty Pretty Things,6.8,135.0,2002,,,,Unknown,,,2000,9,Fall,
,11894,en,8.965053,1991-10-24,,101.0,Curly Sue,5.5,112.0,1991,,,,Unknown,,,1990,10,Fall,
95000000.0,1996,en,13.076349,2003-07-21,156505388.0,117.0,Lara Croft Tomb Raider: The Cradle of Life,5.5,1443.0,2003,,,,Unknown,61505388.0,True,2000,7,Summer,False
87000000.0,4464,en,7.851669,2003-07-22,148336445.0,141.0,Seabiscuit,6.8,219.0,2003,,,,Unknown,61336445.0,True,2000,7,Summer,False
38000000.0,12279,en,8.025145,2003-07-25,197011982.0,84.0,Spy Kids 3-D: Game Over,4.7,525.0,2003,,,,Unknown,159011982.0,True,2000,7,Summer,False
55000000.0,8273,en,14.397139,2003-08-01,231449203.0,103.0,American Wedding,6.0,1158.0,2003,,,,Unknown,176449203.0,True,2000,8,Summer,False
54000000.0,8046,en,11.415316,2003-08-01,7266209.0,121.0,Gigli,3.5,105.0,2003,,,,Unknown,-46733791.0,False,2000,8,Summer,False
,8094,en,5.725912,2002-10-24,20957001.0,119.0,The Magdalene Sisters,7.4,114.0,2002,,,,Unknown,,,2000,10,Fall,False
26000000.0,10330,en,7.867999,2003-08-03,110230332.0,97.0,Freaky Friday,6.0,919.0,2003,,,,Unknown,84230332.0,True,2000,8,Summer,False
80000000.0,9257,en,13.334952,2003-08-08,116643346.0,117.0,S.W.A.T.,5.8,780.0,2003,,,,Unknown,36643346.0,True,2000,8,Summer,False
30000000.0,6466,en,14.015739,2003-08-15,114908830.0,97.0,Freddy vs. Jason,5.8,608.0,2003,,,,Unknown,84908830.0,True,2000,8,Summer,False
22000000.0,2055,en,16.532577,2003-08-29,68296293.0,139.0,Open Range,7.0,268.0,2003,,,,Unknown,46296293.0,True,2000,8,Summer,False
,11770,cn,8.461631,2001-07-12,42776760.0,113.0,Shaolin Soccer,6.6,504.0,2001,,,,Unknown,,,2000,7,Summer,False
20000000.0,14926,en,5.555088,2003-08-15,37095657.0,92.0,Uptown Girls,6.1,193.0,2003,,,,Unknown,17095657.0,True,2000,8,Summer,False
,2771,en,7.05435,2003-08-15,6003587.0,101.0,American Splendor,7.1,121.0,2003,,,,Unknown,,,2000,8,Summer,False
28000000.0,10923,en,10.445141,2003-03-14,58795814.0,102.0,Agent Cody Banks,5.0,289.0,2003,,,,Unknown,30795814.0,True,2000,3,Spring,False
4000000.0,11206,en,6.216637,1967-10-26,11000000.0,108.0,Wait Until Dark,7.5,112.0,1967,,,,Unknown,7000000.0,True,1960,10,Fall,False
,18148,ja,10.009423,1953-11-03,,136.0,Tokyo Story,8.2,190.0,1953,,,,Unknown,,,1950,11,Fall,
777000.0,636,en,8.152085,1971-03-11,2437000.0,86.0,THX 1138,6.4,265.0,1971,,,,Unknown,1660000.0,True,1970,3,Spring,False
,11898,en,9.753718,1949-01-01,,106.0,Kind Hearts and Coronets,7.6,109.0,1949,,,,Unknown,,,1940,1,Winter,
11000000.0,9362,en,15.750026,1990-01-19,48572000.0,96.0,Tremors,6.6,882.0,1990,,,,Unknown,37572000.0,True,1990,1,Winter,False
500000.0,19542,en,10.44551,1948-07-20,,133.0,The Red Shoes,8.2,124.0,1948,,,,Unknown,,,1940,7,Summer,
,936,en,7.851263,1963-12-19,10878107.0,115.0,The Pink Panther,6.9,246.0,1963,,,,Unknown,,,1960,12,Winter,False
6000000.0,12268,en,5.58692,1976-12-15,33833201.0,103.0,The Pink Panther Strikes Again,6.8,119.0,1976,,,,Unknown,27833201.0,True,1970,12,Winter,False
10000000.0,10999,en,10.193652,1985-10-03,57500000.0,90.0,Commando,6.4,753.0,1985,,,,Unknown,47500000.0,True,1980,10,Fall,False
800000.0,4593,fr,4.8779,1972-09-15,,101.0,The Discreet Charm of the Bourgeoisie,7.4,140.0,1972,,,,Unknown,,,1970,9,Fall,
,3782,ja,7.843562,1952-10-09,55240.0,143.0,Ikiru,8.1,208.0,1952,,,,Unknown,,,1950,10,Fall,False
41000000.0,10610,en,9.885859,2003-08-15,,88.0,The Medallion,5.3,286.0,2003,,,,Unknown,,,2000,8,Summer,
14000000.0,2830,en,13.49615,2003-08-21,,83.0,My Boss's Daughter,4.4,189.0,2003,,,,Unknown,,,2000,8,Summer,
17000000.0,11351,en,14.786032,2003-08-08,63102666.0,104.0,Jeepers Creepers 2,5.5,304.0,2003,,,,Unknown,46102666.0,True,2000,8,Summer,False
1500000.0,11547,en,6.466688,2003-08-15,30553394.0,93.0,Cabin Fever,5.5,332.0,2003,,,,Unknown,29053394.0,True,2000,8,Summer,False
62000000.0,7270,en,5.539265,2003-09-01,65565672.0,116.0,Matchstick Men,6.9,515.0,2003,,,,Unknown,3565672.0,True,2000,9,Fall,False
29000000.0,1428,en,8.843365,2003-09-11,98185582.0,102.0,Once Upon a Time in Mexico,6.2,605.0,2003,,,,Unknown,69185582.0,True,2000,9,Fall,False
4000000.0,153,en,11.609441,2003-08-31,119723856.0,102.0,Lost in Translation,7.3,1943.0,2003,,,,Unknown,115723856.0,True,2000,8,Summer,False
,33320,ja,5.330725,2001-07-28,37641.0,87.0,Millennium Actress,7.8,123.0,2001,,,,Unknown,,,2000,7,Summer,False
,11293,en,6.471879,1973-05-09,,102.0,Paper Moon,7.8,154.0,1973,,,,Unknown,,,1970,5,Spring,
3500000.0,8408,en,8.801822,1985-07-19,34000000.0,96.0,Day of the Dead,6.9,276.0,1985,,,,Unknown,30500000.0,True,1980,7,Summer,False
40000000.0,2687,en,6.064099,1992-02-28,14358033.0,99.0,Memoirs of an Invisible Man,5.7,127.0,1992,,,,Unknown,-25641967.0,False,1990,2,Winter,False
1355000.0,28942,en,9.445978,1979-05-25,,92.0,The Brood,6.6,138.0,1979,,,,Unknown,,,1970,5,Spring,
,10739,en,11.10416,2003-08-27,,108.0,Anything Else,6.2,151.0,2003,,,,Unknown,,,2000,8,Summer,
,12767,en,5.84474,2003-09-19,21384035.0,118.0,Cold Creek Manor,4.9,114.0,2003,,,,Unknown,,,2000,9,Fall,False
,13156,en,8.636608,2003-09-19,,111.0,Secondhand Lions,6.9,264.0,2003,,,,Unknown,,,2000,9,Fall,
22000000.0,277,en,20.624333,2003-09-19,95708457.0,121.0,Underworld,6.6,2556.0,2003,,,,Unknown,73708457.0,True,2000,9,Fall,False
1000000.0,9707,en,5.574383,2002-06-09,,92.0,Bubba Ho-tep,6.7,192.0,2002,,,,Unknown,,,2000,6,Summer,
40000000.0,7288,en,12.160363,2003-09-26,19322135.0,89.0,Duplex,5.9,500.0,2003,,,,Unknown,-20677865.0,False,2000,9,Fall,False
85000000.0,10159,en,8.304835,2003-09-26,80916492.0,104.0,The Rundown,6.4,523.0,2003,,,,Unknown,-4083508.0,False,2000,9,Fall,False
18000000.0,10934,en,8.508008,2003-04-30,58878723.0,113.0,Under the Tuscan Sun,6.4,178.0,2003,,,,Unknown,40878723.0,True,2000,4,Spring,False
8000000.0,9662,fr,8.35586,2003-06-11,1477676.0,80.0,The Triplets of Belleville,7.3,233.0,2003,,,,Unknown,-6522324.0,False,2000,6,Summer,False
5952000.0,837,en,7.945039,1983-02-04,2120439.0,87.0,Videodrome,7.1,464.0,1983,,,,Unknown,-3831561.0,False,1980,2,Winter,False
5200000.0,19666,hi,4.97451,2001-06-15,8100000.0,224.0,Lagaan: Once Upon a Time in India,7.2,125.0,2001,,,,Unknown,2900000.0,True,2000,6,Summer,False
3000000.0,821,en,9.697105,1961-12-01,10000000.0,186.0,Judgment at Nuremberg,7.6,161.0,1961,,,,Unknown,7000000.0,True,1960,12,Winter,False
8847685.0,776,fr,5.568997,1939-06-08,,110.0,The Rules of the Game,7.7,109.0,1939,,,,Unknown,,,1930,6,Summer,
,16563,en,5.748536,1954-07-22,5000000.0,102.0,Seven Brides for Seven Brothers,7.1,117.0,1954,,,,Unknown,,,1950,7,Summer,False
8500000.0,891,en,12.421754,1976-04-04,70600000.0,138.0,All the President's Men,7.6,424.0,1976,,,,Unknown,62100000.0,True,1970,4,Spring,False
,11806,en,9.322717,1992-04-03,147214049.0,87.0,Beethoven,5.6,425.0,1992,,,,Unknown,,,1990,4,Spring,False
15000000.0,10438,en,5.886769,1993-12-14,118243066.0,89.0,Beethoven's 2nd,5.0,175.0,1993,,,,Unknown,103243066.0,True,1990,12,Winter,False
6500000.0,650,en,6.866506,1991-07-12,57504069.0,112.0,Boyz n the Hood,7.4,377.0,1991,,,,Unknown,51004069.0,True,1990,7,Summer,False
,9874,en,6.892829,1986-03-21,49042224.0,87.0,Cobra,5.6,402.0,1986,,,,Unknown,,,1980,3,Spring,False
3800000.0,29161,en,5.621519,1985-01-31,,116.0,Phenomena,6.7,146.0,1985,,,,Unknown,,,1980,1,Winter,
,4543,en,11.085432,1983-03-31,,107.0,The Meaning of Life,7.2,506.0,1983,,,,Unknown,,,1980,3,Spring,
7700000.0,11046,en,12.088407,1968-12-04,21000000.0,155.0,Where Eagles Dare,7.4,233.0,1968,,,,Unknown,13300000.0,True,1960,12,Winter,False
19000000.0,7442,en,8.560694,1991-02-08,174999005.0,99.0,Sleeping with the Enemy,6.1,228.0,1991,,,,Unknown,155999005.0,True,1990,2,Winter,False
10000000.0,6723,en,8.110591,1990-12-06,21633874.0,120.0,The Rookie,5.6,134.0,1990,,,,Unknown,11633874.0,True,1990,12,Winter,False
,25237,ru,12.643242,1985-07-01,,142.0,Come and See,8.1,174.0,1985,,,,Unknown,,,1980,7,Summer,
5000000.0,9871,en,5.603312,2000-08-01,,108.0,Ginger Snaps,6.6,211.0,2000,,,,Unknown,,,2000,8,Summer,
,11364,en,6.972737,1991-07-10,,108.0,Regarding Henry,6.6,152.0,1991,,,,Unknown,,,1990,7,Summer,
,14282,ja,7.634365,1993-06-05,,94.0,Ninja Scroll,7.4,126.0,1993,,,,Unknown,,,1990,6,Summer,
50000000.0,2116,en,10.738888,2003-10-03,55495563.0,105.0,Out of Time,6.1,305.0,2003,,,,Unknown,5495563.0,True,2000,10,Fall,False
35000000.0,1584,en,17.95142,2003-10-03,131282949.0,108.0,School of Rock,6.8,1454.0,2003,,,,Unknown,96282949.0,True,2000,10,Fall,False
500000.0,2056,en,5.85469,2003-01-26,8679814.0,88.0,The Station Agent,7.4,213.0,2003,,,,Unknown,8179814.0,True,2000,1,Winter,False
25000000.0,322,en,12.602438,2003-10-07,156822020.0,138.0,Mystic River,7.6,1473.0,2003,,,,Unknown,131822020.0,True,2000,10,Fall,False
7000000.0,11059,en,5.701278,2003-04-11,13818181.0,90.0,House of the Dead,2.8,106.0,2003,,,,Unknown,6818181.0,True,2000,4,Spring,False
60000000.0,11775,en,13.469862,2003-09-02,119940815.0,100.0,Intolerable Cruelty,5.8,400.0,2003,,,,Unknown,59940815.0,True,2000,9,Fall,False
30000000.0,24,en,25.261865,2003-10-10,180949000.0,111.0,Kill Bill: Vol. 1,7.7,5091.0,2003,,,,Unknown,150949000.0,True,2000,10,Fall,False
60000000.0,11329,en,8.810961,2003-10-09,80154140.0,127.0,Runaway Jury,6.9,354.0,2003,,,,Unknown,20154140.0,True,2000,10,Fall,False
9500000.0,9373,en,7.810068,2003-10-17,107071655.0,98.0,The Texas Chainsaw Massacre,6.1,670.0,2003,,,,Unknown,97571655.0,True,2000,10,Fall,False
35000000.0,9839,en,8.940335,2003-10-23,,127.0,Beyond Borders,6.7,113.0,2003,,,,Unknown,,,2000,10,Fall,
32000000.0,13920,en,5.81647,2003-10-24,52277485.0,109.0,Radio,6.8,146.0,2003,,,,Unknown,20277485.0,True,2000,10,Fall,False
48000000.0,4256,en,11.142209,2003-10-24,220673217.0,84.0,Scary Movie 3,5.8,948.0,2003,,,,Unknown,172673217.0,True,2000,10,Fall,False
100000000.0,10009,en,12.300905,2003-10-23,,85.0,Brother Bear,6.9,1410.0,2003,,,,Unknown,,,2000,10,Fall,
3000000.0,1807,en,6.447312,2003-05-18,10012022.0,81.0,Elephant,7.0,410.0,2003,,,,Unknown,7012022.0,True,2000,5,Spring,False
3000000.0,10536,fr,9.371815,1969-06-02,,99.0,The Italian Job,7.1,202.0,1969,,,,Unknown,,,1960,6,Summer,
7000000.0,20312,en,7.335241,2002-04-13,,116.0,Interstate 60,7.1,136.0,2002,,,,Unknown,,,2000,4,Spring,
,10389,cn,4.827322,2002-05-09,,98.0,The Eye,6.4,108.0,2002,,,,Unknown,,,2000,5,Spring,
,11657,fr,6.616907,1970-10-19,,140.0,Le Cercle Rouge,7.6,116.0,1970,,,,Unknown,,,1970,10,Fall,
30000000.0,10922,en,8.408429,2003-10-29,,106.0,The Human Stain,6.1,124.0,2003,,,,Unknown,,,2000,10,Fall,
6000000.0,13537,en,6.0872,2003-11-14,2944752.0,94.0,Shattered Glass,6.6,114.0,2003,,,,Unknown,-3055248.0,False,2000,11,Fall,False
150000000.0,605,en,15.368205,2003-11-05,424988211.0,129.0,The Matrix Revolutions,6.4,3155.0,2003,,,,Unknown,274988211.0,True,2000,11,Fall,True
32000000.0,10719,en,8.754132,2003-10-09,173398518.0,97.0,Elf,6.4,1007.0,2003,,,,Unknown,141398518.0,True,2000,10,Fall,False
40000000.0,508,en,10.586815,2003-09-07,244931766.0,135.0,Love Actually,7.0,1917.0,2003,,,,Unknown,204931766.0,True,2000,9,Fall,False
,11846,en,5.490622,1991-12-20,89325780.0,105.0,Father of the Bride,6.2,355.0,1991,,,,Unknown,,,1990,12,Winter,False
80000000.0,10715,en,13.666488,2003-11-14,68514844.0,90.0,Looney Tunes: Back in Action,5.6,302.0,2003,,,,Unknown,-11485156.0,False,2000,11,Fall,False
150000000.0,8619,en,8.693298,2003-11-14,212011111.0,138.0,Master and Commander: The Far Side of the World,6.9,808.0,2003,,,,Unknown,62011111.0,True,2000,11,Fall,False
60000000.0,12146,en,8.975439,2003-11-26,,135.0,The Missing,6.1,162.0,2003,,,,Unknown,,,2000,11,Fall,
,10588,en,13.706053,2003-11-21,,82.0,The Cat in the Hat,4.9,380.0,2003,,,,Unknown,,,2000,11,Fall,
40000000.0,4970,en,10.939066,2003-11-21,141591324.0,98.0,Gothika,5.8,643.0,2003,,,,Unknown,101591324.0,True,2000,11,Fall,False
20000000.0,470,en,6.372278,2003-09-06,60427839.0,124.0,21 Grams,7.2,943.0,2003,,,,Unknown,40427839.0,True,2000,9,Fall,False
23000000.0,10147,en,10.930143,2003-11-26,76488889.0,91.0,Bad Santa,6.4,666.0,2003,,,,Unknown,53488889.0,True,2000,11,Fall,False
90000000.0,10756,en,11.605735,2003-11-25,182290266.0,87.0,The Haunted Mansion,5.1,481.0,2003,,,,Unknown,92290266.0,True,2000,11,Fall,False
80000000.0,9562,en,6.982762,2003-11-26,43935763.0,116.0,Timeline,5.4,324.0,2003,,,,Unknown,-36064237.0,False,2000,11,Fall,False
16000000.0,9556,en,8.899418,1990-08-24,48878502.0,96.0,Darkman,6.2,304.0,1990,,,,Unknown,32878502.0,True,1990,8,Summer,False
,10234,de,9.314129,1997-05-14,,103.0,Funny Games,7.3,385.0,1997,,,,Unknown,,,1990,5,Spring,
8500000.0,10952,en,12.979446,1991-03-08,47624253.0,97.0,New Jack City,6.3,134.0,1991,,,,Unknown,39124253.0,True,1990,3,Spring,False
12000000.0,860,en,8.321647,1983-06-03,79567667.0,114.0,WarGames,7.0,517.0,1983,,,,Unknown,67567667.0,True,1980,6,Summer,False
,780,fr,8.903953,1928-04-21,,110.0,The Passion of Joan of Arc,8.2,159.0,1928,,,,Unknown,,,1920,4,Spring,
18000.0,234,de,7.191271,1920-02-25,,78.0,The Cabinet of Dr. Caligari,7.7,279.0,1920,,,,Unknown,,,1920,2,Winter,
,11002,en,4.627865,1984-03-30,45858563.0,143.0,"Greystoke: The Legend of Tarzan, Lord of the Apes",6.0,111.0,1984,,,,Unknown,,,1980,3,Spring,False
6400000.0,5143,en,9.57874,1986-02-07,40084041.0,107.0,Hannah and Her Sisters,7.6,224.0,1986,,,,Unknown,33684041.0,True,1980,2,Winter,False
,11384,en,7.122938,1991-03-08,65595485.0,111.0,The Hard Way,6.1,116.0,1991,,,,Unknown,,,1990,3,Spring,False
30000000.0,8010,en,8.032638,1991-01-30,15556340.0,91.0,Highlander II: The Quickening,4.5,213.0,1991,,,,Unknown,-14443660.0,False,1990,1,Winter,False
,10407,en,4.569249,1992-06-12,,102.0,Housesitter,5.6,111.0,1992,,,,Unknown,,,1990,6,Summer,
65000000.0,9292,en,9.782014,1991-05-23,17218080.0,100.0,Hudson Hawk,5.4,275.0,1991,,,,Unknown,-47781920.0,False,1990,5,Spring,False
3500000.0,11850,en,5.219641,1978-12-19,24046533.0,115.0,Invasion of the Body Snatchers,7.1,231.0,1978,,,,Unknown,20546533.0,True,1970,12,Winter,False
15000000.0,951,en,3.67003,1990-12-21,201957688.0,111.0,Kindergarten Cop,5.8,643.0,1990,,,,Unknown,186957688.0,True,1990,12,Winter,False
29000000.0,9319,en,10.550259,1991-12-11,59509925.0,105.0,The Last Boy Scout,6.5,502.0,1991,,,,Unknown,30509925.0,True,1990,12,Winter,False
1250000.0,1643,fr,12.74564,1972-10-14,36144000.0,129.0,Last Tango in Paris,7.1,240.0,1972,,,,Unknown,34894000.0,True,1970,10,Fall,False
,2007,en,9.968395,1992-12-30,7286388.0,135.0,Lorenzo's Oil,6.6,108.0,1992,,,,Unknown,,,1990,12,Winter,False
,10995,fr,7.281965,1992-02-22,,115.0,The Lover,6.5,100.0,1992,,,,Unknown,,,1990,2,Winter,
795000.0,3112,en,7.892337,1955-04-03,,93.0,The Night of the Hunter,7.9,335.0,1955,,,,Unknown,,,1950,4,Spring,
,10413,en,9.812648,1993-01-15,,94.0,Nowhere to Run,5.5,120.0,1993,,,,Unknown,,,1990,1,Winter,
25000000.0,1825,en,8.431956,1987-02-13,16057580.0,93.0,Over the Top,5.7,331.0,1987,,,,Unknown,-8942420.0,False,1980,2,Winter,False
15000000.0,10538,en,18.451321,1992-11-05,44065653.0,84.0,Passenger 57,5.6,264.0,1992,,,,Unknown,29065653.0,True,1990,11,Fall,False
22000000.0,11092,en,7.025657,1990-07-26,221303188.0,127.0,Presumed Innocent,6.6,155.0,1990,,,,Unknown,199303188.0,True,1990,7,Summer,False
4500000.0,3176,ja,12.701098,2000-12-16,25000000.0,114.0,Battle Royale,7.3,992.0,2000,,,,Unknown,20500000.0,True,2000,12,Winter,False
,5336,it,7.705479,1975-11-22,,116.0,"Salò, or the 120 Days of Sodom",6.4,332.0,1975,,,,Unknown,,,1970,11,Fall,
26000000.0,11509,en,8.748084,1985-07-10,,127.0,Silverado,7.1,147.0,1985,,,,Unknown,,,1980,7,Summer,
12000000.0,10021,en,5.409557,1987-04-10,110996879.0,111.0,The Secret of My Success,6.2,151.0,1987,,,,Unknown,98996879.0,True,1980,4,Spring,False
,11634,sv,10.58342,1998-10-23,,89.0,Show Me Love,7.1,134.0,1998,,,,Unknown,,,1990,10,Fall,
14500000.0,14746,en,6.958758,1984-06-01,8089290.0,93.0,Streets of Fire,6.6,105.0,1984,,,,Unknown,-6410710.0,False,1980,6,Summer,False
,11824,en,10.940057,1985-08-23,,91.0,Teen Wolf,6.0,292.0,1985,,,,Unknown,,,1980,8,Summer,
,9846,en,6.186999,1985-11-01,17307019.0,116.0,To Live and Die in L.A.,6.8,129.0,1985,,,,Unknown,,,1980,11,Fall,False
64000.0,1626,fr,11.30591,1962-09-20,24517.0,85.0,Vivre Sa Vie,7.6,105.0,1962,,,,Unknown,-39483.0,False,1960,9,Fall,False
9500000.0,483,en,8.528622,1990-05-01,14560247.0,124.0,Wild at Heart,7.0,341.0,1990,,,,Unknown,5060247.0,True,1990,5,Spring,False
,10166,en,8.208991,1990-02-16,15360553.0,91.0,The Witches,6.7,224.0,1990,,,,Unknown,,,1990,2,Winter,False
,6069,en,13.031671,1987-06-12,63766510.0,118.0,The Witches of Eastwick,6.2,334.0,1987,,,,Unknown,,,1980,6,Summer,False
25000000.0,11676,en,6.287242,1997-07-18,,97.0,Nothing to Lose,6.3,174.0,1997,,,,Unknown,,,1990,7,Summer,
,12545,en,4.980716,1973-08-15,13200000.0,108.0,Jesus Christ Superstar,7.1,146.0,1973,,,,Unknown,,,1970,8,Summer,False
92000.0,2000,de,10.996826,1972-12-29,,93.0,Aguirre: The Wrath of God,7.5,210.0,1972,,,,Unknown,,,1970,12,Winter,
,648,fr,4.798852,1946-10-29,,96.0,Beauty and the Beast,7.8,133.0,1946,,,,Unknown,,,1940,10,Fall,
100000.0,618,en,5.113205,1915-02-08,11000000.0,193.0,The Birth of a Nation,6.4,109.0,1915,,,,Unknown,10900000.0,True,1910,2,Winter,False
,4024,fr,8.334883,1961-05-25,,95.0,Last Year at Marienbad,7.6,103.0,1961,,,,Unknown,,,1960,5,Spring,
531374.0,995,en,7.970462,1939-03-02,1103757.0,96.0,Stagecoach,7.6,216.0,1939,,,,Unknown,572383.0,True,1930,3,Spring,False
,1594,en,6.872888,1964-06-23,12368234.0,102.0,A Shot in the Dark,7.2,115.0,1964,,,,Unknown,,,1960,6,Summer,False
5500000.0,916,en,7.01973,1968-10-17,42300873.0,113.0,Bullitt,7.0,273.0,1968,,,,Unknown,36800873.0,True,1960,10,Fall,False
,11610,en,5.526401,1972-05-04,,85.0,"Play It Again, Sam",7.4,111.0,1972,,,,Unknown,,,1970,5,Spring,
,7857,it,5.871166,1973-12-13,,123.0,Amarcord,7.8,171.0,1973,,,,Unknown,,,1970,12,Winter,
31000000.0,79,zh,9.861765,2002-12-19,177394432.0,99.0,Hero,7.3,647.0,2002,,,,Unknown,146394432.0,True,2000,12,Winter,False
1000000.0,81,ja,11.267366,1984-03-11,3301446.0,117.0,Nausicaä of the Valley of the Wind,7.7,808.0,1984,,,,Unknown,2301446.0,True,1980,3,Spring,False
,11821,en,10.068517,1991-08-02,,104.0,Doc Hollywood,5.9,154.0,1991,,,,Unknown,,,1990,8,Summer,
20000000.0,10023,en,7.907938,1987-06-25,66673516.0,106.0,Dragnet,5.7,139.0,1987,,,,Unknown,46673516.0,True,1980,6,Summer,False
35000000.0,11519,en,7.812379,1979-12-13,31755742.0,113.0,1941,5.6,145.0,1979,,,,Unknown,-3244258.0,False,1970,12,Winter,False
,20126,it,8.543908,1975-03-07,,126.0,Deep Red,7.6,237.0,1975,,,,Unknown,,,1970,3,Spring,
,827,fr,6.028408,1955-01-29,,116.0,Diabolique,7.9,198.0,1955,,,,Unknown,,,1950,1,Winter,
900000.0,11811,en,9.096254,1993-01-08,8556940.0,92.0,Leprechaun,5.1,120.0,1993,,,,Unknown,7656940.0,True,1990,1,Winter,False
16000000.0,2742,en,7.919299,1991-12-27,,115.0,Naked Lunch,7.0,207.0,1991,,,,Unknown,,,1990,12,Winter,
,37719,en,9.587994,1935-11-08,,96.0,A Night at the Opera,7.6,109.0,1935,,,,Unknown,,,1930,11,Fall,
18000000.0,10028,en,11.863954,2003-11-24,62646763.0,94.0,Honey,6.0,313.0,2003,,,,Unknown,44646763.0,True,2000,11,Fall,False
140000000.0,616,en,19.582325,2003-12-05,456758981.0,154.0,The Last Samurai,7.3,1946.0,2003,,,,Unknown,316758981.0,True,2000,12,Winter,True
70000000.0,587,en,14.739983,2003-12-25,122919055.0,125.0,Big Fish,7.6,2064.0,2003,,,,Unknown,52919055.0,True,2000,12,Winter,False
80000000.0,6964,en,8.524847,2003-12-12,266728738.0,128.0,Something's Gotta Give,6.3,422.0,2003,,,,Unknown,186728738.0,True,2000,12,Winter,False
55000000.0,1792,en,6.96675,2003-12-10,33828318.0,118.0,Stuck on You,5.1,194.0,2003,,,,Unknown,-21171682.0,False,2000,12,Winter,False
,3635,en,7.008512,2003-08-31,31466789.0,101.0,Girl with a Pearl Earring,6.4,384.0,2003,,,,Unknown,,,2000,8,Summer,False
94000000.0,122,en,29.324358,2003-12-01,1118888979.0,201.0,The Lord of the Rings: The Return of the King,8.1,8226.0,2003,,,,Unknown,1024888979.0,True,2000,12,Winter,True
65000000.0,11820,en,10.527191,2003-12-19,,117.0,Mona Lisa Smile,6.5,406.0,2003,,,,Unknown,,,2000,12,Winter,
16500000.0,11093,en,9.245145,2003-12-19,16942795.0,126.0,House of Sand and Fog,7.0,202.0,2003,,,,Unknown,442795.0,True,2000,12,Winter,False
8000000.0,504,en,7.189024,2003-11-16,60378584.0,110.0,Monster,7.0,500.0,2003,,,,Unknown,52378584.0,True,2000,11,Fall,False
40000000.0,11007,en,7.364297,2003-12-24,190212113.0,98.0,Cheaper by the Dozen,6.0,725.0,2003,,,,Unknown,150212113.0,True,2000,12,Winter,False
79000000.0,2289,en,9.645543,2003-12-24,173013509.0,154.0,Cold Mountain,6.7,545.0,2003,,,,Unknown,94013509.0,True,2000,12,Winter,False
60000000.0,9620,en,12.571789,2003-12-25,96269812.0,119.0,Paycheck,5.9,594.0,2003,,,,Unknown,36269812.0,True,2000,12,Winter,False
100000000.0,10601,en,8.98628,2003-12-25,121975011.0,113.0,Peter Pan,6.9,671.0,2003,,,,Unknown,21975011.0,True,2000,12,Winter,False
42000000.0,5966,en,15.725542,2004-01-16,171963386.0,90.0,Along Came Polly,5.8,795.0,2004,,,,Unknown,129963386.0,True,2000,1,Winter,False
40000000.0,10718,en,5.574983,2004-01-16,46546197.0,84.0,Torque,4.7,121.0,2004,,,,Unknown,6546197.0,True,2000,1,Winter,False
6500000.0,11034,en,5.702638,1974-03-27,26533200.0,144.0,The Great Gatsby,6.2,144.0,1974,,,,Unknown,20033200.0,True,1970,3,Spring,False
,22584,en,10.003167,1944-10-11,3650000.0,100.0,To Have and Have Not,7.6,112.0,1944,,,,Unknown,,,1940,10,Fall,False
1000000.0,5205,en,5.866383,1977-01-18,,85.0,Pumping Iron,7.0,136.0,1977,,,,Unknown,,,1970,1,Winter,
30000000.0,14239,en,11.781895,1992-07-10,14110589.0,102.0,Cool World,4.9,135.0,1992,,,,Unknown,-15889411.0,False,1990,7,Summer,False
,405,it,5.948021,1954-07-16,,104.0,La Strada,7.5,196.0,1954,,,,Unknown,,,1950,7,Summer,
1400000.0,9696,ja,8.992796,2001-12-22,,129.0,Ichi the Killer,7.0,228.0,2001,,,,Unknown,,,2000,12,Winter,
10000000.0,11708,en,13.852147,1968-12-16,,144.0,Chitty Chitty Bang Bang,6.8,193.0,1968,,,,Unknown,,,1960,12,Winter,
13000000.0,1954,en,12.994939,2004-01-22,96060858.0,113.0,The Butterfly Effect,7.3,2119.0,2004,,,,Unknown,83060858.0,True,2000,1,Winter,False
17000000.0,13476,en,5.924226,2004-01-23,16980098.0,95.0,Win a Date with Tad Hamilton!,5.5,163.0,2004,,,,Unknown,-19902.0,False,2000,1,Winter,False
,11194,en,7.594022,2003-09-05,13885802.0,106.0,Touching the Void,7.6,139.0,2003,,,,Unknown,,,2000,9,Fall,False
,13505,en,6.2425,2004-01-30,,93.0,The Perfect Score,5.6,136.0,2004,,,,Unknown,,,2000,1,Winter,
28000000.0,14292,en,8.248999,2004-02-06,64445708.0,135.0,Miracle,7.0,162.0,2004,,,,Unknown,36445708.0,True,2000,2,Winter,False
15000000.0,1278,en,6.685981,2003-09-01,15121165.0,115.0,The Dreamers,7.2,680.0,2003,,,,Unknown,121165.0,True,2000,9,Fall,False
2000000.0,11023,en,14.379879,2003-08-20,4601043.0,100.0,Thirteen,6.6,355.0,2003,,,,Unknown,2601043.0,True,2000,8,Summer,False
75000000.0,1824,en,11.134888,2004-02-13,196482882.0,99.0,50 First Dates,6.6,2161.0,2004,,,,Unknown,121482882.0,True,2000,2,Winter,False
1300000.0,11951,en,5.184013,1971-01-15,72266306.0,99.0,Vanishing Point,7.1,110.0,1971,,,,Unknown,70966306.0,True,1970,1,Winter,False
12500000.0,9838,en,6.138795,1985-03-20,238227.0,100.0,King Solomon's Mines,5.0,101.0,1985,,,,Unknown,-12261773.0,False,1980,3,Spring,False
8500000.0,2099,en,9.292099,1986-06-06,16209459.0,106.0,Raw Deal,5.5,159.0,1986,,,,Unknown,7709459.0,True,1980,6,Summer,False
15000000.0,11132,en,7.423275,2004-02-17,29331068.0,89.0,Confessions of a Teenage Drama Queen,5.1,228.0,2004,,,,Unknown,14331068.0,True,2000,2,Winter,False
25000000.0,9352,en,6.275468,2004-02-20,20796847.0,93.0,EuroTrip,6.5,673.0,2004,,,,Unknown,-4203153.0,False,2000,2,Winter,False
30000000.0,615,en,13.194168,2004-02-25,611899420.0,127.0,The Passion of the Christ,6.9,888.0,2004,,,,Unknown,581899420.0,True,2000,2,Winter,True
8500000.0,11217,en,6.57613,2004-02-27,5001655.0,104.0,Club Dread,5.1,107.0,2004,,,,Unknown,-3498345.0,False,2000,2,Winter,False
25000000.0,10677,en,4.475359,2004-02-27,27685016.0,86.0,Dirty Dancing: Havana Nights,6.0,154.0,2004,,,,Unknown,2685016.0,True,2000,2,Winter,False
50000000.0,13572,en,5.376246,2004-02-27,25195000.0,97.0,Twisted,5.3,127.0,2004,,,,Unknown,-24805000.0,False,2000,2,Winter,False
4800000.0,338,de,10.605595,2003-02-09,79384880.0,121.0,"Good bye, Lenin!",7.4,602.0,2003,,,,Unknown,74584880.0,True,2000,2,Winter,False
100000000.0,2023,en,8.140709,2004-03-05,108103450.0,136.0,Hidalgo,6.5,321.0,2004,,,,Unknown,8103450.0,True,2000,3,Spring,False
60000000.0,9384,en,10.776138,2004-03-05,170268750.0,101.0,Starsky & Hutch,5.6,661.0,2004,,,,Unknown,110268750.0,True,2000,3,Spring,False
,797,sv,8.862628,1966-10-18,,85.0,Persona,8.0,353.0,1966,,,,Unknown,,,1960,10,Fall,
26000000.0,17047,en,12.59201,2004-06-24,28818995.0,100.0,Agent Cody Banks 2: Destination London,5.2,145.0,2004,,,,Unknown,2818995.0,True,2000,6,Summer,False
25000000.0,10591,en,13.083718,2004-04-09,30411183.0,108.0,The Girl Next Door,6.3,844.0,2004,,,,Unknown,5411183.0,True,2000,4,Spring,False
40000000.0,1586,en,9.524283,2004-03-12,92913171.0,96.0,Secret Window,6.4,1007.0,2004,,,,Unknown,52913171.0,True,2000,3,Spring,False
19250000.0,11169,en,7.364519,2004-03-12,8112712.0,102.0,Spartan,6.3,104.0,2004,,,,Unknown,-11137288.0,False,2000,3,Spring,False
28000000.0,924,en,13.157873,2004-03-19,102356381.0,101.0,Dawn of the Dead,6.8,1039.0,2004,,,,Unknown,74356381.0,True,2000,3,Spring,False
20000000.0,38,en,12.906327,2004-03-19,72258126.0,108.0,Eternal Sunshine of the Spotless Mind,7.9,3758.0,2004,,,,Unknown,52258126.0,True,2000,3,Spring,False
45000000.0,11081,en,7.85646,2004-03-19,65470529.0,103.0,Taking Lives,6.0,356.0,2004,,,,Unknown,20470529.0,True,2000,3,Spring,False
35000000.0,9541,en,5.706507,2004-03-25,36098382.0,102.0,Jersey Girl,5.8,333.0,2004,,,,Unknown,1098382.0,True,2000,3,Spring,False
,5516,en,13.106691,2004-03-25,,104.0,The Ladykillers,6.0,421.0,2004,,,,Unknown,,,2000,3,Spring,
,11024,en,7.65458,2004-03-24,181466833.0,93.0,Scooby-Doo 2: Monsters Unleashed,5.4,519.0,2004,,,,Unknown,,,2000,3,Spring,False
10000000.0,553,da,9.808595,2003-05-19,16680836.0,178.0,Dogville,7.6,619.0,2003,,,,Unknown,6680836.0,True,2000,5,Spring,False
,10544,en,11.478361,2003-03-22,6585516.0,110.0,Ned Kelly,6.1,114.0,2003,,,,Unknown,,,2000,3,Spring,False
66000000.0,1487,en,13.206854,2004-04-02,99318987.0,122.0,Hellboy,6.5,2278.0,2004,,,,Unknown,33318987.0,True,2000,4,Spring,False
110000000.0,13700,en,8.555544,2004-04-02,103951461.0,76.0,Home on the Range,5.7,405.0,2004,,,,Unknown,-6048539.0,False,2000,4,Spring,False
,11137,en,11.631511,2004-03-28,,111.0,The Prince & Me,5.9,286.0,2004,,,,Unknown,,,2000,3,Spring,
56000000.0,11358,en,10.577565,2004-04-02,57223890.0,86.0,Walking Tall,6.0,387.0,2004,,,,Unknown,1223890.0,True,2000,4,Spring,False
145000000.0,10733,en,12.240901,2004-04-07,25819961.0,137.0,The Alamo,5.8,108.0,2004,,,,Unknown,-119180039.0,False,2000,4,Spring,False
31000000.0,14442,en,11.316988,2004-04-09,27388767.0,96.0,Ella Enchanted,5.9,454.0,2004,,,,Unknown,-3611233.0,False,2000,4,Spring,False
40000000.0,2122,en,7.15606,2004-04-07,26155781.0,98.0,The Whole Ten Yards,5.5,282.0,2004,,,,Unknown,-13844219.0,False,2000,4,Spring,False
,25300,it,4.422618,2003-02-08,,108.0,I'm Not Scared,7.1,235.0,2003,,,,Unknown,,,2000,2,Winter,
13000000.0,6844,en,11.14704,1956-10-05,122700000.0,220.0,The Ten Commandments,7.5,358.0,1956,,,,Unknown,109700000.0,True,1950,10,Fall,False
650000.0,923,en,19.24201,1978-09-02,55000000.0,127.0,Dawn of the Dead,7.4,597.0,1978,,,,Unknown,54350000.0,True,1970,9,Fall,False
4500000.0,10843,en,6.583161,1985-09-13,10609321.0,97.0,After Hours,7.4,251.0,1985,,,,Unknown,6109321.0,True,1980,9,Fall,False
30000000.0,393,en,21.533072,2004-04-16,152159461.0,136.0,Kill Bill: Vol. 2,7.7,4061.0,2004,,,,Unknown,122159461.0,True,2000,4,Spring,False
33000000.0,7220,en,18.250919,2004-04-15,54700105.0,124.0,The Punisher,6.1,786.0,2004,,,,Unknown,21700105.0,True,2000,4,Spring,False
37000000.0,10096,en,12.632595,2004-04-13,96455697.0,98.0,13 Going on 30,6.3,1260.0,2004,,,,Unknown,59455697.0,True,2000,4,Spring,False
70000000.0,9509,en,9.635691,2004-04-23,130293714.0,146.0,Man on Fire,7.3,1583.0,2004,,,,Unknown,60293714.0,True,2000,4,Spring,False
40000000.0,10710,en,13.094205,2004-04-30,,99.0,Envy,4.8,144.0,2004,,,,Unknown,,,2000,4,Spring,
25000000.0,11058,en,11.271148,2004-04-30,30114487.0,102.0,Godsend,4.7,114.0,2004,,,,Unknown,5114487.0,True,2000,4,Spring,False
28000000.0,11141,en,5.739139,2004-04-04,30016165.0,90.0,Laws of Attraction,5.6,104.0,2004,,,,Unknown,2016165.0,True,2000,4,Spring,False
17000000.0,10625,en,11.454835,2004-04-30,129042871.0,97.0,Mean Girls,6.9,2401.0,2004,,,,Unknown,112042871.0,True,2000,4,Spring,False
,11025,en,5.659198,2004-05-01,,91.0,New York Minute,5.6,191.0,2004,,,,Unknown,,,2000,5,Spring,
160000000.0,7131,en,12.643312,2004-05-05,300257475.0,132.0,Van Helsing,6.0,1674.0,2004,,,,Unknown,140257475.0,True,2000,5,Spring,True
175000000.0,652,en,15.387275,2004-05-13,497409852.0,163.0,Troy,6.9,2841.0,2004,,,,Unknown,322409852.0,True,2000,5,Spring,True
,883,en,5.32553,2003-09-05,7897645.0,96.0,Coffee and Cigarettes,6.9,216.0,2003,,,,Unknown,,,2000,9,Fall,False
55000000.0,10375,en,13.374415,2002-01-04,6416302.0,96.0,D-Tox,5.4,126.0,2002,,,,Unknown,-48583698.0,False,2000,1,Winter,False
40000000.0,11864,en,9.802889,1985-12-12,12303411.0,108.0,Enemy Mine,6.7,253.0,1985,,,,Unknown,-27696589.0,False,1980,12,Winter,False
850000.0,9461,en,10.687757,1973-08-17,90000000.0,99.0,Enter the Dragon,7.3,489.0,1973,,,,Unknown,89150000.0,True,1970,8,Summer,False
,18329,zh,5.933971,1997-05-17,,96.0,Happy Together,7.7,103.0,1997,,,,Unknown,,,1990,5,Spring,
,10035,en,5.136537,2000-09-01,,94.0,100 Girls,5.6,119.0,2000,,,,Unknown,,,2000,9,Fall,
,10347,fr,6.774793,1997-06-18,,103.0,Dobermann,6.4,110.0,1997,,,,Unknown,,,1990,6,Summer,
9500000.0,667,en,10.359669,1967-06-12,111584787.0,117.0,You Only Live Twice,6.5,541.0,1967,,,,Unknown,102084787.0,True,1960,6,Summer,False
27500000.0,700,en,10.619302,1983-06-05,187500000.0,131.0,Octopussy,6.2,534.0,1983,,,,Unknown,160000000.0,True,1980,6,Summer,False
36000000.0,36670,en,10.231985,1983-10-07,160000000.0,134.0,Never Say Never Again,5.8,348.0,1983,,,,Unknown,124000000.0,True,1980,10,Fall,False
,5511,fr,9.091288,1967-10-25,39481.0,105.0,Le Samouraï,7.9,187.0,1967,,,,Unknown,,,1960,10,Fall,False
10000000.0,11507,en,9.836894,1984-10-25,8801940.0,114.0,Body Double,6.4,138.0,1984,,,,Unknown,-1198060.0,False,1980,10,Fall,False
,10435,en,8.243107,1992-12-18,,143.0,Chaplin,7.5,243.0,1992,,,,Unknown,,,1990,12,Winter,
,14980,en,6.965725,2002-01-26,,254.0,Rose Red,6.6,107.0,2002,,,,Unknown,,,2000,1,Winter,
,204,fr,7.643793,1953-04-22,,147.0,The Wages of Fear,7.9,176.0,1953,,,,Unknown,,,1950,4,Spring,
,9356,en,6.42968,1990-12-14,,81.0,Look Who's Talking Too,5.0,317.0,1990,,,,Unknown,,,1990,12,Winter,
50000000.0,9624,en,6.678661,1994-02-18,49000000.0,102.0,On Deadly Ground,4.6,109.0,1994,,,,Unknown,-1000000.0,False,1990,2,Winter,False
25000000.0,9872,en,4.935932,1985-07-12,9873044.0,109.0,Explorers,6.2,120.0,1985,,,,Unknown,-15126956.0,False,1980,7,Summer,False
300000.0,2786,fr,5.606909,1965-08-29,,110.0,Pierrot le Fou,7.7,134.0,1965,,,,Unknown,,,1960,8,Summer,
1000000.0,11533,en,6.222085,1963-06-19,,104.0,Jason and the Argonauts,7.1,138.0,1963,,,,Unknown,,,1960,6,Summer,
,3777,ja,6.471043,1957-01-15,,110.0,Throne of Blood,7.7,181.0,1957,,,,Unknown,,,1950,1,Winter,
,9545,en,9.337393,1993-01-29,18994653.0,98.0,Sniper,5.9,109.0,1993,,,,Unknown,,,1990,1,Winter,False
4000000.0,11474,en,11.457298,1979-02-08,22490039.0,93.0,The Warriors,7.4,451.0,1979,,,,Unknown,18490039.0,True,1970,2,Winter,False
,4923,en,10.698934,1974-02-06,,105.0,Zardoz,5.8,106.0,1974,,,,Unknown,,,1970,2,Winter,
,11656,sv,10.353794,1960-02-08,,89.0,The Virgin Spring,7.8,129.0,1960,,,,Unknown,,,1960,2,Winter,
7500000.0,10133,en,7.348974,2002-10-01,,95.0,Cypher,6.7,196.0,2002,,,,Unknown,,,2000,10,Fall,
20000000.0,876,en,14.612842,2000-12-03,,292.0,Frank Herbert's Dune,6.7,114.0,2000,,,,Unknown,,,2000,12,Winter,
4000000.0,11069,en,9.877868,1996-04-09,,100.0,Tremors 2: Aftershocks,5.9,209.0,1996,,,,Unknown,,,1990,4,Spring,
,10829,en,10.191148,2001-10-02,,104.0,Tremors 3: Back to Perfection,5.4,149.0,2001,,,,Unknown,,,2000,10,Fall,
,336,it,9.611094,1971-10-20,,157.0,"Duck, You Sucker",7.7,176.0,1971,,,,Unknown,,,1970,10,Fall,
,1059,ja,5.624255,1958-12-28,,139.0,The Hidden Fortress,8.0,117.0,1958,,,,Unknown,,,1950,12,Winter,
,12493,ja,8.815184,1963-03-01,,142.0,High and Low,8.2,123.0,1963,,,,Unknown,,,1960,3,Spring,
6000000.0,13122,en,12.709349,1991-11-01,,102.0,The People Under the Stairs,6.4,150.0,1991,,,,Unknown,,,1990,11,Fall,
,11030,en,5.94179,1983-07-15,11798616.0,79.0,Zelig,7.4,209.0,1983,,,,Unknown,,,1980,7,Summer,False
11000000.0,20481,en,6.372135,1990-02-16,8862354.0,102.0,Nightbreed,6.4,106.0,1990,,,,Unknown,-2137646.0,False,1990,2,Winter,False
1300000.0,7090,en,12.630419,2002-08-31,447741.0,97.0,Ken Park,5.7,136.0,2002,,,,Unknown,-852259.0,False,2000,8,Summer,False
22000000.0,5902,en,7.719173,1977-06-15,50750000.0,175.0,A Bridge Too Far,7.0,210.0,1977,,,,Unknown,28750000.0,True,1970,6,Summer,False
,10775,cn,10.363082,2002-12-12,8708932.0,101.0,Infernal Affairs,7.7,490.0,2002,,,,Unknown,,,2000,12,Winter,False
8000000.0,12762,en,5.892277,1984-01-27,10600497.0,84.0,Broadway Danny Rose,7.2,104.0,1984,,,,Unknown,2600497.0,True,1980,1,Winter,False
4500000.0,14510,en,7.522655,1986-06-05,1261000.0,86.0,From Beyond,6.5,105.0,1986,,,,Unknown,-3239000.0,False,1980,6,Summer,False
300000.0,13282,en,6.064898,1975-04-27,8000000.0,80.0,Death Race 2000,6.0,125.0,1975,,,,Unknown,7700000.0,True,1970,4,Spring,False
,113,ko,8.157887,2003-09-19,6502364.0,103.0,"Spring, Summer, Fall, Winter... and Spring",7.6,240.0,2003,,,,Unknown,,,2000,9,Fall,False
3352254.0,5916,en,10.037593,1972-12-13,58831997.0,118.0,The Getaway,7.0,120.0,1972,,,,Unknown,55479743.0,True,1970,12,Winter,False
,12205,ja,8.82953,2002-01-19,,101.0,Dark Water,6.7,132.0,2002,,,,Unknown,,,2000,1,Winter,
,3001,en,12.389626,1966-07-13,,123.0,How to Steal a Million,7.5,133.0,1966,,,,Unknown,,,1960,7,Summer,
500000.0,203,en,8.212399,1973-10-02,3000000.0,110.0,Mean Streets,7.2,359.0,1973,,,,Unknown,2500000.0,True,1970,10,Fall,False
,10652,en,12.373613,1987-08-23,13839404.0,112.0,Hamburger Hill,6.5,120.0,1987,,,,Unknown,,,1980,8,Summer,False
,1786,fr,8.052387,1987-10-06,,104.0,Au Revoir les Enfants,7.5,137.0,1987,,,,Unknown,,,1980,10,Fall,
,439,it,11.063822,1960-02-05,19516000.0,174.0,La Dolce Vita,7.9,305.0,1960,,,,Unknown,,,1960,2,Winter,False
,11548,en,11.492174,1987-12-18,65088797.0,106.0,Batteries not Included,6.3,222.0,1987,,,,Unknown,,,1980,12,Winter,False
,5165,it,9.595757,1960-05-15,,143.0,L'Avventura,7.6,117.0,1960,,,,Unknown,,,1960,5,Spring,
,5544,fr,6.953676,1959-06-10,,90.0,Hiroshima Mon Amour,8.0,123.0,1959,,,,Unknown,,,1950,6,Summer,
,14696,ja,5.525119,1953-03-26,,94.0,Ugetsu,8.1,101.0,1953,,,,Unknown,,,1950,3,Spring,
,4909,en,6.320225,1973-05-15,,143.0,The Day of the Jackal,7.3,150.0,1973,,,,Unknown,,,1970,5,Spring,
4200000.0,19185,en,10.644165,1990-10-18,5835247.0,88.0,Night of the Living Dead,6.7,198.0,1990,,,,Unknown,1635247.0,True,1990,10,Fall,False
,15371,ja,7.932795,1979-12-15,,110.0,Lupin the Third: The Castle of Cagliostro,7.5,170.0,1979,,,,Unknown,,,1970,12,Winter,
19000000.0,11044,en,5.465995,1993-01-06,,142.0,Arizona Dream,7.2,170.0,1993,,,,Unknown,,,1990,1,Winter,
,10498,en,11.113039,1993-03-19,,108.0,Point of No Return,6.0,134.0,1993,,,,Unknown,,,1990,3,Spring,
424000.0,16391,en,8.657125,1947-01-01,,100.0,Black Narcissus,7.7,106.0,1947,,,,Unknown,,,1940,1,Winter,
8000000.0,10734,en,11.837667,1979-06-22,43000000.0,111.0,Escape from Alcatraz,7.3,581.0,1979,,,,Unknown,35000000.0,True,1970,6,Summer,False
150000000.0,809,en,16.22986,2004-05-19,919838758.0,93.0,Shrek 2,6.7,3082.0,2004,,,,Unknown,769838758.0,True,2000,5,Spring,True
125000000.0,435,en,15.049695,2004-05-26,544272402.0,124.0,The Day After Tomorrow,6.2,2462.0,2004,,,,Unknown,419272402.0,True,2000,5,Spring,True
50000000.0,4599,en,12.448933,2004-05-27,49718611.0,119.0,Raising Helen,5.9,195.0,2004,,,,Unknown,-281389.0,False,2000,5,Spring,False
16000000.0,12657,en,8.604389,2004-05-28,14822346.0,86.0,Soul Plane,4.7,109.0,2004,,,,Unknown,-1177654.0,False,2000,5,Spring,False
,13193,en,5.084509,2004-01-21,,92.0,Saved!,6.3,148.0,2004,,,,Unknown,,,2000,1,Winter,
130000000.0,673,en,28.460276,2004-05-31,789804554.0,141.0,Harry Potter and the Prisoner of Azkaban,7.7,6037.0,2004,,,,Unknown,659804554.0,True,2000,5,Spring,True
27000000.0,16617,en,7.600017,2004-05-07,21148829.0,106.0,Mindhunters,6.3,339.0,2004,,,,Unknown,-5851171.0,False,2000,5,Spring,False
,246,ja,6.428263,2003-09-06,,111.0,Zatoichi,7.3,236.0,2003,,,,Unknown,,,2000,9,Fall,
105000000.0,2789,en,5.060352,2004-06-11,115772733.0,119.0,The Chronicles of Riddick,6.3,1593.0,2004,,,,Unknown,10772733.0,True,2000,6,Summer,False
50000000.0,8920,en,10.003679,2004-06-10,200804534.0,80.0,Garfield,5.2,851.0,2004,,,,Unknown,150804534.0,True,2000,6,Summer,False
90000000.0,9890,en,10.81552,2004-06-10,102000000.0,93.0,The Stepford Wives,5.4,339.0,2004,,,,Unknown,12000000.0,True,2000,6,Summer,False
400000.0,8193,en,10.287419,2004-06-11,46118097.0,95.0,Napoleon Dynamite,6.7,567.0,2004,,,,Unknown,45718097.0,True,2000,6,Summer,False
,11546,en,6.168241,1994-06-09,126247.0,83.0,Police Academy: Mission to Moscow,4.1,178.0,1994,,,,Unknown,,,1990,6,Summer,False
65000.0,9372,en,5.266103,2004-01-17,28575078.0,100.0,Super Size Me,6.6,520.0,2004,,,,Unknown,28510078.0,True,2000,1,Winter,False
23000000.0,12651,en,8.854911,1990-09-07,,107.0,Memphis Belle,6.4,123.0,1990,,,,Unknown,,,1990,9,Fall,
6000000.0,9542,en,5.648114,1986-02-21,5844868.0,97.0,The Hitcher,6.9,192.0,1986,,,,Unknown,-155132.0,False,1980,2,Winter,False
,136,en,9.074348,1932-02-20,,64.0,Freaks,7.7,228.0,1932,,,,Unknown,,,1930,2,Winter,
110000000.0,10204,en,7.825072,2004-06-16,72178895.0,120.0,Around the World in 80 Days,5.7,687.0,2004,,,,Unknown,-37821105.0,False,2000,6,Summer,False
20000000.0,9472,en,11.967379,2004-06-18,167722310.0,92.0,DodgeBall: A True Underdog Story,6.2,1009.0,2004,,,,Unknown,147722310.0,True,2000,6,Summer,False
60000000.0,594,en,14.092373,2004-06-17,219417255.0,128.0,The Terminal,7.1,1974.0,2004,,,,Unknown,159417255.0,True,2000,6,Summer,False
37000000.0,12153,en,7.723341,2004-06-23,113086475.0,109.0,White Chicks,6.3,704.0,2004,,,,Unknown,76086475.0,True,2000,6,Summer,False
29000000.0,11036,en,15.239013,2004-06-25,115603229.0,123.0,The Notebook,7.7,3163.0,2004,,,,Unknown,86603229.0,True,2000,6,Summer,False
74500000.0,1997,en,5.300303,2004-04-07,62172050.0,109.0,Two Brothers,6.9,185.0,2004,,,,Unknown,-12327950.0,False,2000,4,Spring,False
,3293,en,8.172132,1999-05-10,,97.0,Pirates of Silicon Valley,6.8,178.0,1999,,,,Unknown,,,1990,5,Spring,
21000000.0,10606,en,13.378587,1984-08-03,,102.0,The Philadelphia Experiment,6.1,104.0,1984,,,,Unknown,,,1980,8,Summer,
5000000.0,16136,en,5.547398,1992-01-17,20146880.0,96.0,Juice,7.0,103.0,1992,,,,Unknown,15146880.0,True,1990,1,Winter,False
,6081,en,6.970037,1978-07-19,49579269.0,104.0,Revenge of the Pink Panther,6.4,121.0,1978,,,,Unknown,,,1970,7,Summer,False
,2330,fr,7.668149,1998-04-04,268254.0,86.0,Taxi,6.5,653.0,1998,,,,Unknown,,,1990,4,Spring,False
14500000.0,2334,fr,5.892859,2003-01-29,65497208.0,82.0,Taxi 3,5.5,367.0,2003,,,,Unknown,50997208.0,True,2000,1,Winter,False
,13398,ja,6.288949,2003-12-29,,92.0,Tokyo Godfathers,7.7,178.0,2003,,,,Unknown,,,2000,12,Winter,
1880006.0,10780,en,5.549621,1987-12-16,26713187.0,106.0,Overboard,6.7,240.0,1987,,,,Unknown,24833181.0,True,1980,12,Winter,False
,29264,es,5.038905,1962-05-01,,95.0,The Exterminating Angel,7.8,118.0,1962,,,,Unknown,,,1960,5,Spring,
6000000.0,1777,en,6.83946,2004-06-25,119114517.0,122.0,Fahrenheit 9/11,6.9,403.0,2004,,,,Unknown,113114517.0,True,2000,6,Summer,False
,11584,en,11.394307,1987-06-19,40050884.0,107.0,Roxanne,6.4,174.0,1987,,,,Unknown,,,1980,6,Summer,False
15000000.0,11884,en,5.984133,1984-07-13,28733290.0,101.0,The Last Starfighter,6.5,225.0,1984,,,,Unknown,13733290.0,True,1980,7,Summer,False
200000000.0,558,en,10.834506,2004-06-25,783766341.0,127.0,Spider-Man 2,6.7,4432.0,2004,,,,Unknown,583766341.0,True,2000,6,Summer,True
2700000.0,80,en,7.048957,2004-02-10,15992615.0,80.0,Before Sunset,7.6,734.0,2004,,,,Unknown,13292615.0,True,2000,2,Winter,False
120000000.0,9477,en,8.862107,2004-07-07,203567857.0,126.0,King Arthur,6.1,827.0,2004,,,,Unknown,83567857.0,True,2000,7,Summer,False
26000000.0,8699,en,10.33012,2004-07-09,90574188.0,94.0,Anchorman: The Legend of Ron Burgundy,6.7,1523.0,2004,,,,Unknown,64574188.0,True,2000,7,Summer,False
,9893,en,5.327657,2004-07-09,,89.0,Sleepover,5.4,105.0,2004,,,,Unknown,,,2000,7,Summer,
19000000.0,11247,en,8.385361,2004-07-10,70067909.0,95.0,A Cinderella Story,6.1,737.0,2004,,,,Unknown,51067909.0,True,2000,7,Summer,False
120000000.0,2048,en,14.43075,2004-07-15,347234916.0,115.0,"I, Robot",6.7,3889.0,2004,,,,Unknown,227234916.0,True,2000,7,Summer,True
,436,es,5.450934,2004-01-18,,101.0,Maria Full of Grace,6.9,103.0,2004,,,,Unknown,,,2000,1,Winter,
75000000.0,2502,en,20.40426,2004-07-23,288500217.0,108.0,The Bourne Supremacy,7.2,2873.0,2004,,,,Unknown,213500217.0,True,2000,7,Summer,True
100000000.0,314,en,13.340272,2004-07-22,82102379.0,104.0,Catwoman,4.2,833.0,2004,,,,Unknown,-17897621.0,False,2000,7,Summer,False
,1040,it,4.540383,1963-03-28,,185.0,The Leopard,7.8,133.0,1963,,,,Unknown,,,1960,3,Spring,
80000000.0,14462,en,10.796939,2004-07-30,96105964.0,129.0,The Manchurian Candidate,6.2,401.0,2004,,,,Unknown,16105964.0,True,2000,7,Summer,False
60000000.0,6947,en,8.172707,2004-07-30,256697520.0,108.0,The Village,6.2,1101.0,2004,,,,Unknown,196697520.0,True,2000,7,Summer,False
2500000.0,401,en,11.630809,2004-07-28,26781723.0,102.0,Garden State,7.1,631.0,2004,,,,Unknown,24281723.0,True,2000,7,Summer,False
65000000.0,1538,en,13.455112,2004-08-04,217764291.0,120.0,Collateral,7.0,1476.0,2004,,,,Unknown,152764291.0,True,2000,8,Summer,False
35000000.0,14846,en,5.093704,2004-08-06,22034832.0,111.0,Little Black Book,5.2,114.0,2004,,,,Unknown,-12965168.0,False,2000,8,Summer,False
7500000.0,2577,en,6.101401,2003-09-02,,92.0,Code 46,6.2,116.0,2003,,,,Unknown,,,2000,9,Fall,
9000000.0,11282,en,8.344105,2004-05-30,23936908.0,88.0,Harold & Kumar Go to White Castle,6.6,709.0,2004,,,,Unknown,14936908.0,True,2000,5,Spring,False
40000000.0,11130,en,8.248895,2004-08-06,95149435.0,113.0,The Princess Diaries 2: Royal Engagement,6.0,726.0,2004,,,,Unknown,55149435.0,True,2000,8,Summer,False
70000000.0,395,en,12.636205,2004-08-12,171183863.0,101.0,AVP: Alien vs. Predator,5.6,1241.0,2004,,,,Unknown,101183863.0,True,2000,8,Summer,False
19000000.0,10762,en,6.046516,2004-08-20,69631118.0,95.0,Without a Paddle,5.3,217.0,2004,,,,Unknown,50631118.0,True,2000,8,Summer,False
80000000.0,11026,en,13.02369,2004-08-20,78000586.0,114.0,Exorcist: The Beginning,4.7,189.0,2004,,,,Unknown,-1999414.0,False,2000,8,Summer,False
20000000.0,11237,en,10.749404,2004-08-26,70992898.0,97.0,Anacondas: The Hunt for the Blood Orchid,4.9,200.0,2004,,,,Unknown,50992898.0,True,2000,8,Summer,False
30000000.0,11208,en,5.605652,2004-09-03,13001257.0,114.0,Wicker Park,6.7,159.0,2004,,,,Unknown,-16998743.0,False,2000,9,Fall,False
25000000.0,9759,en,5.918816,2004-09-06,56422687.0,94.0,Cellular,6.1,548.0,2004,,,,Unknown,31422687.0,True,2000,9,Fall,False
45000000.0,1577,en,7.850797,2004-09-10,129394835.0,94.0,Resident Evil: Apocalypse,6.1,1286.0,2004,,,,Unknown,84394835.0,True,2000,9,Fall,False
70000000.0,5137,en,9.64113,2004-09-17,57958696.0,107.0,Sky Captain and the World of Tomorrow,5.7,445.0,2004,,,,Unknown,-12041304.0,False,2000,9,Fall,False
31000000.0,11823,en,14.224013,2004-09-13,41512007.0,98.0,Wimbledon,6.0,303.0,2004,,,,Unknown,10512007.0,True,2000,9,Fall,False
30000000.0,13969,en,7.712415,2004-09-24,,105.0,First Daughter,5.4,176.0,2004,,,,Unknown,,,2000,9,Fall,
42000000.0,10145,en,6.40146,2004-09-24,117575636.0,91.0,The Forgotten,5.5,359.0,2004,,,,Unknown,75575636.0,True,2000,9,Fall,False
,1653,es,7.667491,2004-02-06,16756372.0,126.0,The Motorcycle Diaries,7.2,295.0,2004,,,,Unknown,,,2000,2,Winter,False
4000000.0,747,en,14.902948,2004-04-09,30039392.0,99.0,Shaun of the Dead,7.5,2479.0,2004,,,,Unknown,26039392.0,True,2000,4,Spring,False
,4176,en,9.590695,1974-11-24,27634716.0,128.0,Murder on the Orient Express,6.9,240.0,1974,,,,Unknown,,,1970,11,Fall,False
,11177,en,6.012125,1985-03-08,42400000.0,120.0,Mask,7.0,106.0,1985,,,,Unknown,,,1980,3,Spring,False
47000000.0,1492,en,11.618792,1992-10-09,7191399.0,154.0,1492: Conquest of Paradise,6.1,180.0,1992,,,,Unknown,-39808601.0,False,1990,10,Fall,False
100000.0,8689,it,7.417324,1980-02-07,,95.0,Cannibal Holocaust,5.8,347.0,1980,,,,Unknown,,,1980,2,Winter,
75000000.0,10555,en,17.999273,2004-09-20,367275019.0,90.0,Shark Tale,5.8,1612.0,2004,,,,Unknown,292275019.0,True,2000,9,Fall,True
60000000.0,11128,en,7.650411,2004-10-01,74541707.0,115.0,Ladder 49,6.2,213.0,2004,,,,Unknown,14541707.0,True,2000,10,Fall,False
22000000.0,1599,en,11.953055,2004-09-10,,106.0,I Heart Huckabees,6.2,245.0,2004,,,,Unknown,,,2000,9,Fall,
15000000.0,14024,en,4.387004,2004-08-10,14867514.0,103.0,Raise Your Voice,6.0,221.0,2004,,,,Unknown,-132486.0,False,2000,8,Summer,False
25000000.0,11045,en,7.745017,2004-10-06,36609966.0,97.0,Taxi,4.8,245.0,2004,,,,Unknown,11609966.0,True,2000,10,Fall,False
7000.0,14337,en,7.15307,2004-10-08,424760.0,77.0,Primer,6.9,671.0,2004,,,,Unknown,417760.0,True,2000,10,Fall,False
50000000.0,4380,en,9.082538,2004-10-15,170128460.0,107.0,Shall We Dance?,5.9,308.0,2004,,,,Unknown,120128460.0,True,2000,10,Fall,False
32000000.0,3989,en,11.428941,2004-10-10,50907422.0,98.0,Team America: World Police,6.6,667.0,2004,,,,Unknown,18907422.0,True,2000,10,Fall,False
2000000.0,3053,en,9.182414,1967-02-01,,108.0,The Fearless Vampire Killers,6.9,137.0,1967,,,,Unknown,,,1960,2,Winter,
30000000.0,13416,en,13.041943,2004-10-08,61255921.0,118.0,Friday Night Lights,7.0,154.0,2004,,,,Unknown,31255921.0,True,2000,10,Fall,False
,11099,en,10.606823,2004-10-15,548039.0,95.0,The Final Cut,5.9,194.0,2004,,,,Unknown,,,2000,10,Fall,False
45000000.0,15566,en,8.698971,2004-09-21,14793624.0,91.0,Surviving Christmas,5.1,107.0,2004,,,,Unknown,-30206376.0,False,2000,9,Fall,False
10000000.0,1970,en,9.740827,2004-10-22,183474602.0,92.0,The Grudge,5.8,889.0,2004,,,,Unknown,173474602.0,True,2000,10,Fall,False
60000000.0,8849,en,10.411608,2004-10-22,13395939.0,103.0,Alfie,5.5,255.0,2004,,,,Unknown,-46604061.0,False,2000,10,Fall,False
16000000.0,9675,en,12.646518,2004-10-22,109502303.0,126.0,Sideways,6.9,484.0,2004,,,,Unknown,93502303.0,True,2000,10,Fall,False
5000000.0,4553,en,10.737565,2004-02-09,8203235.0,101.0,The Machinist,7.3,1280.0,2004,,,,Unknown,3203235.0,True,2000,2,Winter,False
1200000.0,176,en,23.508433,2004-10-01,103911669.0,103.0,Saw,7.2,2255.0,2004,,,,Unknown,102711669.0,True,2000,10,Fall,False
40000000.0,1677,en,10.603762,2004-10-29,124731534.0,152.0,Ray,7.2,481.0,2004,,,,Unknown,84731534.0,True,2000,10,Fall,False
20000000.0,10740,en,6.771415,2004-09-08,,100.0,Birth,5.9,182.0,2004,,,,Unknown,,,2000,9,Fall,
92000000.0,9806,en,22.220214,2004-11-05,631442092.0,115.0,The Incredibles,7.4,5290.0,2004,,,,Unknown,539442092.0,True,2000,11,Fall,True
165000000.0,5255,en,14.27536,2004-11-10,305875730.0,100.0,The Polar Express,6.4,1524.0,2004,,,,Unknown,140875730.0,True,2000,11,Fall,True
,11184,en,6.3793,2004-09-04,,118.0,Kinsey,6.6,131.0,2004,,,,Unknown,,,2000,9,Fall,
12000000.0,11249,en,15.216315,2004-11-11,24829644.0,87.0,Seed of Chucky,4.9,302.0,2004,,,,Unknown,12829644.0,True,2000,11,Fall,False
60000000.0,10589,en,11.945666,2004-11-12,61347797.0,97.0,After the Sunset,6.0,227.0,2004,,,,Unknown,1347797.0,True,2000,11,Fall,False
50000000.0,9801,en,7.78817,2004-11-10,40203020.0,108.0,Bridget Jones: The Edge of Reason,6.1,775.0,2004,,,,Unknown,-9796980.0,False,2000,11,Fall,False
25000000.0,866,en,15.529604,2004-10-17,116766556.0,106.0,Finding Neverland,7.2,1269.0,2004,,,,Unknown,91766556.0,True,2000,10,Fall,False
100000000.0,2059,en,18.932203,2004-11-19,347451894.0,131.0,National Treasure,6.4,1974.0,2004,,,,Unknown,247451894.0,True,2000,11,Fall,True
5000000.0,140,es,7.66414,2004-03-19,40266982.0,106.0,Bad Education,7.1,223.0,2004,,,,Unknown,35266982.0,True,2000,3,Spring,False
30000000.0,11836,en,11.213712,2004-11-14,140161792.0,87.0,The SpongeBob SquarePants Movie,6.7,593.0,2004,,,,Unknown,110161792.0,True,2000,11,Fall,False
155000000.0,1966,en,13.498641,2004-11-21,167298192.0,175.0,Alexander,5.6,957.0,2004,,,,Unknown,12298192.0,True,2000,11,Fall,False
60000000.0,13673,en,7.584918,2004-11-24,,99.0,Christmas with the Kranks,5.2,198.0,2004,,,,Unknown,,,2000,11,Fall,
27000000.0,2288,en,10.860952,2004-12-01,115505027.0,104.0,Closer,6.7,845.0,2004,,,,Unknown,88505027.0,True,2000,12,Winter,False
,9550,zh,9.3002,2004-05-19,92863945.0,119.0,House of Flying Daggers,7.1,452.0,2004,,,,Unknown,,,2000,5,Spring,False
110000000.0,163,en,11.869347,2004-12-09,362744280.0,125.0,Ocean's Twelve,6.4,2169.0,2004,,,,Unknown,252744280.0,True,2000,12,Winter,True
65000000.0,36648,en,18.860681,2004-12-08,128905366.0,123.0,Blade: Trinity,5.7,1276.0,2004,,,,Unknown,63905366.0,True,2000,12,Winter,False
19885552.0,15613,en,6.118228,1993-03-12,19724334.0,109.0,Fire in the Sky,6.5,128.0,1993,,,,Unknown,-161218.0,False,1990,3,Spring,False
,8424,fr,6.138669,2003-09-17,,93.0,Love Me If You Dare,7.4,531.0,2003,,,,Unknown,,,2000,9,Fall,
,992,en,5.858328,1924-04-21,,49.0,"Sherlock, Jr.",8.1,134.0,1924,,,,Unknown,,,1920,4,Spring,
2300000.0,3766,en,8.694857,1947-12-24,,87.0,The Lady from Shanghai,7.2,108.0,1947,,,,Unknown,,,1940,12,Winter,
,14537,ja,9.286966,1962-09-15,,135.0,Harakiri,8.2,136.0,1962,,,,Unknown,,,1960,9,Fall,
800000.0,17295,it,11.322173,1966-09-08,921548.0,121.0,The Battle of Algiers,7.8,167.0,1966,,,,Unknown,121548.0,True,1960,9,Fall,False
,895,ru,6.489852,1966-12-16,,205.0,Andrei Rublev,8.0,139.0,1966,,,,Unknown,,,1960,12,Winter,
1377800.0,2661,en,8.991532,1966-07-30,,105.0,Batman,6.1,209.0,1966,,,,Unknown,,,1960,7,Summer,
,11047,fr,7.24597,1967-12-20,,68.0,Asterix the Gaul,6.4,136.0,1967,,,,Unknown,,,1960,12,Winter,
,9929,fr,7.681293,1968-12-16,,72.0,Asterix and Cleopatra,6.9,191.0,1968,,,,Unknown,,,1960,12,Winter,
450000.0,839,en,12.331251,1972-10-01,,74.0,Duel,7.2,374.0,1972,,,,Unknown,,,1970,10,Fall,
,9394,it,9.449417,1970-12-22,,106.0,They Call Me Trinity,7.5,269.0,1970,,,,Unknown,,,1970,12,Winter,
400000.0,13041,es,5.467355,1970-12-18,,125.0,El Topo,7.4,109.0,1970,,,,Unknown,,,1970,12,Winter,
,760,fr,7.18207,1973-10-17,,100.0,The Mad Adventures of Rabbi Jacob,7.1,183.0,1973,,,,Unknown,,,1970,10,Fall,
60000.0,1410,en,4.933923,1974-04-01,,83.0,Dark Star,6.0,120.0,1974,,,,Unknown,,,1970,4,Spring,
,9474,it,6.022453,1973-12-13,,117.0,My Name Is Nobody,7.1,227.0,1973,,,,Unknown,,,1970,12,Winter,
,8327,en,4.190266,1973-05-01,,114.0,The Holy Mountain,7.7,143.0,1973,,,,Unknown,,,1970,5,Spring,
,9385,fr,7.715483,1976-09-08,,82.0,The Twelve Tasks of Asterix,7.3,241.0,1976,,,,Unknown,,,1970,9,Fall,
6500000.0,11558,en,8.254209,1976-12-03,51079064.0,114.0,Silver Streak,6.8,101.0,1976,,,,Unknown,44579064.0,True,1970,12,Winter,False
22000000.0,38985,en,13.966833,1977-06-24,12000000.0,121.0,Sorcerer,7.5,104.0,1977,,,,Unknown,-10000000.0,False,1970,6,Summer,False
5000000.0,11935,en,10.719499,1977-12-10,,123.0,Capricorn One,6.4,134.0,1977,,,,Unknown,,,1970,12,Winter,
,33701,fr,5.921814,1979-11-22,,90.0,French Fried Vacation 2,7.4,257.0,1979,,,,Unknown,,,1970,11,Fall,
11000000.0,10654,en,5.259089,1979-03-14,,121.0,Hair,7.3,146.0,1979,,,,Unknown,,,1970,3,Spring,
22000000.0,6341,en,10.456371,1983-02-05,42313354.0,109.0,Blue Thunder,5.9,117.0,1983,,,,Unknown,20313354.0,True,1980,2,Winter,False
,15251,en,5.762754,1983-08-17,,69.0,Eddie Murphy: Delirious,7.7,104.0,1983,,,,Unknown,,,1980,8,Summer,
10000000.0,232,en,8.20519,1983-10-20,2494480.0,94.0,Rumble Fish,6.8,141.0,1983,,,,Unknown,-7505520.0,False,1980,10,Fall,False
10000000.0,15301,en,5.836054,1983-06-24,29450919.0,101.0,Twilight Zone: The Movie,6.2,164.0,1983,,,,Unknown,19450919.0,True,1980,6,Summer,False
,8868,fr,7.174178,1985-03-06,,79.0,Asterix vs. Caesar,6.5,122.0,1985,,,,Unknown,,,1980,3,Spring,
1800000.0,14029,fr,11.477701,1985-10-04,,88.0,Demons,6.5,112.0,1985,,,,Unknown,,,1980,10,Fall,
,9056,cn,6.489294,1985-12-14,,101.0,Police Story,7.3,128.0,1985,,,,Unknown,,,1980,12,Winter,
1000000.0,10176,en,7.782919,1985-09-08,,91.0,The Quiet Earth,6.7,160.0,1985,,,,Unknown,,,1980,9,Fall,
,9080,en,6.310054,1985-12-06,,102.0,Spies Like Us,5.9,180.0,1985,,,,Unknown,,,1980,12,Winter,
,9318,fr,5.711211,1986-12-03,,79.0,Asterix in Britain,6.8,142.0,1986,,,,Unknown,,,1980,12,Winter,
,11471,cn,9.488593,1986-08-02,4469460.0,95.0,A Better Tomorrow,7.3,102.0,1986,,,,Unknown,,,1980,8,Summer,False
3000000.0,8852,en,8.587231,1987-10-23,14182492.0,101.0,Prince of Darkness,6.6,192.0,1987,,,,Unknown,11182492.0,True,1980,10,Fall,False
1800000.0,16296,en,6.906831,1988-05-27,,88.0,Killer Klowns from Outer Space,5.8,161.0,1988,,,,Unknown,,,1980,5,Spring,
22000000.0,13192,en,15.276746,1988-10-29,,93.0,Moonwalker,6.0,126.0,1988,,,,Unknown,,,1980,10,Fall,
6900000.0,16859,ja,12.220581,1989-07-29,18172849.0,103.0,Kiki's Delivery Service,7.6,768.0,1989,,,,Unknown,11272849.0,True,1980,7,Summer,False
11000000.0,9768,en,8.290384,1990-04-05,8266343.0,85.0,Cry-Baby,6.4,289.0,1990,,,,Unknown,-2733657.0,False,1990,4,Spring,False
10000000.0,9569,en,7.176601,1990-02-09,47410000.0,96.0,Hard to Kill,5.6,141.0,1990,,,,Unknown,37410000.0,True,1990,2,Winter,False
6000000.0,9399,en,4.619068,1990-06-07,24078196.0,105.0,Lionheart,5.9,179.0,1990,,,,Unknown,18078196.0,True,1990,6,Summer,False
,12776,it,10.161042,1991-10-23,,102.0,Johnny Stecchino,7.4,190.0,1991,,,,Unknown,,,1990,10,Fall,
,15080,ja,10.831775,1991-07-20,,118.0,Only Yesterday,7.0,152.0,1991,,,,Unknown,,,1990,7,Summer,
14000000.0,14362,en,6.892056,1991-04-12,39673161.0,91.0,Out for Justice,5.9,113.0,1991,,,,Unknown,25673161.0,True,1990,4,Spring,False
,9588,en,12.620366,1990-10-17,,119.0,Quigley Down Under,6.5,120.0,1990,,,,Unknown,,,1990,10,Fall,
,11621,ja,8.08304,1992-07-18,,94.0,Porco Rosso,7.6,563.0,1992,,,,Unknown,,,1990,7,Summer,
8000000.0,12088,en,5.970749,1992-09-30,6739141.0,95.0,Fortress,5.7,171.0,1992,,,,Unknown,-1260859.0,False,1990,9,Fall,False
,17809,en,5.986773,1994-12-22,1907743.0,103.0,Fist of Legend,7.4,118.0,1994,,,,Unknown,,,1990,12,Winter,False
,152426,en,12.215925,1995-05-14,,180.0,The Langoliers,6.0,158.0,1995,,,,Unknown,,,1990,5,Spring,
,37797,ja,10.550235,1995-07-15,,111.0,Whisper of the Heart,7.7,349.0,1995,,,,Unknown,,,1990,7,Summer,
,2061,da,6.160414,1996-08-30,,105.0,Pusher,6.8,162.0,1996,,,,Unknown,,,1990,8,Summer,
1300000.0,18415,en,5.148375,1997-10-17,,89.0,Gummo,6.5,133.0,1997,,,,Unknown,,,1990,10,Fall,
,9732,en,9.417261,1998-10-24,,81.0,The Lion King 2: Simba's Pride,6.7,1034.0,1998,,,,Unknown,,,1990,10,Fall,
5000000.0,12095,en,13.778043,1999-03-16,,88.0,From Dusk Till Dawn 2: Texas Blood Money,4.4,114.0,1999,,,,Unknown,,,1990,3,Spring,
,14533,en,9.632616,1998-01-31,,120.0,Gia,6.7,156.0,1998,,,,Unknown,,,1990,1,Winter,
,8697,cn,8.912292,1998-01-17,,108.0,Who Am I?,6.6,178.0,1998,,,,Unknown,,,1990,1,Winter,
,9597,fr,11.195104,2001-09-12,,98.0,Vidocq,5.8,133.0,2001,,,,Unknown,,,2000,9,Fall,
,18491,ja,6.228255,1997-07-19,20000000.0,87.0,The End of Evangelion,8.1,124.0,1997,,,,Unknown,,,1990,7,Summer,False
,21348,fr,5.635856,1998-12-09,,70.0,Kirikou and the Sorceress,7.2,229.0,1998,,,,Unknown,,,1990,12,Winter,
,2332,fr,6.411782,2000-03-24,60726164.0,82.0,Taxi 2,6.1,430.0,2000,,,,Unknown,,,2000,3,Spring,False
,15653,en,10.368424,2000-02-29,,79.0,An Extremely Goofy Movie,6.0,123.0,2000,,,,Unknown,,,2000,2,Winter,
12000000.0,844,zh,7.157169,2004-05-20,19271312.0,129.0,2046,6.9,208.0,2004,,,,Unknown,7271312.0,True,2000,5,Spring,False
,16234,en,7.872438,2000-12-12,,74.0,Batman Beyond: Return of the Joker,7.5,152.0,2000,,,,Unknown,,,2000,12,Winter,
,11075,ja,12.799287,1999-10-06,,115.0,Audition,6.8,372.0,1999,,,,Unknown,,,1990,10,Fall,
,467,en,4.406514,2001-04-20,,102.0,The Hole,6.4,227.0,2001,,,,Unknown,,,2000,4,Spring,
,10757,hi,6.523888,2001-12-14,,210.0,Kabhi Khushi Kabhie Gham,7.6,103.0,2001,,,,Unknown,,,2000,12,Winter,
,2899,fr,11.117405,2002-01-29,111127553.0,108.0,Asterix & Obelix: Mission Cleopatra,7.2,782.0,2002,,,,Unknown,,,2000,1,Winter,False
,2440,ko,10.187128,2000-09-09,,110.0,Joint Security Area,7.7,115.0,2000,,,,Unknown,,,2000,9,Fall,
,40096,pt,23.950396,2000-09-10,,104.0,A Dog's Will,8.2,120.0,2000,,,,Unknown,,,2000,9,Fall,
25697387.0,11847,cn,3.136813,2001-01-18,3849941.0,87.0,The Accidental Spy,5.9,120.0,2001,,,,Unknown,-21847446.0,False,2000,1,Winter,False
,11056,en,5.975404,2002-10-02,,102.0,Darkness,5.6,114.0,2002,,,,Unknown,,,2000,10,Fall,
,9298,en,13.994306,2002-03-21,,85.0,Ali G Indahouse,6.0,332.0,2002,,,,Unknown,,,2000,3,Spring,
,437,en,15.317489,2002-04-15,,94.0,Cube²: Hypercube,5.4,383.0,2002,,,,Unknown,,,2000,4,Spring,
,11178,ko,5.980499,2001-07-27,,123.0,My Sassy Girl,7.3,158.0,2001,,,,Unknown,,,2000,7,Summer,
,11427,en,5.327623,2003-01-30,,85.0,Dead End,6.6,121.0,2003,,,,Unknown,,,2000,1,Winter,
4000000.0,4689,ko,6.314697,2002-03-29,1954937.0,121.0,Sympathy for Mr. Vengeance,7.3,302.0,2002,,,,Unknown,-2045063.0,False,2000,3,Spring,False
,12720,ja,8.279552,2001-10-29,,99.0,Suicide Club,6.4,107.0,2001,,,,Unknown,,,2000,10,Fall,
24665810.0,5552,fr,9.785721,2004-03-13,,103.0,Immortal,5.8,131.0,2004,,,,Unknown,,,2000,3,Spring,
80000000.0,10077,en,4.980191,2005-05-15,5989640.0,110.0,A Sound of Thunder,4.8,111.0,2005,,,,Unknown,-74010360.0,False,2000,5,Spring,False
,11430,en,8.931033,2004-02-06,,77.0,The Lion King 1½,6.3,694.0,2004,,,,Unknown,,,2000,2,Winter,
5000000.0,55931,en,10.934268,2003-05-09,,102.0,The Animatrix,6.9,433.0,2003,,,,Unknown,,,2000,5,Spring,
6000000.0,9282,en,14.454722,2003-05-16,,86.0,11:14,6.8,211.0,2003,,,,Unknown,,,2000,5,Spring,
5000000.0,10891,en,10.002295,2004-01-02,,101.0,Tremors 4: The Legend Begins,5.4,108.0,2004,,,,Unknown,,,2000,1,Winter,
,60672,fr,9.261826,2004-02-18,,97.0,Crimson Rivers II: Angels of the Apocalypse,6.0,166.0,2004,,,,Unknown,,,2000,2,Winter,
9000000.0,3177,ja,7.500419,2003-07-05,,155.0,Battle Royale II: Requiem,4.9,115.0,2003,,,,Unknown,,,2000,7,Summer,
140000000.0,11774,en,12.817945,2004-12-16,209073645.0,108.0,Lemony Snicket's A Series of Unfortunate Events,6.7,1521.0,2004,,,,Unknown,69073645.0,True,2000,12,Winter,False
47000000.0,2841,fr,10.896295,2004-10-26,,133.0,A Very Long Engagement,7.1,352.0,2004,,,,Unknown,,,2000,10,Fall,
,363,de,10.234986,2004-03-11,11030861.0,121.0,Head-On,7.3,111.0,2004,,,,Unknown,,,2000,3,Spring,False
,12140,ja,9.377699,2004-03-06,9789651.0,100.0,Ghost in the Shell 2: Innocence,7.3,230.0,2004,,,,Unknown,,,2000,3,Spring,False
,4254,hi,5.584308,2003-11-27,13200241.0,186.0,Kal Ho Naa Ho,7.3,110.0,2003,,,,Unknown,,,2000,11,Fall,False
,15370,ja,11.639023,2002-07-19,522911.0,75.0,The Cat Returns,7.2,364.0,2002,,,,Unknown,,,2000,7,Summer,False
3500000.0,11838,ja,7.614692,2002-10-18,,92.0,Ju-on: The Grudge,6.7,199.0,2002,,,,Unknown,,,2000,10,Fall,
3000000.0,670,ko,10.616859,2003-01-01,14980005.0,120.0,Oldboy,8.0,2000.0,2003,,,,Unknown,11980005.0,True,2000,1,Winter,False
,9694,ja,6.703174,2003-11-03,,112.0,One Missed Call,5.8,100.0,2003,,,,Unknown,,,2000,11,Fall,
29000000.0,9667,en,12.092096,2005-03-04,21126225.0,103.0,The Jacket,6.8,459.0,2005,,,,Unknown,-7873775.0,False,2000,3,Spring,False
,13373,en,4.66886,2005-04-08,6584159.0,98.0,Millions,6.3,106.0,2005,,,,Unknown,,,2000,4,Spring,False
7000000.0,10304,en,12.348655,2004-04-20,,88.0,Starship Troopers 2: Hero of the Federation,3.8,176.0,2004,,,,Unknown,,,2000,4,Spring,
,11647,zh,6.505146,2003-10-01,,119.0,Infernal Affairs II,7.2,108.0,2003,,,,Unknown,,,2000,10,Fall,
12806000.0,1913,es,14.69768,2004-09-03,38535221.0,125.0,The Sea Inside,7.2,224.0,2004,,,,Unknown,25729221.0,True,2000,9,Fall,False
80000000.0,2539,en,11.202764,2004-12-17,55041367.0,130.0,Spanglish,5.8,375.0,2004,,,,Unknown,-24958633.0,False,2000,12,Winter,False
,5528,fr,14.758133,2004-03-17,,96.0,The Chorus,7.5,553.0,2004,,,,Unknown,,,2000,3,Spring,
80000000.0,179,en,12.047671,2005-04-08,162944923.0,128.0,The Interpreter,6.2,400.0,2005,,,,Unknown,82944923.0,True,2000,4,Spring,False
130000.0,83,en,10.652818,2004-08-06,54667954.0,79.0,Open Water,5.3,320.0,2004,,,,Unknown,54537954.0,True,2000,8,Summer,False
6500000.0,4836,en,9.642214,2004-09-30,11850214.0,105.0,Layer Cake,7.0,565.0,2004,,,,Unknown,5350214.0,True,2000,9,Fall,False
,11190,ru,4.507702,2003-06-25,,105.0,The Return,7.4,102.0,2003,,,,Unknown,,,2000,6,Summer,
45000000.0,11866,en,15.434731,2004-12-17,21009180.0,113.0,Flight of the Phoenix,5.7,282.0,2004,,,,Unknown,-23990820.0,False,2000,12,Winter,False
500000.0,12281,en,12.428269,2004-01-15,603943.0,90.0,Mean Creek,6.9,110.0,2004,,,,Unknown,103943.0,True,2000,1,Winter,False
50000000.0,10320,en,16.15818,2005-03-17,161451538.0,110.0,The Ring Two,5.5,646.0,2005,,,,Unknown,111451538.0,True,2000,3,Spring,False
8700000.0,3509,en,11.643026,2006-05-25,7659918.0,100.0,A Scanner Darkly,6.8,540.0,2006,,,,Unknown,-1040082.0,False,2000,5,Spring,False
30000000.0,70,en,14.471373,2004-12-15,216763646.0,132.0,Million Dollar Baby,7.7,2519.0,2004,,,,Unknown,186763646.0,True,2000,12,Winter,False
17500000.0,205,en,10.262332,2004-09-11,38000000.0,121.0,Hotel Rwanda,7.5,805.0,2004,,,,Unknown,20500000.0,True,2000,9,Fall,False
2000000.0,12597,en,6.984609,2000-10-03,,99.0,Hellraiser: Inferno,5.3,101.0,2000,,,,Unknown,,,2000,10,Fall,
150000000.0,118,en,22.038405,2005-07-13,474968763.0,115.0,Charlie and the Chocolate Factory,6.7,3759.0,2005,,,,Unknown,324968763.0,True,2000,7,Summer,True
,1280,ko,12.949881,2004-10-15,,88.0,3-Iron,7.7,225.0,2004,,,,Unknown,,,2000,10,Fall,
50000000.0,421,en,6.936677,2004-12-10,34808403.0,119.0,The Life Aquatic with Steve Zissou,7.1,781.0,2004,,,,Unknown,-15191597.0,False,2000,12,Winter,False
116000000.0,2567,en,9.86738,2004-12-17,102000000.0,170.0,The Aviator,7.0,1526.0,2004,,,,Unknown,-14000000.0,False,2000,12,Winter,False
70000000.0,9833,en,7.682562,2004-12-08,154648887.0,143.0,The Phantom of the Opera,7.0,448.0,2004,,,,Unknown,84648887.0,True,2000,12,Winter,False
,9692,en,6.984903,2004-12-24,4678405.0,87.0,The Woodsman,6.9,106.0,2004,,,,Unknown,,,2000,12,Winter,False
,1901,en,7.684185,2004-12-29,,109.0,In Good Company,5.9,198.0,2004,,,,Unknown,,,2000,12,Winter,
80000000.0,693,en,11.876386,2004-12-22,516642939.0,115.0,Meet the Fockers,6.1,1412.0,2004,,,,Unknown,436642939.0,True,2000,12,Winter,True
,11162,en,13.220259,2004-09-03,,138.0,The Merchant of Venice,6.7,147.0,2004,,,,Unknown,,,2000,9,Fall,
10000000.0,11804,en,6.143324,2005-01-07,91196419.0,101.0,White Noise,5.6,267.0,2005,,,,Unknown,81196419.0,True,2000,1,Winter,False
27440000.0,7229,fr,9.306171,2003-10-22,,85.0,Ruby & Quentin,6.7,183.0,2003,,,,Unknown,,,2000,10,Fall,
10000000.0,11633,ja,8.278525,2004-04-17,1461989.0,101.0,Appleseed,6.8,116.0,2004,,,,Unknown,-8538011.0,False,2000,4,Spring,False
43000000.0,9947,en,13.802674,2005-01-13,56681566.0,97.0,Elektra,4.9,590.0,2005,,,,Unknown,13681566.0,True,2000,1,Winter,False
30000000.0,6439,en,4.817052,2005-01-06,93772522.0,102.0,Racing Stripes,5.1,127.0,2005,,,,Unknown,63772522.0,True,2000,1,Winter,False
30000000.0,7214,en,11.093737,2005-01-14,76669806.0,136.0,Coach Carter,7.3,510.0,2005,,,,Unknown,46669806.0,True,2000,1,Winter,False
179000.0,27429,en,11.540666,1975-10-10,,87.0,Shivers,6.3,127.0,1975,,,,Unknown,,,1970,10,Fall,
2800000.0,11423,ko,8.511453,2003-04-24,,129.0,Memories of Murder,7.9,427.0,2003,,,,Unknown,,,2000,4,Spring,
18339750.0,613,de,7.69224,2004-09-08,92180910.0,156.0,Downfall,7.7,1059.0,2004,,,,Unknown,73841160.0,True,2000,9,Fall,False
30000000.0,8978,en,11.552956,2005-01-19,35294470.0,109.0,Assault on Precinct 13,6.0,318.0,2005,,,,Unknown,5294470.0,True,2000,1,Winter,False
32000000.0,11637,en,9.756822,2005-01-20,97918663.0,95.0,Are We There Yet?,5.2,227.0,2005,,,,Unknown,65918663.0,True,2000,1,Winter,False
20000000.0,12142,en,5.871243,2005-01-28,10442808.0,96.0,Alone in the Dark,3.1,174.0,2005,,,,Unknown,-9557192.0,False,2000,1,Winter,False
25000000.0,11096,en,6.102059,2005-01-27,122644820.0,101.0,Hide and Seek,6.1,455.0,2005,,,,Unknown,97644820.0,True,2000,1,Winter,False
20000000.0,8968,en,9.704289,2005-02-04,67192859.0,89.0,Boogeyman,4.6,194.0,2005,,,,Unknown,47192859.0,True,2000,2,Winter,False
15000000.0,6961,en,5.615303,2005-02-04,47175038.0,88.0,The Wedding Date,6.2,238.0,2005,,,,Unknown,32175038.0,True,2000,2,Winter,False
4000000.0,11343,en,9.582814,1979-11-17,,184.0,Salem's Lot,6.2,124.0,1979,,,,Unknown,,,1970,11,Fall,
24000000.0,4935,ja,16.136048,2004-11-19,234710455.0,119.0,Howl's Moving Castle,8.2,2049.0,2004,,,,Unknown,210710455.0,True,2000,11,Fall,False
20000000.0,8953,ja,8.354775,2004-07-17,,126.0,Steamboy,6.4,103.0,2004,,,,Unknown,,,2000,7,Summer,
70000000.0,8488,en,13.35076,2005-02-10,368100420.0,118.0,Hitch,6.3,1721.0,2005,,,,Unknown,298100420.0,True,2000,2,Winter,True
7000000.0,57825,en,9.55791,2004-02-11,,111.0,Bride & Prejudice,6.5,114.0,2004,,,,Unknown,,,2000,2,Winter,
100000000.0,561,en,9.615691,2005-02-08,230884728.0,121.0,Constantine,6.6,1837.0,2005,,,,Unknown,130884728.0,True,2000,2,Winter,False
84000000.0,10214,en,6.512277,2005-02-18,,94.0,Son of the Mask,3.6,346.0,2005,,,,Unknown,,,2000,2,Winter,
4200000.0,3040,ru,8.803869,2004-06-27,32000000.0,114.0,Night Watch,6.3,212.0,2004,,,,Unknown,27800000.0,True,2000,6,Summer,False
40000000.0,13498,en,5.834626,2005-02-25,,100.0,Man of the House,5.4,121.0,2005,,,,Unknown,,,2000,2,Winter,
20000000.0,9470,cn,8.636632,2004-02-10,100914445.0,99.0,Kung Fu Hustle,7.2,841.0,2004,,,,Unknown,80914445.0,True,2000,2,Winter,False
35000000.0,10012,en,8.949722,2005-02-25,19294901.0,97.0,Cursed,5.1,168.0,2005,,,,Unknown,-15705099.0,False,2000,2,Winter,False
56000000.0,10022,en,7.81645,2005-03-04,113006880.0,95.0,The Pacifier,5.8,865.0,2005,,,,Unknown,57006880.0,True,2000,3,Spring,False
53000000.0,4551,en,13.314233,2005-03-04,95226116.0,118.0,Be Cool,5.4,296.0,2005,,,,Unknown,42226116.0,True,2000,3,Spring,False
52000000.0,2026,en,9.686638,2005-03-10,77944725.0,113.0,Hostage,6.2,519.0,2005,,,,Unknown,25944725.0,True,2000,3,Spring,False
75000000.0,9928,en,12.949715,2005-03-10,260696994.0,91.0,Robots,6.0,1383.0,2005,,,,Unknown,185696994.0,True,2000,3,Spring,False
825000.0,438,en,8.758493,2004-10-15,,97.0,Cube Zero,5.7,274.0,2004,,,,Unknown,,,2000,10,Fall,
25000000.0,13374,en,9.313354,2005-03-17,27645491.0,98.0,Ice Princess,5.9,189.0,2005,,,,Unknown,2645491.0,True,2000,3,Spring,False
,9688,en,6.117784,2004-10-29,20085825.0,100.0,Melinda and Melinda,6.3,128.0,2004,,,,Unknown,,,2000,10,Fall,False
,10040,en,5.739442,2005-03-11,,115.0,Miss Congeniality 2: Armed and Fabulous,5.3,433.0,2005,,,,Unknown,,,2000,3,Spring,
35000000.0,11638,en,6.71898,2005-03-25,68915888.0,105.0,Guess Who,5.5,230.0,2005,,,,Unknown,33915888.0,True,2000,3,Spring,False
,15283,ja,9.607155,1994-07-16,,119.0,Pom Poko,7.2,177.0,1994,,,,Unknown,,,1990,7,Summer,
,158,de,7.203307,1997-02-20,,87.0,Knockin' on Heaven's Door,7.6,135.0,1997,,,,Unknown,,,1990,2,Winter,
40000000.0,187,en,15.010525,2005-04-01,158733820.0,124.0,Sin City,7.2,2755.0,2005,,,,Unknown,118733820.0,True,2000,4,Spring,False
25000000.0,14177,en,6.795949,2005-06-02,36351350.0,105.0,Beauty Shop,5.4,118.0,2005,,,,Unknown,11351350.0,True,2000,6,Summer,False
130000000.0,7364,en,8.946243,2005-04-06,119269486.0,124.0,Sahara,5.7,440.0,2005,,,,Unknown,-10730514.0,False,2000,4,Spring,False
30000000.0,11431,en,6.734065,2005-04-06,50451307.0,103.0,Fever Pitch,5.9,186.0,2005,,,,Unknown,20451307.0,True,2000,4,Spring,False
,31442,ru,5.16792,1962-05-05,,95.0,Ivan's Childhood,7.7,109.0,1962,,,,Unknown,,,1960,5,Spring,
50000000.0,7453,en,13.257255,2005-01-15,104478416.0,109.0,The Hitchhiker's Guide to the Galaxy,6.6,1340.0,2005,,,,Unknown,54478416.0,True,2000,1,Winter,False
19000000.0,10065,en,13.088552,2005-04-15,108047131.0,90.0,The Amityville Horror,6.0,606.0,2005,,,,Unknown,89047131.0,True,2000,4,Spring,False
30000000.0,8976,en,10.596719,2005-04-22,42886719.0,107.0,A Lot Like Love,6.5,329.0,2005,,,,Unknown,12886719.0,True,2000,4,Spring,False
60000000.0,11679,en,19.144611,2005-04-27,71073932.0,101.0,xXx: State of the Union,4.7,565.0,2005,,,,Unknown,11073932.0,True,2000,4,Spring,False
130000000.0,1495,en,16.296471,2005-05-03,211643158.0,144.0,Kingdom of Heaven,6.6,1187.0,2005,,,,Unknown,81643158.0,True,2000,5,Spring,False
40000000.0,10066,en,7.163099,2005-04-30,68766121.0,113.0,House of Wax,5.5,696.0,2005,,,,Unknown,28766121.0,True,2000,4,Spring,False
6500000.0,1640,en,9.785147,2004-01-13,98410061.0,112.0,Crash,7.2,1172.0,2004,,,,Unknown,91910061.0,True,2000,1,Winter,False
,11171,en,7.103951,2004-05-20,1524966.0,105.0,Mysterious Skin,7.4,266.0,2004,,,,Unknown,,,2000,5,Spring,False
45000000.0,10027,en,7.90583,2005-02-02,50871113.0,103.0,Unleashed,6.6,531.0,2005,,,,Unknown,5871113.0,True,2000,2,Winter,False
,10837,en,7.810813,1990-08-03,,74.0,DuckTales: The Movie - Treasure of the Lost Lamp,6.7,201.0,1990,,,,Unknown,,,1990,8,Summer,
113000000.0,1895,en,13.165421,2005-05-17,850000000.0,140.0,Star Wars: Episode III - Revenge of the Sith,7.1,4200.0,2005,,,,Unknown,737000000.0,True,2000,5,Spring,True
45000000.0,9981,en,9.875573,2005-05-13,56070433.0,95.0,Kicking & Screaming,5.6,179.0,2005,,,,Unknown,11070433.0,True,2000,5,Spring,False
43000000.0,4379,en,6.328385,2005-05-13,154749918.0,101.0,Monster-in-Law,5.6,413.0,2005,,,,Unknown,111749918.0,True,2000,5,Spring,False
1000000.0,27,en,18.847707,2004-07-16,1574623.0,66.0,9 Songs,5.1,103.0,2004,,,,Unknown,574623.0,True,2000,7,Summer,False
75000000.0,953,en,16.136217,2005-05-25,532680671.0,86.0,Madagascar,6.6,3322.0,2005,,,,Unknown,457680671.0,True,2000,5,Spring,True
82000000.0,9291,en,7.349843,2005-05-19,190320568.0,113.0,The Longest Yard,6.2,804.0,2005,,,,Unknown,108320568.0,True,2000,5,Spring,False
88000000.0,921,en,6.363884,2005-06-02,108539911.0,144.0,Cinderella Man,7.3,630.0,2005,,,,Unknown,20539911.0,True,2000,6,Summer,False
25000000.0,9779,en,9.263965,2005-06-01,39053061.0,119.0,The Sisterhood of the Traveling Pants,6.3,396.0,2005,,,,Unknown,14053061.0,True,2000,6,Summer,False
25000000.0,9787,en,4.350049,2005-06-03,13411957.0,107.0,Lords of Dogtown,7.0,215.0,2005,,,,Unknown,-11588043.0,False,2000,6,Summer,False
110000000.0,787,en,15.724373,2005-06-07,478207520.0,120.0,Mr. & Mrs. Smith,6.5,3048.0,2005,,,,Unknown,368207520.0,True,2000,6,Summer,True
50000000.0,14199,en,6.477862,2005-06-10,69425966.0,92.0,The Adventures of Sharkboy and Lavagirl,4.4,278.0,2005,,,,Unknown,19425966.0,True,2000,6,Summer,False
,10226,fr,5.460821,2003-06-18,,91.0,High Tension,6.6,279.0,2003,,,,Unknown,,,2000,6,Summer,
150000000.0,272,en,28.505341,2005-06-10,374218673.0,140.0,Batman Begins,7.5,7511.0,2005,,,,Unknown,224218673.0,True,2000,6,Summer,True
,15648,en,4.845647,2005-06-17,,100.0,The Perfect Man,5.5,207.0,2005,,,,Unknown,,,2000,6,Summer,
50000000.0,11451,en,9.35239,2005-06-22,66002004.0,101.0,Herbie Fully Loaded,5.1,559.0,2005,,,,Unknown,16002004.0,True,2000,6,Summer,False
15000000.0,11683,en,9.478117,2005-06-24,46770602.0,93.0,Land of the Dead,6.0,395.0,2005,,,,Unknown,31770602.0,True,2000,6,Summer,False
85000000.0,9722,en,9.276085,2005-06-21,131426169.0,102.0,Bewitched,4.8,463.0,2005,,,,Unknown,46426169.0,True,2000,6,Summer,False
,1382,en,9.0744,2005-06-17,,90.0,Me and You and Everyone We Know,7.0,108.0,2005,,,,Unknown,,,2000,6,Summer,
,20914,it,4.876771,1975-06-06,,140.0,My Friends,7.9,112.0,1975,,,,Unknown,,,1970,6,Summer,
132000000.0,74,en,19.929377,2005-06-28,591739379.0,116.0,War of the Worlds,6.2,2397.0,2005,,,,Unknown,459739379.0,True,2000,6,Summer,True
8000000.0,1667,fr,9.435123,2005-01-26,127392239.0,80.0,March of the Penguins,6.9,371.0,2005,,,,Unknown,119392239.0,True,2000,1,Winter,False
30000000.0,9009,en,6.53565,2005-06-27,25473093.0,105.0,Dark Water,5.3,275.0,2005,,,,Unknown,-4526907.0,False,2000,6,Summer,False
,1553,fr,6.80183,2005-02-17,,107.0,The Beat That My Heart Skipped,6.8,114.0,2005,,,,Unknown,,,2000,2,Winter,
100000000.0,9738,en,19.382082,2005-06-29,330579719.0,106.0,Fantastic Four,5.5,3040.0,2005,,,,Unknown,230579719.0,True,2000,6,Summer,True
40000000.0,9522,en,11.100597,2005-07-14,285176741.0,119.0,Wedding Crashers,6.4,1406.0,2005,,,,Unknown,245176741.0,True,2000,7,Summer,True
13000000.0,1826,fr,6.361343,2005-06-15,23727301.0,129.0,Russian Dolls,6.8,156.0,2005,,,,Unknown,10727301.0,True,2000,6,Summer,False
8000000.0,10476,en,7.422267,2005-07-22,23563727.0,116.0,Hustle & Flow,6.9,101.0,2005,,,,Unknown,15563727.0,True,2000,7,Summer,False
126000000.0,1635,en,11.443647,2005-07-20,162949164.0,136.0,The Island,6.5,1813.0,2005,,,,Unknown,36949164.0,True,2000,7,Summer,False
,1696,en,12.221507,2005-07-22,,107.0,The Devil's Rejects,6.6,329.0,2005,,,,Unknown,,,2000,7,Summer,
35000000.0,11459,en,8.061423,2005-07-29,86369815.0,100.0,Sky High,5.8,568.0,2005,,,,Unknown,51369815.0,True,2000,7,Summer,False
135000000.0,10048,en,13.89018,2005-07-28,76932943.0,121.0,Stealth,4.9,341.0,2005,,,,Unknown,-58067057.0,False,2000,7,Summer,False
30000000.0,11648,en,9.378926,2005-07-21,58405313.0,98.0,Must Love Dogs,5.8,142.0,2005,,,,Unknown,28405313.0,True,2000,7,Summer,False
39000000.0,16320,en,11.919995,2005-08-25,38869464.0,119.0,Serenity,7.4,1287.0,2005,,,,Unknown,-130536.0,False,2000,8,Summer,False
10000000.0,308,en,6.589304,2005-05-17,45742101.0,105.0,Broken Flowers,6.8,359.0,2005,,,,Unknown,35742101.0,True,2000,5,Spring,False
50000000.0,6519,en,9.039467,2005-08-05,110803676.0,104.0,The Dukes of Hazzard,5.1,321.0,2005,,,,Unknown,60803676.0,True,2000,8,Summer,False
22000000.0,11453,en,5.341117,2005-08-06,22400154.0,83.0,Deuce Bigalow: European Gigolo,4.6,232.0,2005,,,,Unknown,400154.0,True,2000,8,Summer,False
43000000.0,9913,en,10.947957,2005-07-29,91974818.0,104.0,The Skeleton Key,6.4,588.0,2005,,,,Unknown,48974818.0,True,2000,7,Summer,False
45000000.0,8292,en,6.84109,2005-08-11,92374674.0,109.0,Four Brothers,6.7,617.0,2005,,,,Unknown,47374674.0,True,2000,8,Summer,False
,501,en,8.535339,2005-08-12,,103.0,Grizzly Man,7.3,213.0,2005,,,,Unknown,,,2000,8,Summer,
26000000.0,6957,en,11.519662,2005-08-11,109449237.0,116.0,The 40 Year Old Virgin,6.2,2020.0,2005,,,,Unknown,83449237.0,True,2000,8,Summer,False
26000000.0,11460,en,6.336927,2005-08-04,57891803.0,85.0,Red Eye,6.2,471.0,2005,,,,Unknown,31891803.0,True,2000,8,Summer,False
13200000.0,19404,hi,34.457024,1995-10-20,100000000.0,190.0,Dilwale Dulhania Le Jayenge,9.1,661.0,1995,,,,Unknown,86800000.0,True,1990,10,Fall,False
,445,fr,5.69586,2005-05-02,36000000.0,117.0,Caché,7.0,228.0,2005,,,,Unknown,,,2000,5,Spring,False
,9564,fr,8.150265,1999-02-01,1644060.0,109.0,Asterix & Obelix Take on Caesar,5.9,409.0,1999,,,,Unknown,,,1990,2,Winter,False
35000000.0,14175,en,11.836827,2005-03-25,19478106.0,76.0,Valiant,5.2,239.0,2005,,,,Unknown,-15521894.0,False,2000,3,Spring,False
88000000.0,4442,en,15.66148,2005-08-26,105316267.0,118.0,The Brothers Grimm,5.6,847.0,2005,,,,Unknown,17316267.0,True,2000,8,Summer,False
30000000.0,9042,en,8.077253,2005-08-25,15007991.0,97.0,The Cave,5.2,204.0,2005,,,,Unknown,-14992009.0,False,2000,8,Summer,False
25000000.0,1985,en,11.556484,2005-08-31,82466670.0,129.0,The Constant Gardener,6.9,428.0,2005,,,,Unknown,57466670.0,True,2000,8,Summer,False
32000000.0,9335,en,11.359659,2005-08-02,85167639.0,87.0,Transporter 2,6.2,1076.0,2005,,,,Unknown,53167639.0,True,2000,8,Summer,False
58000000.0,9007,en,8.351773,2005-09-16,102854431.0,95.0,Just Like Heaven,6.5,595.0,2005,,,,Unknown,44854431.0,True,2000,9,Fall,False
20000000.0,9777,en,7.983902,2005-09-05,7535331.0,100.0,Proof,6.2,182.0,2005,,,,Unknown,-12464669.0,False,2000,9,Fall,False
42000000.0,1830,en,8.745216,2005-09-16,24127895.0,122.0,Lord of War,7.0,1356.0,2005,,,,Unknown,-17872105.0,False,2000,9,Fall,False
1000000.0,10092,en,9.454335,2005-09-16,10047674.0,90.0,Cry_Wolf,5.6,127.0,2005,,,,Unknown,9047674.0,True,2000,9,Fall,False
7000000.0,340,en,7.738924,2005-09-16,2697930.0,106.0,Everything is Illuminated,7.4,251.0,2005,,,,Unknown,-4302070.0,False,2000,9,Fall,False
,65215,en,6.365552,2005-07-23,,88.0,Family Guy Presents Stewie Griffin: The Untold Story,7.0,113.0,2005,,,,Unknown,,,2000,7,Summer,
,11636,cn,14.177645,2004-09-23,,123.0,New Police Story,7.0,176.0,2004,,,,Unknown,,,2000,9,Fall,
60000000.0,8814,en,11.953553,2005-10-20,55987321.0,105.0,Doom,5.0,619.0,2005,,,,Unknown,-4012679.0,False,2000,10,Fall,False
50000000.0,9923,en,6.394143,2005-09-22,22944502.0,127.0,Domino,6.0,450.0,2005,,,,Unknown,-27055498.0,False,2000,9,Fall,False
3000000.0,7553,en,5.054419,2005-10-07,18637690.0,94.0,Waiting...,6.2,241.0,2005,,,,Unknown,15637690.0,True,2000,10,Fall,False
62000000.0,8202,en,12.201912,2005-11-30,52304001.0,93.0,Æon Flux,5.4,717.0,2005,,,,Unknown,-9695999.0,False,2000,11,Fall,False
30000000.0,1947,en,7.761954,2005-09-09,18618284.0,108.0,An Unfinished Life,6.7,165.0,2005,,,,Unknown,-11381716.0,False,2000,9,Fall,False
,9074,en,11.127884,2005-09-08,12382362.0,83.0,The Man,5.4,137.0,2005,,,,Unknown,,,2000,9,Fall,False
19000000.0,8643,en,10.966015,2005-09-09,144216468.0,122.0,The Exorcism of Emily Rose,6.3,675.0,2005,,,,Unknown,125216468.0,True,2000,9,Fall,False
55000000.0,9315,en,12.419851,2005-09-22,223387299.0,98.0,Flightplan,6.1,796.0,2005,,,,Unknown,168387299.0,True,2000,9,Fall,False
40000000.0,3933,en,12.920032,2005-09-09,117195061.0,77.0,Corpse Bride,7.2,1957.0,2005,,,,Unknown,77195061.0,True,2000,9,Fall,False
,8923,en,7.772618,2005-09-09,3154346.0,109.0,Green Street Hooligans,7.1,652.0,2005,,,,Unknown,,,2000,9,Fall,False
32000000.0,59,en,11.119707,2005-09-23,60740827.0,96.0,A History of Violence,6.9,850.0,2005,,,,Unknown,28740827.0,True,2000,9,Fall,False
50000000.0,257,en,12.369935,2005-09-23,42093706.0,130.0,Oliver Twist,6.7,283.0,2005,,,,Unknown,-7906294.0,False,2000,9,Fall,False
25000000.0,15487,en,6.969342,2005-09-30,15431177.0,120.0,The Greatest Game Ever Played,6.9,112.0,2005,,,,Unknown,-9568823.0,False,2000,9,Fall,False
7000000.0,398,en,6.01272,2005-09-30,49084830.0,114.0,Capote,6.9,394.0,2005,,,,Unknown,42084830.0,True,2000,9,Fall,False
,647,ja,15.260291,2005-07-14,,101.0,Final Fantasy VII: Advent Children,6.7,290.0,2005,,,,Unknown,,,2000,7,Summer,
50000000.0,11968,en,10.022102,2005-09-30,44434439.0,110.0,Into the Blue,5.8,466.0,2005,,,,Unknown,-5565561.0,False,2000,9,Fall,False
4000000.0,14517,en,5.354783,2005-01-25,866999.0,101.0,Mirrormask,6.6,107.0,2005,,,,Unknown,-3133001.0,False,2000,1,Winter,False
30000000.0,533,en,11.766244,2005-09-04,192452832.0,85.0,The Curse of the Were-Rabbit,6.8,660.0,2005,,,,Unknown,162452832.0,True,2000,9,Fall,False
15000000.0,5236,en,11.76054,2005-09-05,15785148.0,103.0,Kiss Kiss Bang Bang,7.2,900.0,2005,,,,Unknown,785148.0,True,2000,9,Fall,False
,11344,ko,10.237072,2005-03-31,,120.0,A Bittersweet Life,7.5,170.0,2005,,,,Unknown,,,2000,3,Spring,
30000000.0,9763,en,9.783762,2005-06-06,27610873.0,118.0,Goal!: The Dream Begins,6.6,244.0,2005,,,,Unknown,-2389127.0,False,2000,6,Summer,False
1000000.0,15058,en,6.66323,2004-01-20,,89.0,Speak,6.7,144.0,2004,,,,Unknown,,,2000,1,Winter,
2700000.0,10017,en,7.657918,1986-11-21,3500000.0,93.0,The Wraith,5.9,109.0,1986,,,,Unknown,800000.0,True,1980,11,Fall,False
,11931,en,8.63229,2005-10-07,83073883.0,130.0,In Her Shoes,6.0,446.0,2005,,,,Unknown,,,2000,10,Fall,False
1500000.0,10707,en,10.952762,2005-10-05,11098131.0,81.0,The Squid and the Whale,6.9,229.0,2005,,,,Unknown,9598131.0,True,2000,10,Fall,False
35000000.0,9910,en,9.003792,2005-10-07,30526509.0,122.0,Two for the Money,5.9,156.0,2005,,,,Unknown,-4473491.0,False,2000,10,Fall,False
14000000.0,142,en,11.787044,2005-09-02,178043761.0,134.0,Brokeback Mountain,7.5,1531.0,2005,,,,Unknown,164043761.0,True,2000,9,Fall,False
57000000.0,9621,en,11.82081,2005-10-06,52034889.0,123.0,Elizabethtown,6.1,335.0,2005,,,,Unknown,-4965111.0,False,2000,10,Fall,False
35000000.0,9701,en,8.781298,2005-02-12,25224242.0,126.0,North Country,6.9,127.0,2005,,,,Unknown,-9775758.0,False,2000,2,Winter,False
7000000.0,3291,en,7.523098,2005-09-16,54600000.0,93.0,"Good Night, and Good Luck.",6.8,274.0,2005,,,,Unknown,47600000.0,True,2000,9,Fall,False
2000000.0,16608,en,9.387212,2005-10-06,5048693.0,104.0,The Proposition,7.1,221.0,2005,,,,Unknown,3048693.0,True,2000,10,Fall,False
18000000.0,791,en,9.929809,2005-10-14,46201432.0,100.0,The Fog,3.8,191.0,2005,,,,Unknown,28201432.0,True,2000,10,Fall,False
50000000.0,8066,en,6.572049,2005-09-24,8342132.0,99.0,Stay,6.5,346.0,2005,,,,Unknown,-41657868.0,False,2000,9,Fall,False
75000000.0,1656,en,8.940007,2005-10-24,142400065.0,129.0,The Legend of Zorro,5.9,909.0,2005,,,,Unknown,67400065.0,True,2000,10,Fall,False
20000000.0,6963,en,8.345866,2005-10-20,12482775.0,101.0,The Weather Man,6.0,292.0,2005,,,,Unknown,-7517225.0,False,2000,10,Fall,False
4000000.0,215,en,15.399863,2005-10-28,152925093.0,92.0,Saw II,6.3,1288.0,2005,,,,Unknown,148925093.0,True,2000,10,Fall,False
,2313,en,6.916209,2005-09-21,,102.0,Prime,5.7,268.0,2005,,,,Unknown,,,2000,9,Fall,
10000000.0,8274,en,8.67163,2005-10-30,,94.0,American Pie Presents: Band Camp,5.3,553.0,2005,,,,Unknown,,,2000,10,Fall,
,10851,en,5.654983,2005-09-11,,115.0,Revolver,6.3,415.0,2005,,,,Unknown,,,2000,9,Fall,
72000000.0,25,en,9.997032,2005-11-04,96889998.0,125.0,Jarhead,6.6,776.0,2005,,,,Unknown,24889998.0,True,2000,11,Fall,False
150000000.0,9982,en,18.584609,2005-11-04,314432665.0,81.0,Chicken Little,5.6,974.0,2005,,,,Unknown,164432665.0,True,2000,11,Fall,True
,12877,en,12.655746,2004-09-29,,90.0,Dead Man's Shoes,7.2,155.0,2004,,,,Unknown,,,2000,9,Fall,
22000000.0,11661,fr,7.846226,2005-11-09,17709155.0,116.0,Joyeux Noël,7.2,216.0,2005,,,,Unknown,-4290845.0,False,2000,11,Fall,False
40000000.0,10060,en,9.820229,2005-11-09,46442528.0,117.0,Get Rich or Die Tryin',6.3,188.0,2005,,,,Unknown,6442528.0,True,2000,11,Fall,False
,10033,en,8.208492,2005-11-23,50817508.0,96.0,Just Friends,5.9,424.0,2005,,,,Unknown,,,2000,11,Fall,False
50000000.0,231,en,5.768575,2005-11-23,94000000.0,128.0,Syriana,6.3,455.0,2005,,,,Unknown,44000000.0,True,2000,11,Fall,False
22000000.0,8999,en,10.600475,2005-11-11,57479076.0,108.0,Derailed,6.1,322.0,2005,,,,Unknown,35479076.0,True,2000,11,Fall,False
,8555,en,5.604026,2004-08-10,,85.0,Creep,5.5,136.0,2004,,,,Unknown,,,2000,8,Summer,
28000000.0,4348,en,14.439083,2005-09-16,121147947.0,135.0,Pride & Prejudice,7.8,1406.0,2005,,,,Unknown,93147947.0,True,2000,9,Fall,False
1000000.0,9885,en,7.483385,2005-01-01,27762648.0,99.0,Wolf Creek,6.1,288.0,2005,,,,Unknown,26762648.0,True,2000,1,Winter,False
,9392,en,8.794041,2005-07-08,,99.0,The Descent,6.9,1029.0,2005,,,,Unknown,,,2000,7,Summer,
150000000.0,674,en,24.903058,2005-11-05,895921036.0,157.0,Harry Potter and the Goblet of Fire,7.5,5758.0,2005,,,,Unknown,745921036.0,True,2000,11,Fall,True
28000000.0,69,en,11.476443,2005-09-13,186438883.0,136.0,Walk the Line,7.3,732.0,2005,,,,Unknown,158438883.0,True,2000,9,Fall,False
40000000.0,1833,en,9.530278,2005-11-23,31670620.0,135.0,Rent,6.7,159.0,2005,,,,Unknown,-8329380.0,False,2000,11,Fall,False
65000000.0,6795,en,10.695639,2005-11-06,64321501.0,101.0,Zathura: A Space Adventure,6.1,808.0,2005,,,,Unknown,-678499.0,False,2000,11,Fall,False
,11421,fr,6.844818,2005-05-27,,127.0,CRAZY,7.4,142.0,2005,,,,Unknown,,,2000,5,Spring,
45000000.0,13499,en,10.238422,2005-11-23,72028752.0,90.0,"Yours, Mine & Ours",5.7,233.0,2005,,,,Unknown,27028752.0,True,2000,11,Fall,False
,7548,en,4.451619,2004-09-16,,114.0,The Libertine,5.9,128.0,2004,,,,Unknown,,,2000,9,Fall,
15000000.0,116,en,9.020372,2005-10-26,85306374.0,124.0,Match Point,7.2,1134.0,2005,,,,Unknown,70306374.0,True,2000,10,Fall,False
180000000.0,411,en,18.13542,2005-12-07,748806957.0,143.0,"The Chronicles of Narnia: The Lion, the Witch and the Wardrobe",6.7,2709.0,2005,,,,Unknown,568806957.0,True,2000,12,Winter,True
207000000.0,254,en,19.761164,2005-12-14,550000000.0,187.0,King Kong,6.6,2403.0,2005,,,,Unknown,343000000.0,True,2000,12,Winter,True
85000000.0,1904,en,7.680762,2005-12-06,162242962.0,145.0,Memoirs of a Geisha,7.3,670.0,2005,,,,Unknown,77242962.0,True,2000,12,Winter,False
,9043,en,7.041967,2005-12-14,,103.0,The Family Stone,6.1,256.0,2005,,,,Unknown,,,2000,12,Winter,
10000000.0,9515,en,3.867472,2005-05-12,17297244.0,96.0,The Matador,6.2,137.0,2005,,,,Unknown,7297244.0,True,2000,5,Spring,False
,8290,fr,7.727202,1966-12-07,,132.0,Don't Look Now: We're Being Shot At,7.8,234.0,1966,,,,Unknown,,,1960,12,Winter,
15000000.0,8053,en,9.117934,2005-11-17,12036149.0,121.0,The Three Burials of Melquiades Estrada,7.0,180.0,2005,,,,Unknown,-2963851.0,False,2000,11,Fall,False
70000000.0,612,en,9.668761,2005-12-22,130358911.0,164.0,Munich,7.0,706.0,2005,,,,Unknown,60358911.0,True,2000,12,Winter,False
45000000.0,9899,en,5.037224,2005-12-25,38058335.0,134.0,The Producers,6.1,153.0,2005,,,,Unknown,-6941665.0,False,2000,12,Winter,False
1000000.0,546,en,7.398205,2005-12-23,13350369.0,103.0,Transamerica,6.9,149.0,2005,,,,Unknown,12350369.0,True,2000,12,Winter,False
70000000.0,2800,en,6.158212,2005-12-23,88933562.0,97.0,Rumor Has It...,5.3,309.0,2005,,,,Unknown,18933562.0,True,2000,12,Winter,False
60000000.0,9641,en,7.101422,2005-12-21,129181830.0,94.0,Cheaper by the Dozen 2,5.8,542.0,2005,,,,Unknown,69181830.0,True,2000,12,Winter,False
100000000.0,7552,en,13.473381,2005-12-21,202026112.0,90.0,Fun with Dick and Jane,5.9,639.0,2005,,,,Unknown,102026112.0,True,2000,12,Winter,False
,9927,en,9.605509,2005-12-23,40442437.0,94.0,The Ringer,5.6,110.0,2005,,,,Unknown,,,2000,12,Winter,False
,9681,en,11.568302,2005-12-25,37691644.0,112.0,Casanova,6.2,219.0,2005,,,,Unknown,,,2000,12,Winter,False
169000.0,9687,en,5.742659,2005-12-02,18564702.0,103.0,Keeping Mum,6.5,165.0,2005,,,,Unknown,18395702.0,True,2000,12,Winter,False
,6935,en,7.165551,2001-04-04,,90.0,Yamakasi,5.8,140.0,2001,,,,Unknown,,,2000,4,Spring,
30000000.0,11400,en,7.694502,2005-12-25,30536013.0,135.0,The New World,6.4,336.0,2005,,,,Unknown,536013.0,True,2000,12,Winter,False
,4550,ko,7.400261,2005-07-29,23803308.0,115.0,Sympathy for Lady Vengeance,7.4,362.0,2005,,,,Unknown,,,2000,7,Summer,False
12000000.0,10045,fr,7.594102,2004-11-09,9584131.0,84.0,District B13,6.5,572.0,2004,,,,Unknown,-2415869.0,False,2000,11,Fall,False
25000000.0,168705,en,6.514132,2005-10-22,2405420.0,95.0,BloodRayne,3.6,120.0,2005,,,,Unknown,-22594580.0,False,2000,10,Fall,False
4800000.0,1690,en,12.093928,2005-01-06,80578934.0,94.0,Hostel,5.7,913.0,2005,,,,Unknown,75778934.0,True,2000,1,Winter,False
,9900,en,6.741159,2006-01-06,6538177.0,94.0,Grandma's Boy,6.6,222.0,2006,,,,Unknown,,,2000,1,Winter,False
31000000.0,9044,en,15.672195,2006-04-07,28000000.0,125.0,Tristan & Isolde,6.4,240.0,2006,,,,Unknown,-3000000.0,False,2000,4,Spring,False
,9918,en,5.244654,2006-01-13,42647449.0,118.0,Glory Road,7.2,145.0,2006,,,,Unknown,,,2000,1,Winter,False
45000000.0,17379,en,5.53836,2006-01-13,38399961.0,112.0,Last Holiday,6.4,123.0,2006,,,,Unknown,-6600039.0,False,2000,1,Winter,False
15000000.0,10982,en,6.398984,2005-12-16,51053787.0,80.0,Hoodwinked!,6.0,491.0,2005,,,,Unknown,36053787.0,True,2000,12,Winter,False
50000000.0,834,en,12.496805,2006-01-12,111340801.0,106.0,Underworld: Evolution,6.4,1548.0,2006,,,,Unknown,61340801.0,True,2000,1,Winter,False
,16553,en,9.394353,2005-09-30,1117920.0,84.0,Little Manhattan,6.9,181.0,2005,,,,Unknown,,,2000,9,Fall,False
,2117,de,4.972236,2005-02-13,,117.0,Sophie Scholl: The Final Days,7.1,109.0,2005,,,,Unknown,,,2000,2,Winter,
25000000.0,9912,en,5.581311,2005-10-12,,127.0,The World's Fastest Indian,7.3,168.0,2005,,,,Unknown,,,2000,10,Fall,
35000000.0,1969,es,19.294832,2006-01-18,10496317.0,93.0,Bandidas,5.8,319.0,2006,,,,Unknown,-24503683.0,False,2000,1,Winter,False
,11183,fr,5.021867,1978-11-01,,105.0,French Fried Vacation,6.6,191.0,1978,,,,Unknown,,,1970,11,Fall,
40000000.0,11565,en,7.622875,2006-01-26,138259062.0,99.0,Big Momma's House 2,5.4,376.0,2006,,,,Unknown,98259062.0,True,2000,1,Winter,False
25000000.0,11283,en,9.806554,2005-10-21,122489822.0,97.0,Nanny McPhee,6.4,742.0,2005,,,,Unknown,97489822.0,True,2000,10,Fall,False
25000000.0,9286,en,11.872997,2006-02-10,117719158.0,93.0,Final Destination 3,5.8,1000.0,2006,,,,Unknown,92719158.0,True,2000,2,Winter,False
,1544,en,6.008971,2005-02-01,2455831.0,93.0,Imagine Me & You,7.0,181.0,2005,,,,Unknown,,,2000,2,Winter,False
,12096,en,10.520501,2006-01-18,,93.0,The Pink Panther,5.6,570.0,2006,,,,Unknown,,,2000,1,Winter,
50000000.0,9975,en,12.602502,2006-02-10,69834815.0,86.0,Curious George,6.1,109.0,2006,,,,Unknown,19834815.0,True,2000,2,Winter,False
45000000.0,9754,en,6.500892,2006-02-10,82800000.0,105.0,Firewall,5.6,270.0,2006,,,,Unknown,37800000.0,True,2000,2,Winter,False
15000000.0,10053,en,5.149058,2006-02-03,66966987.0,87.0,When a Stranger Calls,5.4,273.0,2006,,,,Unknown,51966987.0,True,2000,2,Winter,False
40000000.0,9036,en,13.876881,2006-02-17,120455994.0,120.0,Eight Below,6.7,553.0,2006,,,,Unknown,80455994.0,True,2000,2,Winter,False
20000000.0,10073,en,5.682129,2006-02-17,48548426.0,83.0,Date Movie,3.6,225.0,2006,,,,Unknown,28548426.0,True,2000,2,Winter,False
17000000.0,7304,en,7.435544,2006-01-06,9500000.0,122.0,Running Scared,7.0,332.0,2006,,,,Unknown,-7500000.0,False,2000,1,Winter,False
30000000.0,9920,en,11.096655,2006-03-03,31070211.0,87.0,Ultraviolet,4.8,468.0,2006,,,,Unknown,1070211.0,True,2000,3,Spring,False
28000000.0,10025,en,6.053567,2006-05-12,38159905.0,103.0,Just My Luck,5.8,512.0,2006,,,,Unknown,10159905.0,True,2000,5,Spring,False
38000000.0,9682,en,10.307277,2006-08-11,29907685.0,90.0,Pulse,5.0,154.0,2006,,,,Unknown,-8092315.0,False,2000,8,Summer,False
55000000.0,2207,en,11.887779,2006-03-01,65664721.0,105.0,16 Blocks,6.2,675.0,2006,,,,Unknown,10664721.0,True,2000,3,Spring,False
50000000.0,6877,en,9.438013,2006-03-10,128406887.0,97.0,Failure to Launch,5.5,407.0,2006,,,,Unknown,78406887.0,True,2000,3,Spring,False
80000000.0,950,en,16.646029,2006-03-23,660940780.0,91.0,Ice Age: The Meltdown,6.5,3034.0,2006,,,,Unknown,580940780.0,True,2000,3,Spring,True
54000000.0,752,en,20.214422,2006-03-15,132511035.0,132.0,V for Vendetta,7.7,4562.0,2006,,,,Unknown,78511035.0,True,2000,3,Spring,False
20000000.0,9655,en,6.916201,2006-03-17,33889159.0,105.0,She's the Man,6.4,691.0,2006,,,,Unknown,13889159.0,True,2000,3,Spring,False
6500000.0,9388,en,9.369527,2005-09-05,24793509.0,92.0,Thank You for Smoking,7.1,670.0,2005,,,,Unknown,18293509.0,True,2000,9,Fall,False
13000000.0,9950,en,15.295949,2006-03-16,2636637.0,125.0,Find Me Guilty,6.5,139.0,2006,,,,Unknown,-10363363.0,False,2000,3,Spring,False
45000000.0,388,en,13.393548,2006-03-23,184376254.0,129.0,Inside Man,7.3,1671.0,2006,,,,Unknown,139376254.0,True,2000,3,Spring,False
12000000.0,14191,en,11.29062,2006-03-03,23006849.0,104.0,Aquamarine,5.8,372.0,2006,,,,Unknown,11006849.0,True,2000,3,Spring,False
15000000.0,9792,en,18.960549,2006-03-10,69623713.0,107.0,The Hills Have Eyes,6.1,726.0,2006,,,,Unknown,54623713.0,True,2000,3,Spring,False
50000000.0,10067,en,4.878907,2006-03-09,61112916.0,98.0,The Shaggy Dog,4.5,138.0,2006,,,,Unknown,11112916.0,True,2000,3,Spring,False
2000000.0,582,de,9.02255,2006-03-15,70000000.0,137.0,The Lives of Others,7.9,977.0,2006,,,,Unknown,68000000.0,True,2000,3,Spring,False
30000000.0,12763,en,5.364459,2006-03-17,34742066.0,108.0,Take the Lead,6.6,171.0,2006,,,,Unknown,4742066.0,True,2000,3,Spring,False
27000000.0,186,en,11.15092,2006-02-24,56308881.0,110.0,Lucky Number Slevin,7.4,1356.0,2006,,,,Unknown,29308881.0,True,2000,2,Winter,False
12899867.0,219,es,6.302926,2006-03-16,85582407.0,121.0,Volver,7.3,419.0,2006,,,,Unknown,72682540.0,True,2000,3,Spring,False
9000000.0,10069,en,4.854551,2006-03-24,27105095.0,100.0,Stay Alive,5.3,157.0,2006,,,,Unknown,18105095.0,True,2000,3,Spring,False
70000000.0,3093,en,15.321902,2006-03-29,38629478.0,114.0,Basic Instinct 2,4.6,183.0,2006,,,,Unknown,-31370522.0,False,2000,3,Spring,False
475000.0,9270,en,9.00314,2005-01-30,3919254.0,110.0,Brick,6.8,366.0,2005,,,,Unknown,3444254.0,True,2000,1,Winter,False
,16070,en,5.205826,2006-01-26,302179.0,98.0,This Film Is Not Yet Rated,7.3,118.0,2006,,,,Unknown,,,2000,1,Winter,False
,11348,en,4.641868,2005-10-14,,101.0,Fragile,6.0,137.0,2005,,,,Unknown,,,2000,10,Fall,
15500000.0,9035,en,10.375,2006-03-31,,95.0,Slither,6.3,324.0,2006,,,,Unknown,,,2000,3,Spring,
,9957,en,10.318021,2006-04-07,,80.0,The Benchwarmers,5.2,248.0,2006,,,,Unknown,,,2000,4,Spring,
6500000.0,8998,en,8.869162,2006-09-07,13368437.0,88.0,Friends with Money,5.1,132.0,2006,,,,Unknown,6868437.0,True,2000,9,Fall,False
,4441,en,4.772204,2006-02-15,2077763.0,116.0,Candy,7.0,152.0,2006,,,,Unknown,,,2000,2,Winter,False
45000000.0,4257,en,13.096692,2006-04-13,178262620.0,83.0,Scary Movie 4,5.3,779.0,2006,,,,Unknown,133262620.0,True,2000,4,Spring,False
950000.0,2652,en,9.62025,2005-01-14,7022209.0,103.0,Hard Candy,6.8,726.0,2005,,,,Unknown,6072209.0,True,2000,1,Winter,False
,17111,th,7.933786,2004-09-09,,97.0,Shutter,6.8,180.0,2004,,,,Unknown,,,2000,9,Fall,
60000000.0,5820,en,12.915358,2006-04-19,77920346.0,108.0,The Sentinel,5.8,230.0,2006,,,,Unknown,17920346.0,True,2000,4,Spring,False
80000000.0,9904,en,7.904333,2006-03-06,37384046.0,94.0,The Wild,5.1,246.0,2006,,,,Unknown,-42615954.0,False,2000,3,Spring,False
50000000.0,588,en,7.938457,2006-04-21,97607453.0,125.0,Silent Hill,6.3,1093.0,2006,,,,Unknown,47607453.0,True,2000,4,Spring,False
6000000.0,8982,th,9.005167,2005-08-11,27165581.0,108.0,The Protector,6.8,171.0,2005,,,,Unknown,21165581.0,True,2000,8,Summer,False
150000000.0,956,en,15.687983,2006-05-03,397850012.0,126.0,Mission: Impossible III,6.5,2062.0,2006,,,,Unknown,247850012.0,True,2000,5,Spring,True
50000000.0,9530,en,11.511424,2006-04-28,87528173.0,99.0,RV,5.6,503.0,2006,,,,Unknown,37528173.0,True,2000,4,Spring,False
15000000.0,9829,en,10.527141,2006-04-28,76286096.0,111.0,United 93,6.9,377.0,2006,,,,Unknown,61286096.0,True,2000,4,Spring,False
,10115,en,7.255225,2006-04-21,,105.0,Stick It,6.3,153.0,2006,,,,Unknown,,,2000,4,Spring,
,10008,en,5.026855,2005-05-05,,83.0,An American Haunting,5.3,143.0,2005,,,,Unknown,,,2000,5,Spring,
80000000.0,7518,en,9.382953,2006-04-22,343397247.0,83.0,Over the Hedge,6.3,1116.0,2006,,,,Unknown,263397247.0,True,2000,4,Spring,True
160000000.0,503,en,6.581669,2006-05-12,181674817.0,99.0,Poseidon,5.5,594.0,2006,,,,Unknown,21674817.0,True,2000,5,Spring,False
125000000.0,591,en,18.566706,2006-05-17,767820459.0,149.0,The Da Vinci Code,6.5,2773.0,2006,,,,Unknown,642820459.0,True,2000,5,Spring,True
210000000.0,36668,en,0.867943,2006-05-24,459359555.0,104.0,X-Men: The Last Stand,6.3,3581.0,2006,,,,Unknown,249359555.0,True,2000,5,Spring,True
52000000.0,9767,en,6.327193,2006-06-01,204999686.0,106.0,The Break-Up,5.6,851.0,2006,,,,Unknown,152999686.0,True,2000,6,Summer,False
120000000.0,920,en,18.907948,2006-06-08,461983149.0,117.0,Cars,6.6,3991.0,2006,,,,Unknown,341983149.0,True,2000,6,Summer,True
25000000.0,806,en,5.670679,2006-06-06,119188334.0,110.0,The Omen,5.3,287.0,2006,,,,Unknown,94188334.0,True,2000,6,Summer,False
32000000.0,9353,en,12.042646,2006-06-16,80197993.0,92.0,Nacho Libre,5.6,368.0,2006,,,,Unknown,48197993.0,True,2000,6,Summer,False
40000000.0,2044,en,12.589019,2006-06-16,114830111.0,99.0,The Lake House,6.5,689.0,2006,,,,Unknown,74830111.0,True,2000,6,Summer,False
82500000.0,9339,en,9.796552,2006-06-22,237681299.0,107.0,Click,6.0,2167.0,2006,,,,Unknown,155181299.0,True,2000,6,Summer,False
35000000.0,350,en,13.102384,2006-06-30,326551094.0,109.0,The Devil Wears Prada,7.0,3198.0,2006,,,,Unknown,291551094.0,True,2000,6,Summer,True
200000000.0,58,en,29.455314,2006-06-20,1065659812.0,151.0,Pirates of the Caribbean: Dead Man's Chest,7.0,5380.0,2006,,,,Unknown,865659812.0,True,2000,6,Summer,True
54000000.0,1819,en,8.570085,2006-07-14,130431368.0,108.0,"You, Me and Dupree",5.4,421.0,2006,,,,Unknown,76431368.0,True,2000,7,Summer,False
5000000.0,2295,en,8.466725,2006-05-25,26888376.0,97.0,Clerks II,6.9,407.0,2006,,,,Unknown,21888376.0,True,2000,5,Spring,False
75000000.0,9697,en,8.704554,2006-07-21,42285169.0,110.0,Lady in the Water,5.3,415.0,2006,,,,Unknown,-32714831.0,False,2000,7,Summer,False
,4474,en,12.819565,2006-06-20,60896147.0,95.0,My Super Ex-Girlfriend,4.8,453.0,2006,,,,Unknown,,,2000,6,Summer,False
8000000.0,10007,en,5.659608,2006-05-19,,84.0,See No Evil,4.8,146.0,2006,,,,Unknown,,,2000,5,Spring,
40000000.0,1887,en,8.852557,2006-05-24,60474340.0,123.0,Marie Antoinette,6.5,662.0,2006,,,,Unknown,20474340.0,True,2000,5,Spring,False
1000000.0,1781,en,6.684925,2006-01-24,46243000.0,100.0,An Inconvenient Truth,6.7,257.0,2006,,,,Unknown,45243000.0,True,2000,1,Winter,False
4200000.0,10947,en,10.187478,2006-01-20,,98.0,High School Musical,6.1,1048.0,2006,,,,Unknown,,,2000,1,Winter,
,7549,zh,6.187094,2006-01-26,6971266.0,103.0,Fearless,7.3,396.0,2006,,,,Unknown,,,2000,1,Winter,False
85000000.0,9615,en,2.238808,2006-06-03,158468292.0,104.0,The Fast and the Furious: Tokyo Drift,6.1,1749.0,2006,,,,Unknown,73468292.0,True,2000,6,Summer,False
,9513,en,7.217377,2006-06-15,141702264.0,78.0,Garfield: A Tail of Two Kitties,5.1,477.0,2006,,,,Unknown,,,2000,6,Summer,False
270000000.0,1452,en,13.284712,2006-06-28,391081192.0,154.0,Superman Returns,5.4,1429.0,2006,,,,Unknown,121081192.0,True,2000,6,Summer,True
8000000.0,773,en,5.320117,2006-07-26,100523181.0,102.0,Little Miss Sunshine,7.5,1728.0,2006,,,,Unknown,92523181.0,True,2000,7,Summer,False
25000000.0,1164,en,12.60853,2006-09-08,135330182.0,143.0,Babel,6.9,1083.0,2006,,,,Unknown,110330182.0,True,2000,9,Fall,False
,15383,fr,7.872569,1969-09-10,741766.0,145.0,Army of Shadows,7.8,117.0,1969,,,,Unknown,,,1960,9,Fall,False
64000000.0,9072,en,7.067602,2006-08-31,101595121.0,98.0,Little Man,5.3,269.0,2006,,,,Unknown,37595121.0,True,2000,8,Summer,False
75000000.0,9297,en,15.402378,2006-07-21,140175006.0,91.0,Monster House,6.3,912.0,2006,,,,Unknown,65175006.0,True,2000,7,Summer,False
33000000.0,326,en,7.418574,2006-08-06,62022014.0,105.0,Snakes on a Plane,5.1,504.0,2006,,,,Unknown,29022014.0,True,2000,8,Summer,False
4000000.0,512,en,8.16339,2006-07-27,31584901.0,96.0,Scoop,6.4,435.0,2006,,,,Unknown,27584901.0,True,2000,7,Summer,False
72500000.0,9718,en,6.936688,2006-08-04,162966177.0,116.0,Talladega Nights: The Ballad of Ricky Bobby,6.2,497.0,2006,,,,Unknown,90466177.0,True,2000,8,Summer,False
110000000.0,1593,en,16.661966,2006-10-20,574480841.0,108.0,Night at the Museum,6.4,2949.0,2006,,,,Unknown,464480841.0,True,2000,10,Fall,True
63000000.0,1852,en,13.332102,2006-08-09,162945894.0,128.0,World Trade Center,5.9,461.0,2006,,,,Unknown,99945894.0,True,2000,8,Summer,False
30000000.0,1262,en,10.798092,2006-09-09,53653224.0,113.0,Stranger Than Fiction,7.1,743.0,2006,,,,Unknown,23653224.0,True,2000,9,Fall,False
135000000.0,82,en,11.72545,2006-07-27,163794509.0,134.0,Miami Vice,5.7,494.0,2006,,,,Unknown,28794509.0,True,2000,7,Summer,False
55000000.0,1402,en,20.981716,2006-12-14,307077295.0,117.0,The Pursuit of Happyness,7.7,2607.0,2006,,,,Unknown,252077295.0,True,2000,12,Winter,True
18000000.0,9293,en,7.810301,2006-07-27,41009669.0,87.0,John Tucker Must Die,5.9,375.0,2006,,,,Unknown,23009669.0,True,2000,7,Summer,False
50000000.0,9906,en,7.000272,2006-07-27,55181129.0,88.0,The Ant Bully,5.5,375.0,2006,,,,Unknown,5181129.0,True,2000,7,Summer,False
12000000.0,1948,en,12.627593,2006-08-31,42931041.0,88.0,Crank,6.6,1172.0,2006,,,,Unknown,30931041.0,True,2000,8,Summer,False
20000000.0,5289,en,9.51795,2005-01-17,10289.0,106.0,Chaos,6.1,278.0,2005,,,,Unknown,-19989711.0,False,2000,1,Winter,False
51000000.0,9907,en,6.984949,2006-08-04,72779000.0,90.0,Barnyard,5.3,230.0,2006,,,,Unknown,21779000.0,True,2000,8,Summer,False
12000000.0,9762,en,14.21769,2006-08-11,114194847.0,104.0,Step Up,6.7,1092.0,2006,,,,Unknown,102194847.0,True,2000,8,Summer,False
35000000.0,14113,en,11.967444,2006-08-11,12506188.0,83.0,Zoom,4.9,140.0,2006,,,,Unknown,-22493812.0,False,2000,8,Summer,False
700000.0,7859,en,12.155115,2006-08-11,4911725.0,107.0,Half Nelson,6.5,243.0,2006,,,,Unknown,4211725.0,True,2000,8,Summer,False
12000000.0,11559,en,6.796465,2005-09-09,566611.0,120.0,Tideland,6.3,147.0,2005,,,,Unknown,-11433389.0,False,2000,9,Fall,False
3700000.0,1023,da,6.044534,2005-04-15,,94.0,Adam's Apples,7.4,190.0,2005,,,,Unknown,,,2000,4,Spring,
,10118,en,4.581577,2006-08-18,11449638.0,97.0,Material Girls,4.8,149.0,2006,,,,Unknown,,,2000,8,Summer,False
23000000.0,9788,en,7.06088,2006-08-18,38505009.0,93.0,Accepted,6.2,412.0,2006,,,,Unknown,15505009.0,True,2000,8,Summer,False
,11689,it,9.351042,1977-04-01,,110.0,Crime Busters,6.8,123.0,1977,,,,Unknown,,,1970,4,Spring,
40000000.0,1491,en,11.494009,2006-08-18,86915017.0,110.0,The Illusionist,7.1,1657.0,2006,,,,Unknown,46915017.0,True,2000,8,Summer,False
15000000.0,1165,en,7.904371,2006-09-15,123384128.0,103.0,The Queen,6.8,344.0,2006,,,,Unknown,108384128.0,True,2000,9,Fall,False
,7291,fr,12.727685,2004-11-24,,111.0,36th Precinct,6.7,115.0,2004,,,,Unknown,,,2000,11,Fall,
17500000.0,9988,en,7.481125,2006-08-25,19179969.0,110.0,Beerfest,5.8,173.0,2006,,,,Unknown,1679969.0,True,2000,8,Summer,False
,11652,en,9.794881,2006-08-25,57806952.0,105.0,Invincible,6.7,230.0,2006,,,,Unknown,,,2000,8,Summer,False
15000000.0,11227,fr,5.512501,2005-12-21,,91.0,Angel-A,6.8,172.0,2005,,,,Unknown,,,2000,12,Winter,
40000000.0,9708,en,9.423256,2006-09-01,38755073.0,102.0,The Wicker Man,4.0,355.0,2006,,,,Unknown,-1244927.0,False,2000,9,Fall,False
6500000.0,1116,en,6.752524,2006-06-23,22889018.0,124.0,The Wind That Shakes the Barley,7.1,155.0,2006,,,,Unknown,16389018.0,True,2000,6,Summer,False
,5072,en,9.632547,2006-05-19,,96.0,Severance,6.4,169.0,2006,,,,Unknown,,,2000,5,Spring,
,1249,en,7.464981,2006-08-31,16803753.0,126.0,Hollywoodland,6.1,101.0,2006,,,,Unknown,,,2000,8,Summer,False
20000000.0,9954,en,12.72212,2006-09-08,37597471.0,97.0,The Covenant,5.2,295.0,2006,,,,Unknown,17597471.0,True,2000,9,Fall,False
20000000.0,7511,en,9.996541,2006-09-10,,115.0,The Last Kiss,5.9,125.0,2006,,,,Unknown,,,2000,9,Fall,
30000000.0,7512,en,12.130803,2006-09-01,495303.0,84.0,Idiocracy,6.3,681.0,2006,,,,Unknown,-29504697.0,False,2000,9,Fall,False
,1776,en,4.886956,2006-09-15,,87.0,Jesus Camp,6.6,119.0,2006,,,,Unknown,,,2000,9,Fall,
35000000.0,10846,it,5.524817,2005-10-14,,114.0,The Tiger and the Snow,6.9,110.0,2005,,,,Unknown,,,2000,10,Fall,
35000000.0,1381,en,11.577121,2006-09-06,15304890.0,96.0,The Fountain,6.8,852.0,2006,,,,Unknown,-19695110.0,False,2000,9,Fall,False
,15097,en,7.985398,1994-03-09,,93.0,Fear City: A Family-Style Comedy,7.7,193.0,1994,,,,Unknown,,,1990,3,Spring,
6000000.0,300,fr,10.603991,2006-02-11,9524340.0,105.0,The Science of Sleep,6.8,253.0,2006,,,,Unknown,3524340.0,True,2000,2,Winter,False
50000000.0,9676,en,6.506572,2006-09-15,49111202.0,121.0,The Black Dahlia,5.7,292.0,2006,,,,Unknown,-888798.0,False,2000,9,Fall,False
30000000.0,9766,en,5.025475,2006-09-15,41480851.0,125.0,Gridiron Gang,6.6,210.0,2006,,,,Unknown,11480851.0,True,2000,9,Fall,False
40000000.0,1579,en,7.735233,2006-12-07,120175290.0,139.0,Apocalypto,7.3,1252.0,2006,,,,Unknown,80175290.0,True,2000,12,Winter,False
60000000.0,9664,en,5.460942,2006-09-22,17800000.0,140.0,Flyboys,6.3,274.0,2006,,,,Unknown,-42200000.0,False,2000,9,Fall,False
11000000.0,12094,en,7.915368,2006-09-22,72778712.0,95.0,Jackass Number Two,6.4,306.0,2006,,,,Unknown,61778712.0,True,2000,9,Fall,False
,15997,en,8.98856,1994-12-12,,73.0,The Land Before Time II: The Great Valley Adventure,6.1,126.0,1994,,,,Unknown,,,1990,12,Winter,
18000000.0,496,en,8.278336,2006-11-01,261572744.0,82.0,Borat: Cultural Learnings of America for Make Benefit Glorious Nation of Kazakhstan,6.5,1617.0,2006,,,,Unknown,243572744.0,True,2000,11,Fall,False
19000000.0,1417,es,26.817754,2006-05-27,83258226.0,118.0,Pan's Labyrinth,7.6,3122.0,2006,,,,Unknown,64258226.0,True,2000,5,Spring,False
70000000.0,4643,en,10.031817,2006-09-28,55011732.0,139.0,The Guardian,6.8,394.0,2006,,,,Unknown,-14988268.0,False,2000,9,Fall,False
85000000.0,7484,en,11.744242,2006-09-29,197309027.0,83.0,Open Season,6.1,676.0,2006,,,,Unknown,112309027.0,True,2000,9,Fall,False
20000000.0,9842,en,10.725567,2006-09-29,17807569.0,100.0,School for Scoundrels,5.6,112.0,2006,,,,Unknown,-2192431.0,False,2000,9,Fall,False
90000000.0,1422,en,18.515448,2006-10-05,289847354.0,151.0,The Departed,7.9,4455.0,2006,,,,Unknown,199847354.0,True,2000,10,Fall,True
16000000.0,10781,en,10.516112,2006-10-06,,91.0,The Texas Chainsaw Massacre: The Beginning,5.9,412.0,2006,,,,Unknown,,,2000,10,Fall,
12000000.0,9794,en,8.596352,2006-10-06,38368909.0,103.0,Employee of the Month,5.4,156.0,2006,,,,Unknown,26368909.0,True,2000,10,Fall,False
40000000.0,9978,en,8.778999,2006-07-21,23937870.0,93.0,Stormbreaker,5.1,219.0,2006,,,,Unknown,-16062130.0,False,2000,7,Summer,False
20000000.0,1975,en,6.768804,2006-10-13,39143839.0,102.0,The Grudge 2,5.3,288.0,2006,,,,Unknown,19143839.0,True,2000,10,Fall,False
20000000.0,9895,en,7.018483,2006-10-09,41237648.0,115.0,Man of the Year,5.8,129.0,2006,,,,Unknown,21237648.0,True,2000,10,Fall,False
20000000.0,8975,en,6.679168,2006-10-13,22165608.0,92.0,The Marine,5.0,165.0,2006,,,,Unknown,2165608.0,True,2000,10,Fall,False
,10070,en,7.888988,2005-10-14,658573.0,95.0,Feast,6.1,162.0,2005,,,,Unknown,,,2000,10,Fall,False
26000000.0,1440,en,7.311148,2006-10-06,14821658.0,136.0,Little Children,6.9,243.0,2006,,,,Unknown,-11178342.0,False,2000,10,Fall,False
6000000.0,1523,en,9.424157,2006-09-01,48027970.0,121.0,The Last King of Scotland,7.4,568.0,2006,,,,Unknown,42027970.0,True,2000,9,Fall,False
2000000.0,1378,en,11.547748,2006-05-20,5179037.0,101.0,Shortbus,6.3,141.0,2006,,,,Unknown,3179037.0,True,2000,5,Spring,False
76000000.0,9693,en,14.114606,2006-09-22,69959751.0,109.0,Children of Men,7.4,2120.0,2006,,,,Unknown,-6040249.0,False,2000,9,Fall,False
40000000.0,1124,en,16.94556,2006-10-19,109676311.0,130.0,The Prestige,8.0,4510.0,2006,,,,Unknown,69676311.0,True,2000,10,Fall,False
90000000.0,3683,en,9.224494,2006-10-18,65900249.0,132.0,Flags of Our Fathers,6.7,532.0,2006,,,,Unknown,-24099751.0,False,2000,10,Fall,False
10000000.0,214,en,14.938035,2006-10-27,163876815.0,108.0,Saw III,6.1,1104.0,2006,,,,Unknown,153876815.0,True,2000,10,Fall,False
,14620,en,5.776666,2006-10-10,,95.0,The Butterfly Effect 2,4.6,255.0,2006,,,,Unknown,,,2000,10,Fall,
149000000.0,11619,en,9.922577,2006-10-22,64459316.0,85.0,Flushed Away,6.0,909.0,2006,,,,Unknown,-84540684.0,False,2000,10,Fall,False
50000000.0,1427,en,10.297304,2006-09-13,132180323.0,147.0,Perfume: The Story of a Murderer,7.1,1198.0,2006,,,,Unknown,82180323.0,True,2000,9,Fall,False
12000000.0,13767,en,6.829528,2006-11-01,84500122.0,98.0,The Santa Clause 3: The Escape Clause,5.0,241.0,2006,,,,Unknown,72500122.0,True,2000,11,Fall,False
35000000.0,9726,en,7.82187,2006-09-09,42064105.0,118.0,A Good Year,6.5,360.0,2006,,,,Unknown,7064105.0,True,2000,9,Fall,False
150000000.0,36557,en,23.065078,2006-11-14,599045960.0,144.0,Casino Royale,7.3,3930.0,2006,,,,Unknown,449045960.0,True,2000,11,Fall,True
100000000.0,9836,en,15.088318,2006-11-16,384335608.0,108.0,Happy Feet,5.9,1457.0,2006,,,,Unknown,284335608.0,True,2000,11,Fall,True
75000000.0,7551,en,14.922904,2006-11-22,180557550.0,126.0,Déjà Vu,6.6,1519.0,2006,,,,Unknown,105557550.0,True,2000,11,Fall,False
,10741,en,9.614816,2006-09-05,,120.0,Bobby,6.4,120.0,2006,,,,Unknown,,,2000,9,Fall,
,9969,en,5.162761,2006-11-22,47231070.0,93.0,Deck the Halls,5.1,109.0,2006,,,,Unknown,,,2000,11,Fall,False
85000000.0,1581,en,14.043416,2006-12-08,194168700.0,136.0,The Holiday,6.7,1259.0,2006,,,,Unknown,109168700.0,True,2000,12,Winter,False
2000000.0,7873,en,7.659357,2005-09-11,5967038.0,120.0,Harsh Times,6.3,198.0,2005,,,,Unknown,3967038.0,True,2000,9,Fall,False
,8324,en,5.397239,2006-05-16,,116.0,Fast Food Nation,5.9,101.0,2006,,,,Unknown,,,2000,5,Spring,
22000000.0,2179,en,7.98193,2006-11-22,13405595.0,93.0,Tenacious D in The Pick of Destiny,6.5,419.0,2006,,,,Unknown,-8594405.0,False,2000,11,Fall,False
,15152,fr,6.926251,2006-04-05,,99.0,"OSS 117: Cairo, Nest of Spies",7.2,342.0,2006,,,,Unknown,,,2000,4,Spring,
,10032,en,5.985236,2006-12-01,6086508.0,97.0,Van Wilder 2: The Rise of Taj,5.1,162.0,2006,,,,Unknown,,,2000,12,Winter,False
10000000.0,9796,en,11.951258,2006-12-01,,93.0,Turistas,5.3,197.0,2006,,,,Unknown,,,2000,12,Winter,
100000000.0,1372,en,12.477872,2006-12-07,170877916.0,143.0,Blood Diamond,7.4,2344.0,2006,,,,Unknown,70877916.0,True,2000,12,Winter,False
85000000.0,9986,en,10.254314,2006-12-15,144000000.0,97.0,Charlotte's Web,5.8,300.0,2006,,,,Unknown,59000000.0,True,2000,12,Winter,False
100000000.0,2486,en,9.851133,2006-12-14,249288105.0,104.0,Eragon,4.9,990.0,2006,,,,Unknown,149288105.0,True,2000,12,Winter,False
24000000.0,1246,en,11.697604,2006-12-20,155721132.0,102.0,Rocky Balboa,6.5,858.0,2006,,,,Unknown,131721132.0,True,2000,12,Winter,False
19400000.0,14202,en,11.370183,2006-12-09,,125.0,The Painted Veil,7.1,319.0,2006,,,,Unknown,,,2000,12,Winter,
65000000.0,11170,en,5.401746,2006-12-12,43545364.0,124.0,We Are Marshall,6.7,189.0,2006,,,,Unknown,-21454636.0,False,2000,12,Winter,False
,12924,ja,6.74453,2004-11-20,,91.0,The Place Promised in Our Early Days,6.9,108.0,2004,,,,Unknown,,,2000,11,Fall,
85000000.0,1247,en,11.057536,2006-12-11,59908565.0,167.0,The Good Shepherd,6.3,342.0,2006,,,,Unknown,-25091435.0,False,2000,12,Winter,False
70000000.0,1125,en,7.739633,2006-12-25,154937680.0,134.0,Dreamgirls,6.6,292.0,2006,,,,Unknown,84937680.0,True,2000,12,Winter,False
21000000.0,1646,en,13.585233,2007-01-05,41170784.0,123.0,Freedom Writers,7.6,368.0,2007,,,,Unknown,20170784.0,True,2000,1,Winter,False
,1730,en,6.610774,2006-09-06,849055.0,180.0,INLAND EMPIRE,7.1,249.0,2006,,,,Unknown,,,2000,9,Fall,False
15000000.0,1259,en,8.593087,2006-12-25,49469904.0,92.0,Notes on a Scandal,6.9,239.0,2006,,,,Unknown,34469904.0,True,2000,12,Winter,False
21000000.0,9053,en,5.756379,2006-09-07,480314.0,87.0,DOA: Dead or Alive,5.0,207.0,2006,,,,Unknown,-20519686.0,False,2000,9,Fall,False
19000000.0,1251,en,11.649588,2006-12-19,68673228.0,141.0,Letters from Iwo Jima,7.2,553.0,2006,,,,Unknown,49673228.0,True,2000,12,Winter,False
9000000.0,9656,en,7.888302,2006-12-25,21510851.0,84.0,Black Christmas,4.8,119.0,2006,,,,Unknown,12510851.0,True,2000,12,Winter,False
47000000.0,5393,en,13.139893,2006-09-14,38085778.0,75.0,Happily N'Ever After,4.6,108.0,2006,,,,Unknown,-8914222.0,False,2000,9,Fall,False
30000000.0,13967,en,8.599342,2006-12-03,35078241.0,92.0,Miss Potter,6.3,143.0,2006,,,,Unknown,5078241.0,True,2000,12,Winter,False
86000000.0,9992,en,11.621534,2006-12-13,107944236.0,94.0,Arthur and the Invisibles,6.0,663.0,2006,,,,Unknown,21944236.0,True,2000,12,Winter,False
,8275,en,8.152676,2006-12-07,,97.0,American Pie Presents: The Naked Mile,5.3,507.0,2006,,,,Unknown,,,2000,12,Winter,
,7457,en,7.655603,2006-01-27,15309302.0,122.0,Alpha Dog,6.6,463.0,2006,,,,Unknown,,,2000,1,Winter,False
10000000.0,8398,en,7.160967,2007-01-19,25399945.0,84.0,The Hitcher,5.6,253.0,2007,,,,Unknown,15399945.0,True,2000,1,Winter,False
,3549,da,5.099115,2006-02-24,,124.0,After the Wedding,7.2,102.0,2006,,,,Unknown,,,2000,2,Winter,
60000000.0,1265,en,8.460206,2007-02-16,137587063.0,96.0,Bridge to Terabithia,7.0,1146.0,2007,,,,Unknown,77587063.0,True,2000,2,Winter,False
,25623,ja,4.321776,1977-08-26,,88.0,House,7.1,117.0,1977,,,,Unknown,,,1970,8,Summer,
2000000.0,10758,en,11.276024,2007-05-25,22179430.0,108.0,Waitress,6.6,132.0,2007,,,,Unknown,20179430.0,True,2000,5,Spring,False
25000000.0,13668,en,5.953413,2006-10-20,16158487.0,111.0,Catch and Release,5.8,109.0,2006,,,,Unknown,-8841513.0,False,2000,10,Fall,False
17000000.0,7516,en,7.906434,2006-12-09,57103895.0,109.0,Smokin' Aces,6.4,541.0,2006,,,,Unknown,40103895.0,True,2000,12,Winter,False
20000000.0,9760,en,5.549609,2007-01-25,86865564.0,86.0,Epic Movie,3.2,334.0,2007,,,,Unknown,66865564.0,True,2000,1,Winter,False
16000000.0,9966,en,9.629399,2007-02-02,1109660.0,90.0,The Messengers,5.6,216.0,2007,,,,Unknown,-14890340.0,False,2000,2,Winter,False
,1257,en,14.764607,2007-02-02,69485490.0,102.0,Because I Said So,5.8,194.0,2007,,,,Unknown,,,2000,2,Winter,False
50000000.0,1248,en,2.159558,2007-02-06,82169884.0,121.0,Hannibal Rising,6.0,666.0,2007,,,,Unknown,32169884.0,True,2000,2,Winter,False
60000000.0,9757,en,7.667874,2007-02-08,95673607.0,101.0,Norbit,5.0,434.0,2007,,,,Unknown,35673607.0,True,2000,2,Winter,False
150000000.0,2062,en,20.50803,2007-06-22,623722818.0,111.0,Ratatouille,7.5,4510.0,2007,,,,Unknown,473722818.0,True,2000,6,Summer,True
13000000.0,2266,fr,6.980486,2006-05-16,4857367.0,120.0,"Paris, je t'aime",6.7,213.0,2006,,,,Unknown,-8142633.0,False,2000,5,Spring,False
13000000.0,5172,en,6.862146,2006-10-15,11130889.0,104.0,The Astronaut Farmer,6.2,124.0,2006,,,,Unknown,-1869111.0,False,2000,10,Fall,False
15500000.0,37725,en,8.960677,2006-12-26,7385434.0,95.0,It's a Boy Girl Thing,6.3,279.0,2006,,,,Unknown,-8114566.0,False,2000,12,Winter,False
3700000.0,9828,en,13.505066,2006-11-03,3338228.0,98.0,Unknown,6.4,116.0,2006,,,,Unknown,-361772.0,False,2000,11,Fall,False
110000000.0,1250,en,11.902354,2007-02-16,228738393.0,114.0,Ghost Rider,5.2,1754.0,2007,,,,Unknown,118738393.0,True,2000,2,Winter,False
,4169,en,6.885359,2007-02-12,33231264.0,110.0,Breach,6.5,174.0,2007,,,,Unknown,,,2000,2,Winter,False
40000000.0,11172,en,7.196688,2007-02-09,145896422.0,96.0,Music and Lyrics,6.2,569.0,2007,,,,Unknown,105896422.0,True,2000,2,Winter,False
30000000.0,3594,en,8.140941,2007-02-23,77566815.0,101.0,The Number 23,6.3,1045.0,2007,,,,Unknown,47566815.0,True,2000,2,Winter,False
15000000.0,7874,en,7.050403,2006-12-08,10903846.0,116.0,Black Snake Moan,6.6,247.0,2006,,,,Unknown,-4096154.0,False,2000,12,Winter,False
12000000.0,4638,en,13.535195,2007-02-14,80573774.0,121.0,Hot Fuzz,7.4,2252.0,2007,,,,Unknown,68573774.0,True,2000,2,Winter,False
,24653,it,5.298931,2004-09-24,,100.0,The Consequences of Love,7.6,125.0,2004,,,,Unknown,,,2000,9,Fall,
70000000.0,1738,en,9.41746,2007-04-24,76066841.0,96.0,Next,5.9,880.0,2007,,,,Unknown,6066841.0,True,2000,4,Spring,False
818418.0,14375,en,4.387586,2005-09-30,4851244.0,152.0,Romanzo criminale,7.3,112.0,2005,,,,Unknown,4032826.0,True,2000,9,Fall,False
65000000.0,1949,en,19.083823,2007-03-02,84785914.0,157.0,Zodiac,7.3,2080.0,2007,,,,Unknown,19785914.0,True,2000,3,Spring,False
,11199,en,11.356011,2007-03-02,253625427.0,100.0,Wild Hogs,5.7,666.0,2007,,,,Unknown,,,2000,3,Spring,False
,8965,en,7.751536,2003-02-25,,70.0,Atlantis: Milo's Return,5.4,166.0,2003,,,,Unknown,,,2000,2,Winter,
65000000.0,1271,en,18.108408,2006-12-09,422610419.0,117.0,300,7.0,5092.0,2006,,,,Unknown,357610419.0,True,2000,12,Winter,True
,2267,en,6.183051,2007-02-09,27297451.0,94.0,The Last Mimzy,5.9,116.0,2007,,,,Unknown,,,2000,2,Winter,False
,6691,fr,6.18064,2006-12-13,2036198.0,104.0,Priceless,6.4,215.0,2006,,,,Unknown,,,2000,12,Winter,False
11000000.0,1255,ko,9.386916,2006-07-27,88489643.0,119.0,The Host,6.7,546.0,2006,,,,Unknown,77489643.0,True,2000,7,Summer,False
16500000.0,2977,en,7.829737,2007-03-02,37311672.0,120.0,Becoming Jane,6.9,325.0,2007,,,,Unknown,20811672.0,True,2000,3,Spring,False
20000000.0,9963,en,10.163764,2007-02-08,84146832.0,96.0,Premonition,5.8,391.0,2007,,,,Unknown,64146832.0,True,2000,2,Winter,False
20000000.0,14001,en,10.763622,2007-03-16,22217407.0,89.0,Dead Silence,6.2,533.0,2007,,,,Unknown,2217407.0,True,2000,3,Spring,False
20000000.0,2355,en,10.027137,2007-03-23,22222308.0,124.0,Reign Over Me,7.1,340.0,2007,,,,Unknown,2222308.0,True,2000,3,Spring,False
61000000.0,7485,en,14.246918,2007-03-22,95696996.0,124.0,Shooter,6.9,1495.0,2007,,,,Unknown,34696996.0,True,2000,3,Spring,False
15000000.0,9793,en,5.559312,2007-03-22,,89.0,The Hills Have Eyes 2,5.2,355.0,2007,,,,Unknown,,,2000,3,Spring,
34000000.0,1273,en,11.358363,2007-03-23,95608995.0,90.0,TMNT,6.0,349.0,2007,,,,Unknown,61608995.0,True,2000,3,Spring,False
21000000.0,9075,nl,7.440511,2006-09-01,26193068.0,145.0,Black Book,7.2,288.0,2006,,,,Unknown,5193068.0,True,2000,9,Fall,False
16000000.0,8270,en,12.153493,2007-03-09,5367030.0,99.0,The Lookout,6.6,209.0,2007,,,,Unknown,-10632970.0,False,2000,3,Spring,False
53000000.0,9955,en,5.956794,2007-03-30,,93.0,Blades of Glory,5.9,578.0,2007,,,,Unknown,,,2000,3,Spring,
,10172,en,6.370205,2007-04-04,,92.0,Are We Done Yet?,5.1,152.0,2007,,,,Unknown,,,2000,4,Spring,
40000000.0,1683,en,9.825841,2007-04-05,62771059.0,99.0,The Reaping,5.4,209.0,2007,,,,Unknown,22771059.0,True,2000,4,Spring,False
150000000.0,1267,en,10.529576,2007-03-23,169332978.0,95.0,Meet the Robinsons,6.7,787.0,2007,,,,Unknown,19332978.0,True,2000,3,Spring,False
18000000.0,13249,en,5.034585,2006-09-13,1196307.0,115.0,Seraphim Falls,6.4,147.0,2006,,,,Unknown,-16803693.0,False,2000,9,Fall,False
50000000.0,1272,en,12.715571,2007-04-05,32017803.0,107.0,Sunshine,7.0,1210.0,2007,,,,Unknown,-17982197.0,False,2000,4,Spring,False
50000000.0,11515,en,5.91265,2006-11-08,9448082.0,114.0,Goya's Ghosts,6.6,100.0,2006,,,,Unknown,-40551918.0,False,2000,11,Fall,False
60795000.0,7183,en,9.925255,2007-04-12,73090611.0,109.0,Perfect Stranger,5.4,242.0,2007,,,,Unknown,12295611.0,True,2000,4,Spring,False
20000000.0,8271,en,18.006896,2007-04-12,117760134.0,105.0,Disturbia,6.6,1038.0,2007,,,,Unknown,97760134.0,True,2000,4,Spring,False
45000000.0,1534,en,11.101549,2007-01-11,30822861.0,99.0,Pathfinder,5.4,173.0,2007,,,,Unknown,-14177139.0,False,2000,1,Winter,False
,1407,fr,11.710507,2007-02-08,,140.0,La Vie en Rose,7.3,433.0,2007,,,,Unknown,,,2000,2,Winter,
25000000.0,1441,en,5.615957,2006-04-05,5549200.0,96.0,The Contract,5.5,152.0,2006,,,,Unknown,-19450800.0,False,2000,4,Spring,False
,6145,en,10.113628,2007-04-20,91354215.0,113.0,Fracture,7.1,908.0,2007,,,,Unknown,,,2000,4,Spring,False
,9843,en,11.802069,2006-12-01,,86.0,Big Nothing,6.5,130.0,2006,,,,Unknown,,,2000,12,Winter,
19000000.0,10294,en,7.712309,2007-04-20,35300645.0,80.0,Vacancy,6.0,406.0,2007,,,,Unknown,16300645.0,True,2000,4,Spring,False
10000000.0,13067,en,9.351276,2007-04-16,17500000.0,97.0,In the Land of Women,5.8,163.0,2007,,,,Unknown,7500000.0,True,2000,4,Spring,False
25000000.0,1268,en,10.19853,2007-03-22,229736344.0,90.0,Mr. Bean's Holiday,6.1,682.0,2007,,,,Unknown,204736344.0,True,2000,3,Spring,False
30000000.0,9785,en,6.097503,2007-04-27,26810113.0,102.0,The Invisible,6.0,148.0,2007,,,,Unknown,-3189887.0,False,2000,4,Spring,False
,14636,en,12.256231,2007-04-27,8642858.0,113.0,The Condemned,5.8,219.0,2007,,,,Unknown,,,2000,4,Spring,False
258000000.0,559,en,27.614265,2007-05-01,890871626.0,139.0,Spider-Man 3,5.9,3687.0,2007,,,,Unknown,632871626.0,True,2000,5,Spring,True
22000000.0,37933,ja,9.409701,2006-07-29,68000000.0,115.0,Tales from Earthsea,6.5,278.0,2006,,,,Unknown,46000000.0,True,2000,7,Summer,False
,4977,ja,7.128022,2006-10-01,944915.0,90.0,Paprika,7.7,416.0,2006,,,,Unknown,,,2000,10,Fall,False
4200000.0,2269,ru,7.42908,2006-01-01,38862717.0,132.0,Day Watch,6.2,170.0,2006,,,,Unknown,34662717.0,True,2000,1,Winter,False
2380000.0,11798,en,2.514638,2006-09-12,8176544.0,101.0,This Is England,7.4,370.0,2006,,,,Unknown,5796544.0,True,2000,9,Fall,False
30000000.0,4964,en,9.058516,2007-06-01,219076518.0,129.0,Knocked Up,6.2,1255.0,2007,,,,Unknown,189076518.0,True,2000,6,Summer,False
50000000.0,2976,en,7.768045,2007-07-13,90450008.0,117.0,Hairspray,6.5,738.0,2007,,,,Unknown,40450008.0,True,2000,7,Summer,False
15000000.0,1562,en,12.884191,2007-04-26,64238440.0,100.0,28 Weeks Later,6.5,1225.0,2007,,,,Unknown,49238440.0,True,2000,4,Spring,False
20000000.0,13159,en,7.281643,2007-05-11,,113.0,Georgia Rule,5.6,130.0,2007,,,,Unknown,,,2000,5,Spring,
160000000.0,810,en,14.072479,2007-05-17,798958165.0,93.0,Shrek the Third,6.0,2355.0,2007,,,,Unknown,638958165.0,True,2000,5,Spring,True
160000.0,5723,en,10.357064,2007-03-23,20710513.0,85.0,Once,7.4,457.0,2007,,,,Unknown,20550513.0,True,2000,3,Spring,False
300000000.0,285,en,31.363664,2007-05-19,961000000.0,169.0,Pirates of the Caribbean: At World's End,6.9,4627.0,2007,,,,Unknown,661000000.0,True,2000,5,Spring,True
4000000.0,12526,en,5.911303,2006-05-19,8059140.0,102.0,Bug,6.0,167.0,2006,,,,Unknown,4059140.0,True,2000,5,Spring,False
20000000.0,3432,en,7.423812,2007-06-01,41637263.0,120.0,Mr. Brooks,6.8,543.0,2007,,,,Unknown,21637263.0,True,2000,6,Summer,False
,14208,en,12.49401,2006-10-09,,92.0,The Librarian: Return to King Solomon's Mines,5.8,123.0,2006,,,,Unknown,,,2000,10,Fall,
,14207,en,6.992152,2004-12-05,,106.0,The Librarian: Quest for the Spear,6.0,173.0,2004,,,,Unknown,,,2000,12,Winter,
,5488,ko,4.369975,2006-12-07,4354510.0,105.0,"I'm a Cyborg, But That's OK",7.1,126.0,2006,,,,Unknown,,,2000,12,Winter,False
30000000.0,3489,en,8.552967,2007-02-14,16930884.0,108.0,88 Minutes,5.7,323.0,2007,,,,Unknown,-13069116.0,False,2000,2,Winter,False
,12225,en,10.158533,2006-09-10,2294291.0,102.0,Cashback,6.8,369.0,2006,,,,Unknown,,,2000,9,Fall,False
85000000.0,298,en,12.16276,2007-06-07,311312624.0,122.0,Ocean's Thirteen,6.5,2040.0,2007,,,,Unknown,226312624.0,True,2000,6,Summer,True
,10832,fr,4.692506,2006-07-19,,77.0,Them,6.1,147.0,2006,,,,Unknown,,,2000,7,Summer,
10200000.0,1691,en,8.916747,2007-06-08,35619521.0,93.0,Hostel: Part II,5.6,464.0,2007,,,,Unknown,25419521.0,True,2000,6,Summer,False
,1990,en,6.198003,2007-05-21,486021.0,85.0,Paranoid Park,6.3,126.0,2007,,,,Unknown,,,2000,5,Spring,False
85000000.0,9408,en,11.526339,2007-06-08,149044513.0,85.0,Surf's Up,5.9,616.0,2007,,,,Unknown,64044513.0,True,2000,6,Summer,False
130000000.0,1979,en,12.924254,2007-06-13,289047763.0,92.0,Fantastic 4: Rise of the Silver Surfer,5.4,2648.0,2007,,,,Unknown,159047763.0,True,2000,6,Summer,True
,14043,en,5.172308,2007-06-15,,99.0,Nancy Drew,5.8,146.0,2007,,,,Unknown,,,2000,6,Summer,
8000000.0,10288,en,5.284805,2006-09-07,426224.0,91.0,Fido,6.6,137.0,2006,,,,Unknown,-7573776.0,False,2000,9,Fall,False
25000000.0,1991,en,13.412137,2007-05-21,25037897.0,113.0,Death Proof,6.7,1359.0,2007,,,,Unknown,37897.0,True,2000,5,Spring,False
10000000.0,9952,en,9.604564,2006-09-09,7177143.0,126.0,Rescue Dawn,6.9,339.0,2006,,,,Unknown,-2822857.0,False,2000,9,Fall,False
,21427,en,7.696023,2006-03-29,29326868.0,85.0,The Valet,6.0,131.0,2006,,,,Unknown,,,2000,3,Spring,False
,11211,en,0.316359,2006-08-08,,99.0,Bring It On: All or Nothing,5.8,152.0,2006,,,,Unknown,,,2000,8,Summer,
230400.0,9815,en,4.59233,2007-02-09,,115.0,Goal! II: Living the Dream,5.8,147.0,2007,,,,Unknown,,,2000,2,Winter,
9000000.0,2359,en,6.766086,2007-05-18,24538513.0,123.0,Sicko,7.3,241.0,2007,,,,Unknown,15538513.0,True,2000,5,Spring,False
25000000.0,3021,en,9.196884,2007-07-12,94679598.0,104.0,1408,6.5,1372.0,2007,,,,Unknown,69679598.0,True,2000,7,Summer,False
110000000.0,1571,en,14.886039,2007-06-20,383531464.0,128.0,Live Free or Die Hard,6.4,2122.0,2007,,,,Unknown,273531464.0,True,2000,6,Summer,True
35000000.0,2959,en,7.102076,2007-07-04,69307224.0,91.0,License to Wed,5.3,258.0,2007,,,,Unknown,34307224.0,True,2000,7,Summer,False
175000000.0,2698,en,9.156877,2007-06-09,173000000.0,96.0,Evan Almighty,5.3,1194.0,2007,,,,Unknown,-2000000.0,False,2000,6,Summer,False
150000000.0,1858,en,5.587707,2007-06-27,709709780.0,144.0,Transformers,6.6,4113.0,2007,,,,Unknown,559709780.0,True,2000,6,Summer,True
17000000.0,14125,en,8.687797,2007-03-09,2626800.0,96.0,Captivity,4.4,134.0,2007,,,,Unknown,-14373200.0,False,2000,3,Spring,False
150000000.0,675,en,21.3643,2007-06-28,938212738.0,138.0,Harry Potter and the Order of the Phoenix,7.4,5633.0,2007,,,,Unknown,788212738.0,True,2000,6,Summer,True
85000000.0,3563,en,6.645799,2007-07-12,186072214.0,115.0,I Now Pronounce You Chuck & Larry,5.8,640.0,2007,,,,Unknown,101072214.0,True,2000,7,Summer,False
,4688,en,9.161581,2007-09-14,,133.0,Across the Universe,7.1,419.0,2007,,,,Unknown,,,2000,9,Fall,
,10074,en,6.117846,2007-08-03,14334401.0,88.0,Hot Rod,6.3,317.0,2007,,,,Unknown,,,2000,8,Summer,False
70000000.0,2270,en,14.784525,2007-08-09,135560026.0,127.0,Stardust,7.2,1215.0,2007,,,,Unknown,65560026.0,True,2000,8,Summer,False
75000000.0,35,en,14.302911,2007-07-25,527068851.0,87.0,The Simpsons Movie,6.9,2335.0,2007,,,,Unknown,452068851.0,True,2000,7,Summer,True
28000000.0,3638,en,9.672317,2007-07-25,92601050.0,104.0,No Reservations,6.1,336.0,2007,,,,Unknown,64601050.0,True,2000,7,Summer,False
,6589,en,7.674338,2007-08-03,,84.0,Underdog,4.7,171.0,2007,,,,Unknown,,,2000,8,Summer,
12000000.0,8669,en,6.135652,2008-02-22,,97.0,Charlie Bartlett,6.5,228.0,2008,,,,Unknown,,,2000,2,Winter,
70000000.0,2503,en,18.173269,2007-08-03,442824138.0,115.0,The Bourne Ultimatum,7.3,2938.0,2007,,,,Unknown,372824138.0,True,2000,8,Summer,True
,10795,fr,10.239074,2006-11-01,,131.0,Tell No One,7.4,350.0,2006,,,,Unknown,,,2000,11,Fall,
20000000.0,8363,en,16.205105,2007-08-17,121463226.0,113.0,Superbad,7.0,2152.0,2007,,,,Unknown,101463226.0,True,2000,8,Summer,False
,17350,fr,5.079756,2005-01-01,,98.0,The Brice Man,5.5,335.0,2005,,,,Unknown,,,2000,1,Winter,
140000000.0,5174,en,9.718111,2007-08-08,258022233.0,91.0,Rush Hour 3,6.1,801.0,2007,,,,Unknown,118022233.0,True,2000,8,Summer,False
67000000.0,9703,en,8.920545,2007-04-19,25303038.0,102.0,The Last Legion,5.0,210.0,2007,,,,Unknown,-41696962.0,False,2000,4,Spring,False
,9750,en,5.325766,2007-08-29,41098065.0,90.0,Balls of Fury,5.0,164.0,2007,,,,Unknown,,,2000,8,Summer,False
16500000.0,10760,en,6.463883,2007-09-21,13620075.0,108.0,Sydney White,6.0,242.0,2007,,,,Unknown,-2879925.0,False,2000,9,Fall,False
70000000.0,4349,en,13.842333,2007-08-22,86658558.0,110.0,The Kingdom,6.5,517.0,2007,,,,Unknown,16658558.0,True,2000,8,Summer,False
80000000.0,4858,en,5.228837,2007-08-17,15071514.0,99.0,The Invasion,5.7,366.0,2007,,,,Unknown,-64928486.0,False,2000,8,Summer,False
25000000.0,10431,en,12.077833,2007-08-24,40452643.0,103.0,War,6.0,422.0,2007,,,,Unknown,15452643.0,True,2000,8,Summer,False
20000000.0,12435,en,6.764056,2007-08-24,47738099.0,106.0,The Nanny Diaries,6.1,335.0,2007,,,,Unknown,27738099.0,True,2000,8,Summer,False
15000000.0,2082,en,11.607678,2007-08-31,80253908.0,109.0,Halloween,5.9,510.0,2007,,,,Unknown,65253908.0,True,2000,8,Summer,False
20000000.0,11835,en,6.612175,2007-08-31,16974459.0,105.0,Death Sentence,6.4,303.0,2007,,,,Unknown,-3025541.0,False,2000,8,Summer,False
,1845,en,6.653254,2007-02-09,19776159.0,96.0,2 Days in Paris,6.3,106.0,2007,,,,Unknown,,,2000,2,Winter,False
,13958,en,5.376821,2007-08-17,,79.0,The King of Kong,8.1,148.0,2007,,,,Unknown,,,2000,8,Summer,
,2335,fr,10.442485,2007-02-10,,91.0,Taxi 4,5.4,317.0,2007,,,,Unknown,,,2000,2,Winter,
,10961,en,5.241144,2006-10-13,69136.0,92.0,Behind the Mask: The Rise of Leslie Vernon,6.6,105.0,2006,,,,Unknown,,,2000,10,Fall,False
,12994,en,5.491963,2007-01-21,,100.0,The Nines,6.1,150.0,2007,,,,Unknown,,,2000,1,Winter,
,2882,fr,6.532872,2007-02-10,,97.0,Hunting and Gathering,6.6,125.0,2007,,,,Unknown,,,2000,2,Winter,
,6916,it,5.244333,1974-03-29,36782781.0,102.0,"Watch Out, We're Mad",7.3,154.0,1974,,,,Unknown,,,1970,3,Spring,False
,1992,en,10.370384,2007-04-06,,105.0,Planet Terror,6.5,1109.0,2007,,,,Unknown,,,2000,4,Spring,
55000000.0,5176,en,18.079094,2007-09-06,70016220.0,122.0,3:10 to Yuma,6.9,1210.0,2007,,,,Unknown,15016220.0,True,2000,9,Fall,False
39000000.0,4141,en,7.259086,2007-07-26,26820641.0,86.0,Shoot 'Em Up,6.3,589.0,2007,,,,Unknown,-12179359.0,False,2000,7,Summer,False
30000000.0,4347,en,8.913338,2007-08-29,129266061.0,123.0,Atonement,7.4,1075.0,2007,,,,Unknown,99266061.0,True,2000,8,Summer,False
852510.0,2009,ro,9.990406,2007-08-24,1185783.0,113.0,"4 Months, 3 Weeks and 2 Days",7.4,158.0,2007,,,,Unknown,333273.0,True,2000,8,Summer,False
70000000.0,4413,en,11.8027,2007-09-14,69766619.0,122.0,The Brave One,6.4,258.0,2007,,,,Unknown,-233381.0,False,2000,9,Fall,False
23000000.0,6973,en,9.604552,2007-08-31,29541790.0,124.0,In the Valley of Elah,6.6,265.0,2007,,,,Unknown,6541790.0,True,2000,8,Summer,False
51500000.0,2252,en,9.897909,2007-09-14,55112356.0,100.0,Eastern Promises,7.2,867.0,2007,,,,Unknown,3612356.0,True,2000,9,Fall,False
,6641,en,5.630199,2006-09-09,,91.0,Love and Other Disasters,5.9,104.0,2006,,,,Unknown,,,2000,9,Fall,
22000000.0,10425,en,10.77166,2007-07-23,413454.0,97.0,The Death and Life of Bobby Z,5.8,104.0,2007,,,,Unknown,-21586546.0,False,2000,7,Summer,False
45000000.0,7737,en,3.009134,2007-09-20,148412065.0,94.0,Resident Evil: Extinction,6.1,1308.0,2007,,,,Unknown,103412065.0,True,2000,9,Fall,False
22000000.0,13257,en,9.461012,2007-09-14,,87.0,Mr. Woodcock,4.9,142.0,2007,,,,Unknown,,,2000,9,Fall,
25000000.0,10030,en,7.456047,2007-09-21,59192128.0,101.0,Good Luck Chuck,5.6,454.0,2007,,,,Unknown,34192128.0,True,2000,9,Fall,False
15000000.0,5915,en,15.423538,2007-09-11,56255142.0,148.0,Into the Wild,7.8,3139.0,2007,,,,Unknown,41255142.0,True,2000,9,Fall,False
22000000.0,13680,en,9.627676,2007-09-28,147880543.0,110.0,The Game Plan,6.0,434.0,2007,,,,Unknown,125880543.0,True,2000,9,Fall,False
15000000.0,4588,zh,6.96177,2007-09-28,,156.0,"Lust, Caution",6.8,177.0,2007,,,,Unknown,,,2000,9,Fall,
,2274,en,6.627076,2007-10-05,,94.0,The Seeker: The Dark Is Rising,4.8,111.0,2007,,,,Unknown,,,2000,10,Fall,
60000000.0,9038,en,9.149612,2007-10-05,127766650.0,116.0,The Heartbreak Kid,5.7,414.0,2007,,,,Unknown,67766650.0,True,2000,10,Fall,False
25000000.0,7211,en,8.936547,2007-10-26,68377859.0,98.0,Dan in Real Life,6.5,363.0,2007,,,,Unknown,43377859.0,True,2000,10,Fall,False
16000000.0,4538,en,6.493474,2007-09-29,24377151.0,91.0,The Darjeeling Limited,7.1,876.0,2007,,,,Unknown,8377151.0,True,2000,9,Fall,False
21000000.0,2001,en,7.572144,2007-05-25,54926886.0,117.0,We Own the Night,6.5,327.0,2007,,,,Unknown,33926886.0,True,2000,5,Spring,False
55000000.0,4517,en,7.608243,2007-09-09,74237563.0,114.0,Elizabeth: The Golden Age,6.6,310.0,2007,,,,Unknown,19237563.0,True,2000,9,Fall,False
25000000.0,4566,en,7.857078,2007-09-28,92991835.0,119.0,Michael Clayton,6.6,508.0,2007,,,,Unknown,67991835.0,True,2000,9,Fall,False
,4520,en,7.612498,2007-10-12,342835.0,86.0,Sleuth,6.4,154.0,2007,,,,Unknown,,,2000,10,Fall,False
12000000.0,6615,en,8.025118,2007-10-12,11293663.0,106.0,Lars and the Real Girl,7.1,517.0,2007,,,,Unknown,-706337.0,False,2000,10,Fall,False
30000000.0,4513,en,8.764548,2007-10-17,75505973.0,113.0,30 Days of Night,6.2,784.0,2007,,,,Unknown,45505973.0,True,2000,10,Fall,False
27500000.0,5125,en,13.482558,2007-09-07,24748670.0,120.0,Rendition,6.2,207.0,2007,,,,Unknown,-2751330.0,False,2000,9,Fall,False
19000000.0,4771,en,6.148516,2007-10-19,34619699.0,113.0,Gone Baby Gone,7.2,1034.0,2007,,,,Unknown,15619699.0,True,2000,10,Fall,False
30000000.0,4512,en,10.111313,2007-09-02,14711793.0,160.0,The Assassination of Jesse James by the Coward Robert Ford,7.0,792.0,2007,,,,Unknown,-15288207.0,False,2000,9,Fall,False
7300000.0,2011,fr,9.537501,2007-05-23,,95.0,Persepolis,7.7,461.0,2007,,,,Unknown,,,2000,5,Spring,
,5708,en,8.00969,2007-09-26,8159508.0,121.0,Control,7.5,206.0,2007,,,,Unknown,,,2000,9,Fall,False
,5951,en,10.061477,2007-09-09,,106.0,The Jane Austen Book Club,6.6,121.0,2007,,,,Unknown,,,2000,9,Fall,
,3603,en,7.434577,2006-09-09,4947717.0,87.0,Black Sheep,5.7,201.0,2006,,,,Unknown,,,2000,9,Fall,False
10000000.0,663,en,12.233863,2007-10-25,139352633.0,93.0,Saw IV,5.9,938.0,2007,,,,Unknown,129352633.0,True,2000,10,Fall,False
4000000.0,7347,pt,10.759577,2007-10-12,,115.0,Elite Squad,7.8,519.0,2007,,,,Unknown,,,2000,10,Fall,
,5718,en,13.088825,2007-01-24,1027699.0,93.0,King of California,6.5,104.0,2007,,,,Unknown,,,2000,1,Winter,False
100000000.0,4982,en,9.644542,2007-11-02,266465037.0,157.0,American Gangster,7.4,1527.0,2007,,,,Unknown,166465037.0,True,2000,11,Fall,False
150000000.0,5559,en,8.774374,2007-10-28,287594577.0,91.0,Bee Movie,5.7,1208.0,2007,,,,Unknown,137594577.0,True,2000,10,Fall,True
18000000.0,7972,en,9.309967,2007-09-26,25005257.0,117.0,Before the Devil Knows You're Dead,6.9,359.0,2007,,,,Unknown,7005257.0,True,2000,9,Fall,False
14000000.0,2013,fr,11.090265,2007-05-22,19777647.0,112.0,The Diving Bell and the Butterfly,7.5,290.0,2007,,,,Unknown,5777647.0,True,2000,5,Spring,False
25000000.0,6977,en,15.565484,2007-11-08,171600000.0,122.0,No Country for Old Men,7.7,3083.0,2007,,,,Unknown,146600000.0,True,2000,11,Fall,False
,4953,en,4.848692,2008-01-20,,102.0,Be Kind Rewind,6.2,426.0,2008,,,,Unknown,,,2000,1,Winter,
25000000.0,5123,en,8.874048,2007-11-21,66122026.0,114.0,August Rush,7.2,821.0,2007,,,,Unknown,41122026.0,True,2000,11,Fall,False
,13363,en,9.29906,2007-06-10,,87.0,The Man from Earth,7.7,696.0,2007,,,,Unknown,,,2000,6,Summer,
35000000.0,4515,en,5.80986,2007-10-22,63215872.0,92.0,Lions for Lambs,6.0,223.0,2007,,,,Unknown,28215872.0,True,2000,10,Fall,False
100000000.0,5375,en,5.502098,2007-11-03,97838349.0,116.0,Fred Claus,5.5,211.0,2007,,,,Unknown,-2161651.0,False,2000,11,Fall,False
70000000.0,2310,en,9.951195,2007-11-05,195735876.0,115.0,Beowulf,5.5,855.0,2007,,,,Unknown,125735876.0,True,2000,11,Fall,False
,2284,en,8.696467,2007-11-14,69474661.0,93.0,Mr. Magorium's Wonder Emporium,6.0,365.0,2007,,,,Unknown,,,2000,11,Fall,False
17000000.0,4723,en,6.242588,2006-05-15,374743.0,144.0,Southland Tales,5.2,154.0,2006,,,,Unknown,-16625257.0,False,2000,5,Spring,False
18000000.0,5876,en,8.435642,2007-11-21,57096190.0,126.0,The Mist,6.7,1438.0,2007,,,,Unknown,39096190.0,True,2000,11,Fall,False
85000000.0,4523,en,11.447798,2007-11-20,340487652.0,107.0,Enchanted,6.6,1512.0,2007,,,,Unknown,255487652.0,True,2000,11,Fall,True
24000000.0,1620,en,13.765241,2007-11-21,99965753.0,89.0,Hitman,5.9,982.0,2007,,,,Unknown,75965753.0,True,2000,11,Fall,False
8000000.0,13474,en,9.276709,2007-11-09,7766240.0,98.0,P2,5.7,162.0,2007,,,,Unknown,-233760.0,False,2000,11,Fall,False
86000000.0,13483,en,7.076062,2007-11-28,14373825.0,84.0,Awake,6.3,403.0,2007,,,,Unknown,-71626175.0,False,2000,11,Fall,False
180000000.0,2268,en,11.481379,2007-12-04,372234864.0,113.0,The Golden Compass,5.8,1347.0,2007,,,,Unknown,192234864.0,True,2000,12,Winter,True
150000000.0,6479,en,11.379355,2007-12-14,585349010.0,101.0,I Am Legend,6.9,4977.0,2007,,,,Unknown,435349010.0,True,2000,12,Winter,True
60000000.0,6477,en,11.805233,2007-12-13,361366633.0,92.0,Alvin and the Chipmunks,5.5,1212.0,2007,,,,Unknown,301366633.0,True,2000,12,Winter,True
,7249,en,5.32979,2007-11-27,,88.0,Futurama: Bender's Big Score,7.4,191.0,2007,,,,Unknown,,,2000,11,Fall,
20000000.0,3902,en,9.351557,2007-10-01,4001121.0,135.0,I'm Not There.,6.6,202.0,2007,,,,Unknown,-15998879.0,False,2000,10,Fall,False
,8272,en,4.546164,2007-01-19,,114.0,The Savages,6.8,112.0,2007,,,,Unknown,,,2000,1,Winter,
4000000.0,13186,en,16.34615,2007-08-25,,96.0,Wrong Turn 2: Dead End,5.5,275.0,2007,,,,Unknown,,,2000,8,Summer,
,6537,es,16.213592,2007-08-27,44000000.0,105.0,The Orphanage,7.1,652.0,2007,,,,Unknown,,,2000,8,Summer,False
7500000.0,7326,en,11.791591,2007-12-05,231411584.0,96.0,Juno,7.0,2313.0,2007,,,,Unknown,223911584.0,True,2000,12,Winter,False
10000000.0,1989,en,11.119593,2007-05-16,21786738.0,111.0,My Blueberry Nights,6.1,197.0,2007,,,,Unknown,11786738.0,True,2000,5,Spring,False
45000000.0,7350,en,9.070643,2007-12-25,175372502.0,97.0,The Bucket List,7.0,1138.0,2007,,,,Unknown,130372502.0,True,2000,12,Winter,False
20000000.0,7979,en,5.970067,2007-10-14,73276047.0,128.0,The Kite Runner,7.3,405.0,2007,,,,Unknown,53276047.0,True,2000,10,Fall,False
20000000.0,13250,en,8.809053,2007-07-27,,95.0,Butterfly on a Wheel,6.3,131.0,2007,,,,Unknown,,,2000,7,Summer,
,13198,en,5.213094,2006-01-24,,88.0,Wristcutters: A Love Story,6.7,161.0,2006,,,,Unknown,,,2000,1,Winter,
50000000.0,13885,en,10.038401,2007-12-20,152000000.0,116.0,Sweeney Todd: The Demon Barber of Fleet Street,7.0,1745.0,2007,,,,Unknown,102000000.0,True,2000,12,Winter,False
130000000.0,6637,en,12.854373,2007-12-13,457363168.0,124.0,National Treasure: Book of Secrets,6.1,1782.0,2007,,,,Unknown,327363168.0,True,2000,12,Winter,True
25000000.0,7345,en,8.200627,2007-12-28,77208711.0,158.0,There Will Be Blood,7.9,1581.0,2007,,,,Unknown,52208711.0,True,2000,12,Winter,False
75000000.0,6538,en,9.979162,2007-12-19,119000410.0,102.0,Charlie Wilson's War,6.5,342.0,2007,,,,Unknown,44000410.0,True,2000,12,Winter,False
40000000.0,440,en,10.793324,2007-12-25,41797066.0,94.0,Aliens vs Predator: Requiem,4.9,758.0,2007,,,,Unknown,1797066.0,True,2000,12,Winter,False
35000000.0,6575,en,7.219935,2007-12-21,18317151.0,96.0,Walk Hard: The Dewey Cox Story,6.6,214.0,2007,,,,Unknown,-16682849.0,False,2000,12,Winter,False
,6076,de,6.370074,2007-12-01,81303447.0,116.0,Rabbit Without Ears,6.2,134.0,2007,,,,Unknown,,,2000,12,Winter,False
15000000.0,14047,en,8.735448,2007-12-27,30226144.0,126.0,The Great Debaters,6.9,153.0,2007,,,,Unknown,15226144.0,True,2000,12,Winter,False
40000000.0,54318,en,5.083211,2007-12-25,103071443.0,112.0,The Water Horse,6.3,293.0,2007,,,,Unknown,63071443.0,True,2000,12,Winter,False
,69315,en,4.944294,2007-12-18,,88.0,Battlestar Galactica: Razor,7.2,126.0,2007,,,,Unknown,,,2000,12,Winter,
30000000.0,6023,en,10.304881,2007-11-15,156835339.0,126.0,P.S. I Love You,7.0,1011.0,2007,,,,Unknown,126835339.0,True,2000,11,Fall,False
30000000.0,6557,en,10.342202,2008-01-10,160259319.0,111.0,27 Dresses,6.1,1013.0,2008,,,,Unknown,130259319.0,True,2000,1,Winter,False
,4787,en,6.062873,2007-06-18,,108.0,Cassandra's Dream,6.1,219.0,2007,,,,Unknown,,,2000,6,Summer,
2600000.0,7508,hi,6.093304,2007-12-21,28430000.0,165.0,Taare Zameen Par,7.7,194.0,2007,,,,Unknown,25830000.0,True,2000,12,Winter,False
70000000.0,10253,ko,6.280906,2007-02-08,53587404.0,90.0,Dragon Wars: D-War,4.0,104.0,2007,,,,Unknown,-16412596.0,False,2000,2,Winter,False
1500000.0,8329,es,8.504511,2007-04-10,30448000.0,78.0,[REC],7.1,954.0,2007,,,,Unknown,28948000.0,True,2000,4,Spring,False
60000000.0,2312,en,6.502566,2007-11-29,,127.0,In the Name of the King: A Dungeon Siege Tale,4.1,227.0,2007,,,,Unknown,,,2000,11,Fall,
20000000.0,13195,en,6.496913,2007-09-01,6819587.0,108.0,Flawless,6.6,142.0,2007,,,,Unknown,-13180413.0,False,2000,9,Fall,False
25000000.0,7191,en,12.868098,2008-01-15,170764026.0,85.0,Cloverfield,6.4,2297.0,2008,,,,Unknown,145764026.0,True,2000,1,Winter,False
,12085,en,5.297017,2008-01-17,,104.0,Mad Money,5.9,146.0,2008,,,,Unknown,,,2000,1,Winter,
25000000.0,13252,en,8.351152,2007-09-11,,88.0,Cleaner,5.9,201.0,2007,,,,Unknown,,,2000,9,Fall,
,11908,en,8.956081,2006-04-27,,83.0,Hatchet,5.7,161.0,2006,,,,Unknown,,,2000,4,Spring,
,14069,ja,12.430158,2006-07-15,3800000.0,98.0,The Girl Who Leapt Through Time,7.8,435.0,2006,,,,Unknown,,,2000,7,Summer,False
20000000.0,6933,en,11.104479,2008-01-04,,87.0,One Missed Call,4.7,174.0,2008,,,,Unknown,,,2000,1,Winter,
35000000.0,8090,en,7.85217,2008-01-22,32483410.0,101.0,Untraceable,5.9,241.0,2008,,,,Unknown,-2516590.0,False,2000,1,Winter,False
50000000.0,7555,en,9.91556,2008-01-24,113244290.0,92.0,Rambo,6.4,1009.0,2008,,,,Unknown,63244290.0,True,2000,1,Winter,False
30000000.0,7278,en,6.416753,2008-01-24,84646831.0,84.0,Meet the Spartans,3.8,370.0,2008,,,,Unknown,54646831.0,True,2000,1,Winter,False
12000000.0,9030,en,8.233662,2008-02-01,56309766.0,98.0,The Eye,5.5,284.0,2008,,,,Unknown,44309766.0,True,2000,2,Winter,False
10000000.0,13160,en,5.478127,2008-02-01,,95.0,Over Her Dead Body,5.3,147.0,2008,,,,Unknown,,,2000,2,Winter,
85000000.0,11253,en,11.928661,2008-07-11,160388063.0,120.0,Hellboy II: The Golden Army,6.5,1555.0,2008,,,,Unknown,75388063.0,True,2000,7,Summer,False
15000000.0,8321,en,9.895652,2008-02-08,34533783.0,107.0,In Bruges,7.4,1414.0,2008,,,,Unknown,19533783.0,True,2000,2,Winter,False
,13121,en,6.523545,2007-01-19,,94.0,Teeth,5.2,213.0,2007,,,,Unknown,,,2000,1,Winter,
70000000.0,8676,en,9.4548,2008-02-07,111231041.0,112.0,Fool's Gold,5.4,454.0,2008,,,,Unknown,41231041.0,True,2000,2,Winter,False
85000000.0,8247,en,11.03897,2008-02-10,222231186.0,88.0,Jumper,5.9,1855.0,2008,,,,Unknown,137231186.0,True,2000,2,Winter,False
,8390,en,12.553657,2008-02-08,55447968.0,112.0,"Definitely, Maybe",6.7,638.0,2008,,,,Unknown,,,2000,2,Winter,False
,13641,en,8.876157,2007-02-07,,95.0,The Air I Breathe,6.1,115.0,2007,,,,Unknown,,,2000,2,Winter,
40000000.0,7461,en,7.001645,2008-02-01,151161491.0,90.0,Vantage Point,6.3,731.0,2008,,,,Unknown,111161491.0,True,2000,2,Winter,False
90000000.0,8204,en,11.133784,2008-02-14,162839667.0,95.0,The Spiderwick Chronicles,6.3,593.0,2008,,,,Unknown,72839667.0,True,2000,2,Winter,False
23000000.0,8328,en,7.667579,2008-02-14,150816700.0,98.0,Step Up 2: The Streets,6.5,658.0,2008,,,,Unknown,127816700.0,True,2000,2,Winter,False
35000000.0,12184,en,9.778826,2008-02-28,,115.0,The Other Boleyn Girl,6.4,498.0,2008,,,,Unknown,,,2000,2,Winter,
,13260,en,6.733237,2008-02-28,33472850.0,91.0,Semi-Pro,5.4,255.0,2008,,,,Unknown,,,2000,2,Winter,False
10000000.0,7942,en,11.840495,2007-09-06,33000000.0,100.0,"Run, Fatboy, Run",6.2,241.0,2007,,,,Unknown,23000000.0,True,2000,9,Fall,False
105000000.0,7840,en,13.99377,2008-02-22,266000000.0,109.0,"10,000 BC",5.1,934.0,2008,,,,Unknown,161000000.0,True,2000,2,Winter,False
20000000.0,8848,en,8.732701,2008-02-28,64822796.0,112.0,The Bank Job,6.6,708.0,2008,,,,Unknown,44822796.0,True,2000,2,Winter,False
30000000.0,13460,en,13.436536,2008-03-14,22211426.0,108.0,Doomsday,5.8,374.0,2008,,,,Unknown,-7788574.0,False,2000,3,Spring,False
85000000.0,12222,en,8.326699,2008-03-03,297138014.0,88.0,Horton Hears a Who!,6.3,927.0,2008,,,,Unknown,212138014.0,True,2000,3,Spring,True
15000000.0,8461,en,6.841586,2007-10-20,7938872.0,112.0,Funny Games,6.3,562.0,2007,,,,Unknown,-7061128.0,False,2000,10,Fall,False
,7862,de,9.637382,2007-02-09,,98.0,The Counterfeiters,7.3,145.0,2007,,,,Unknown,,,2000,2,Winter,
18000000.0,12246,ru,6.375447,2007-09-20,26527510.0,120.0,Mongol: The Rise of Genghis Khan,6.5,165.0,2007,,,,Unknown,8527510.0,True,2000,9,Fall,False
62000000.0,12177,en,6.258666,2008-06-20,41819064.0,87.0,The Love Guru,4.3,243.0,2008,,,,Unknown,-20180936.0,False,2000,6,Summer,False
2000000.0,13025,en,12.001324,2007-09-08,5364858.0,95.0,Diary of the Dead,5.4,194.0,2007,,,,Unknown,3364858.0,True,2000,9,Fall,False
15000000.0,7985,en,13.442999,2006-03-01,,103.0,Penelope,6.5,409.0,2006,,,,Unknown,,,2000,3,Spring,
7000000.0,13016,en,4.777597,2007-06-01,,118.0,Zeitgeist,7.0,173.0,2007,,,,Unknown,,,2000,6,Summer,
3500000.0,14011,en,7.031719,2008-02-26,5231128.0,75.0,Justice League: The New Frontier,6.6,115.0,2008,,,,Unknown,1731128.0,True,2000,2,Winter,False
25000000.0,8944,en,10.510245,2008-10-17,6673422.0,104.0,What Just Happened,5.2,128.0,2008,,,,Unknown,-18326578.0,False,2000,10,Fall,False
,12178,en,5.056926,2008-03-07,16051363.0,92.0,Miss Pettigrew Lives for a Day,6.8,100.0,2008,,,,Unknown,,,2000,3,Spring,False
185000000.0,155,en,123.167259,2008-07-16,1004558444.0,152.0,The Dark Knight,8.3,12269.0,2008,,,,Unknown,819558444.0,True,2000,7,Summer,True
20000000.0,8456,en,14.753931,2008-03-04,41627431.0,115.0,Never Back Down,6.5,511.0,2008,,,,Unknown,21627431.0,True,2000,3,Spring,False
,13688,cn,5.917685,2008-01-30,47301471.0,86.0,CJ7,6.1,110.0,2008,,,,Unknown,,,2000,1,Winter,False
40000000.0,8457,en,7.855932,2008-03-20,,102.0,Drillbit Taylor,5.5,284.0,2008,,,,Unknown,,,2000,3,Spring,
35000000.0,8065,en,8.33756,2008-03-27,69823199.0,123.0,21,6.5,1406.0,2008,,,,Unknown,34823199.0,True,2000,3,Spring,False
58000000.0,4942,en,9.37102,2008-03-24,41299492.0,114.0,Leatherheads,5.7,131.0,2008,,,,Unknown,-16700508.0,False,2000,3,Spring,False
3000000.0,13312,fr,8.159445,2007-06-13,,79.0,Inside,6.7,152.0,2007,,,,Unknown,,,2000,6,Summer,
37000000.0,10488,en,7.558125,2008-04-03,100076342.0,96.0,Nim's Island,5.6,341.0,2008,,,,Unknown,63076342.0,True,2000,4,Spring,False
8000000.0,11152,en,7.192452,2008-04-02,,91.0,The Ruins,5.6,270.0,2008,,,,Unknown,,,2000,4,Spring,
30000000.0,9870,en,15.106676,2008-04-17,105173115.0,111.0,Forgetting Sarah Marshall,6.4,1194.0,2008,,,,Unknown,75173115.0,True,2000,4,Spring,False
35000000.0,11918,en,7.876483,2008-03-27,25871834.0,85.0,Superhero Movie,4.9,394.0,2008,,,,Unknown,-9128166.0,False,2000,3,Spring,False
20000000.0,1266,en,13.246795,2008-04-10,65569869.0,109.0,Street Kings,6.3,369.0,2008,,,,Unknown,45569869.0,True,2000,4,Spring,False
,12473,en,9.04083,2007-09-07,9234510.0,104.0,The Visitor,6.9,132.0,2007,,,,Unknown,,,2000,9,Fall,False
12000000.0,13335,en,13.065315,2008-04-25,43493123.0,107.0,Harold & Kumar Escape from Guantanamo Bay,6.2,508.0,2008,,,,Unknown,31493123.0,True,2000,4,Spring,False
,8827,fr,8.204654,2007-09-25,,100.0,99 francs,6.4,211.0,2007,,,,Unknown,,,2000,9,Fall,
120000000.0,7459,en,7.134168,2008-05-09,93945766.0,135.0,Speed Racer,5.7,359.0,2008,,,,Unknown,-26054234.0,False,2000,5,Spring,False
55000000.0,1729,en,6.997601,2008-04-18,127906624.0,104.0,The Forbidden Kingdom,6.3,476.0,2008,,,,Unknown,72906624.0,True,2000,4,Spring,False
,10503,en,11.361898,2008-04-18,18130888.0,118.0,Happy-Go-Lucky,6.4,130.0,2008,,,,Unknown,,,2000,4,Spring,False
,13007,en,9.045712,2008-10-01,,101.0,Religulous,7.2,200.0,2008,,,,Unknown,,,2000,10,Fall,
4000000.0,13258,en,7.391932,2007-01-22,6870249.0,96.0,Son of Rambow,6.7,146.0,2007,,,,Unknown,2870249.0,True,2000,1,Winter,False
25000000.0,13018,en,7.720729,2008-04-24,17741298.0,107.0,Deception,5.7,200.0,2008,,,,Unknown,-7258702.0,False,2000,4,Spring,False
30000000.0,8780,en,10.901355,2008-04-23,63833449.0,99.0,Baby Mama,5.8,205.0,2008,,,,Unknown,33833449.0,True,2000,4,Spring,False
,8617,en,7.18216,2008-04-10,14796236.0,88.0,Prom Night,4.8,170.0,2008,,,,Unknown,,,2000,4,Spring,False
140000000.0,1726,en,22.073099,2008-04-30,585174222.0,126.0,Iron Man,7.4,8951.0,2008,,,,Unknown,445174222.0,True,2000,4,Spring,True
40000000.0,10761,en,6.417385,2008-05-02,84601681.0,101.0,Made of Honor,6.0,410.0,2008,,,,Unknown,44601681.0,True,2000,5,Spring,False
25000000.0,8681,en,16.367481,2008-02-18,226830568.0,93.0,Taken,7.2,4444.0,2008,,,,Unknown,201830568.0,True,2000,2,Winter,False
,14784,en,15.855108,2008-01-03,3669465.0,117.0,The Fall,7.7,430.0,2008,,,,Unknown,,,2000,1,Winter,False
7000000.0,13001,en,9.218164,2008-03-11,8900000.0,97.0,Stargate: The Ark of Truth,6.9,143.0,2008,,,,Unknown,1900000.0,True,2000,3,Spring,False
2000000.0,13008,en,7.478007,2007-07-27,,97.0,An American Crime,7.3,165.0,2007,,,,Unknown,,,2000,7,Summer,
35000000.0,9029,da,10.054226,2008-05-07,170000000.0,99.0,What Happens in Vegas,5.8,949.0,2008,,,,Unknown,135000000.0,True,2000,5,Spring,False
,8277,en,7.777928,2007-12-10,,88.0,American Pie Presents: Beta House,5.4,480.0,2007,,,,Unknown,,,2000,12,Winter,
225000000.0,2454,en,12.490891,2008-05-15,419651413.0,150.0,The Chronicles of Narnia: Prince Caspian,6.3,1668.0,2008,,,,Unknown,194651413.0,True,2000,5,Spring,True
,17483,en,7.72654,2007-06-16,,97.0,Shelter,7.8,100.0,2007,,,,Unknown,,,2000,6,Summer,
,15356,en,4.763911,2007-07-19,,91.0,The Girl Next Door,6.5,209.0,2007,,,,Unknown,,,2000,7,Summer,
185000000.0,217,en,12.577266,2008-05-21,786636033.0,122.0,Indiana Jones and the Kingdom of the Crystal Skull,5.7,2558.0,2008,,,,Unknown,601636033.0,True,2000,5,Spring,True
14100000.0,12245,en,5.97385,2008-01-18,,107.0,The Oxford Murders,5.7,191.0,2008,,,,Unknown,,,2000,1,Winter,
,10885,en,5.233421,2008-03-21,,85.0,Shutter,5.3,184.0,2008,,,,Unknown,,,2000,3,Spring,
65000000.0,4564,en,9.170332,2008-05-12,415252786.0,145.0,Sex and the City,6.0,525.0,2008,,,,Unknown,350252786.0,True,2000,5,Spring,True
9000000.0,10665,en,8.845536,2008-05-29,82391145.0,86.0,The Strangers,6.0,509.0,2008,,,,Unknown,73391145.0,True,2000,5,Spring,False
750000.0,9022,en,9.935837,2008-02-15,,90.0,All the Boys Love Mandy Lane,5.7,211.0,2008,,,,Unknown,,,2000,2,Winter,
130000000.0,9502,en,16.897541,2008-06-04,631744560.0,90.0,Kung Fu Panda,6.9,3231.0,2008,,,,Unknown,501744560.0,True,2000,6,Summer,True
90000000.0,10661,en,13.116461,2008-06-05,201596308.0,113.0,You Don't Mess with the Zohan,5.5,1068.0,2008,,,,Unknown,111596308.0,True,2000,6,Summer,False
,12912,en,7.303984,2008-03-14,240476.0,87.0,Chaos Theory,6.2,127.0,2008,,,,Unknown,,,2000,3,Spring,False
,14748,en,8.37404,2007-10-28,1200398.0,100.0,Boy A,7.1,155.0,2007,,,,Unknown,,,2000,10,Fall,False
60000000.0,8645,en,6.22229,2008-06-11,163403799.0,91.0,The Happening,4.9,968.0,2008,,,,Unknown,103403799.0,True,2000,6,Summer,False
150000000.0,1724,en,19.125537,2008-06-12,163712074.0,114.0,The Incredible Hulk,6.1,3086.0,2008,,,,Unknown,13712074.0,True,2000,6,Summer,False
180000000.0,10681,en,16.088366,2008-06-22,521311860.0,98.0,WALL·E,7.8,6439.0,2008,,,,Unknown,341311860.0,True,2000,6,Summer,True
75000000.0,8909,en,12.457896,2008-06-19,258270008.0,110.0,Wanted,6.4,2583.0,2008,,,,Unknown,183270008.0,True,2000,6,Summer,False
150000000.0,8960,en,11.017324,2008-07-01,624029371.0,92.0,Hancock,6.2,3050.0,2008,,,,Unknown,474029371.0,True,2000,7,Summer,True
80000000.0,11665,en,11.35779,2008-06-19,230685453.0,110.0,Get Smart,6.0,1072.0,2008,,,,Unknown,150685453.0,True,2000,6,Summer,False
,10748,en,5.381183,2007-12-21,,101.0,St. Trinian's,5.6,148.0,2007,,,,Unknown,,,2000,12,Winter,
,12889,en,5.494827,2008-06-24,,90.0,Futurama: The Beast with a Billion Backs,6.9,156.0,2008,,,,Unknown,,,2000,6,Summer,
,13205,en,7.79084,2006-01-26,,72.0,Bambi II,6.0,199.0,2006,,,,Unknown,,,2000,1,Winter,
52000000.0,11631,en,10.534437,2008-07-03,609841637.0,108.0,Mamma Mia!,6.4,1435.0,2008,,,,Unknown,557841637.0,True,2000,7,Summer,True
11000000.0,8265,fr,7.250134,2008-01-09,53191886.0,106.0,Welcome to the Sticks,6.7,638.0,2008,,,,Unknown,42191886.0,True,2000,1,Winter,False
,13022,en,7.173304,2007-11-08,,99.0,Rogue,6.2,151.0,2007,,,,Unknown,,,2000,11,Fall,
45000000.0,88751,en,10.419974,2008-07-10,101702060.0,93.0,Journey to the Center of the Earth,5.8,1353.0,2008,,,,Unknown,56702060.0,True,2000,7,Summer,False
60000000.0,11260,en,11.542926,2008-07-08,50650079.0,90.0,Meet Dave,5.1,381.0,2008,,,,Unknown,-9349921.0,False,2000,7,Summer,False
20000000.0,16007,ja,9.570657,2006-06-17,27793200.0,126.0,Death Note,6.8,163.0,2006,,,,Unknown,7793200.0,True,2000,6,Summer,False
15000000.0,6687,en,12.497651,2008-01-18,5926410.0,111.0,Transsiberian,6.5,197.0,2008,,,,Unknown,-9073590.0,False,2000,1,Winter,False
37000000.0,11802,en,6.212702,2008-07-17,63800345.0,81.0,Space Chimps,5.1,102.0,2008,,,,Unknown,26800345.0,True,2000,7,Summer,False
7000000.0,12914,en,7.627484,2008-07-29,,98.0,Stargate: Continuum,6.8,151.0,2008,,,,Unknown,,,2000,7,Summer,
130000000.0,13183,en,16.551503,2009-03-05,185258983.0,163.0,Watchmen,7.0,2892.0,2009,,,,Unknown,55258983.0,True,2000,3,Spring,False
2900000.0,13012,en,9.094276,2008-07-17,,103.0,Felon,7.1,239.0,2008,,,,Unknown,,,2000,7,Summer,
65000000.0,12133,en,8.579638,2008-07-25,128107642.0,98.0,Step Brothers,6.5,1084.0,2008,,,,Unknown,63107642.0,True,2000,7,Summer,False
30000000.0,8836,en,9.863584,2008-07-24,68369434.0,104.0,The X Files: I Want to Believe,5.5,534.0,2008,,,,Unknown,38369434.0,True,2000,7,Summer,False
,14048,en,8.359021,2008-07-25,2957978.0,94.0,Man on Wire,7.5,282.0,2008,,,,Unknown,,,2000,7,Summer,False
,10898,en,1.658407,2000-08-30,,72.0,The Little Mermaid II: Return to the Sea,5.9,342.0,2000,,,,Unknown,,,2000,8,Summer,
8000000.0,12192,en,5.33161,2008-04-11,,95.0,Pathology,5.6,147.0,2008,,,,Unknown,,,2000,4,Spring,
145000000.0,1735,en,14.250227,2008-07-01,401128639.0,112.0,The Mummy: Tomb of the Dragon Emperor,5.2,1418.0,2008,,,,Unknown,256128639.0,True,2000,7,Summer,True
15000000.0,10185,en,13.389735,2008-08-07,3533227.0,98.0,The Midnight Meat Train,6.0,294.0,2008,,,,Unknown,-11466773.0,False,2000,8,Summer,False
15000000.0,5038,en,9.648539,2008-08-15,96408652.0,96.0,Vicky Cristina Barcelona,6.7,1050.0,2008,,,,Unknown,81408652.0,True,2000,8,Summer,False
3500000.0,13851,en,10.178874,2008-07-03,,75.0,Batman: Gotham Knight,6.7,171.0,2008,,,,Unknown,,,2000,7,Summer,
27000000.0,10189,en,8.461369,2008-08-06,101624843.0,111.0,Pineapple Express,6.6,1169.0,2008,,,,Unknown,74624843.0,True,2000,8,Summer,False
80341000.0,12289,zh,11.867516,2008-07-10,127814609.0,150.0,Red Cliff,7.1,207.0,2008,,,,Unknown,47473609.0,True,2000,7,Summer,False
27000000.0,10188,en,4.631978,2008-08-06,44352417.0,117.0,The Sisterhood of the Traveling Pants 2,6.1,244.0,2008,,,,Unknown,17352417.0,True,2000,8,Summer,False
,13649,en,6.529094,2007-08-17,7000000.0,104.0,High School Musical 2,6.1,884.0,2007,,,,Unknown,,,2000,8,Summer,False
92000000.0,7446,en,8.980941,2008-08-09,188072649.0,107.0,Tropic Thunder,6.5,1707.0,2008,,,,Unknown,96072649.0,True,2000,8,Summer,False
8500000.0,12180,en,8.524857,2008-08-05,68282844.0,98.0,Star Wars: The Clone Wars,5.8,434.0,2008,,,,Unknown,59782844.0,True,2000,8,Summer,False
8000000.0,13256,en,6.603748,2008-08-07,2033165.0,111.0,Mutant Chronicles,5.1,142.0,2008,,,,Unknown,-5966835.0,False,2000,8,Summer,False
2000000.0,8885,he,7.636625,2008-06-25,11125849.0,90.0,Waltz with Bashir,7.8,294.0,2008,,,,Unknown,9125849.0,True,2000,6,Summer,False
4000000.0,13310,sv,7.274237,2008-01-26,10785801.0,115.0,Let the Right One In,7.5,997.0,2008,,,,Unknown,6785801.0,True,2000,1,Winter,False
45000000.0,10483,en,13.53003,2008-08-22,73762516.0,105.0,Death Race,6.0,1205.0,2008,,,,Unknown,28762516.0,True,2000,8,Summer,False
25000000.0,12620,en,9.920106,2008-08-22,70442940.0,97.0,The House Bunny,5.6,548.0,2008,,,,Unknown,45442940.0,True,2000,8,Summer,False
15000000.0,10186,en,9.469873,2008-08-20,8762890.0,102.0,The Rocker,5.6,159.0,2008,,,,Unknown,-6237110.0,False,2000,8,Summer,False
35000000.0,13515,en,8.612618,2008-08-15,72436439.0,110.0,Mirrors,6.0,494.0,2008,,,,Unknown,37436439.0,True,2000,8,Summer,False
37000000.0,4944,en,13.206799,2008-09-05,163720069.0,96.0,Burn After Reading,6.5,1251.0,2008,,,,Unknown,126720069.0,True,2000,9,Fall,False
25000000.0,13805,en,11.634132,2008-08-29,14109284.0,87.0,Disaster Movie,3.1,250.0,2008,,,,Unknown,-10890716.0,False,2000,8,Summer,False
70000000.0,9381,en,9.273808,2008-08-20,72108608.0,101.0,Babylon A.D.,5.4,687.0,2008,,,,Unknown,2108608.0,True,2000,8,Summer,False
22000000.0,13291,en,7.859606,2008-08-23,23530831.0,114.0,Traitor,6.6,210.0,2008,,,,Unknown,1530831.0,True,2000,8,Summer,False
3500000.0,15206,it,34.145916,2007-09-06,54947.0,102.0,The Mother of Tears,4.1,135.0,2007,,,,Unknown,-3445053.0,False,2000,9,Fall,False
60000000.0,8285,en,5.762005,2008-12-25,39031337.0,103.0,The Spirit,4.7,323.0,2008,,,,Unknown,-20968663.0,False,2000,12,Winter,False
20000000.0,12165,en,7.02914,2008-07-11,,111.0,The Burning Plain,6.6,104.0,2008,,,,Unknown,,,2000,7,Summer,
45000000.0,13184,en,6.576009,2008-08-21,42487390.0,99.0,Bangkok Dangerous,5.0,336.0,2008,,,,Unknown,-2512610.0,False,2000,8,Summer,False
60000000.0,13389,en,7.094624,2008-09-11,73174566.0,101.0,Righteous Kill,5.9,382.0,2008,,,,Unknown,13174566.0,True,2000,9,Fall,False
20000000.0,13279,en,13.857624,2008-09-19,27640028.0,110.0,Lakeview Terrace,5.9,294.0,2008,,,,Unknown,7640028.0,True,2000,9,Fall,False
,12797,en,12.994773,2008-09-19,,102.0,Ghost Town,6.4,288.0,2008,,,,Unknown,,,2000,9,Fall,
20000000.0,12690,en,12.392754,2008-09-12,20211394.0,115.0,Appaloosa,6.3,305.0,2008,,,,Unknown,211394.0,True,2000,9,Fall,False
80000000.0,13027,en,14.324875,2008-09-25,178066569.0,118.0,Eagle Eye,6.3,1038.0,2008,,,,Unknown,98066569.0,True,2000,9,Fall,False
27000000.0,13092,en,11.981531,2008-10-02,17286299.0,110.0,How to Lose Friends & Alienate People,6.2,247.0,2008,,,,Unknown,-9713701.0,False,2000,10,Fall,False
,14326,en,5.95117,2008-09-26,84375061.0,97.0,Nights in Rodanthe,5.9,160.0,2008,,,,Unknown,,,2000,9,Fall,False
9000000.0,12182,en,12.992176,2008-10-03,32973937.0,89.0,Nick and Norah's Infinite Playlist,6.4,387.0,2008,,,,Unknown,23973937.0,True,2000,10,Fall,False
6500000.0,9539,fr,7.716326,2008-09-03,,99.0,Martyrs,7.3,581.0,2008,,,,Unknown,,,2000,9,Fall,
,8882,it,13.439495,2008-05-16,,135.0,Gomorrah,6.7,228.0,2008,,,,Unknown,,,2000,5,Spring,
,13401,en,8.761268,2008-02-29,22707064.0,90.0,The Accidental Husband,5.2,179.0,2008,,,,Unknown,,,2000,2,Winter,False
,12783,en,9.835473,2008-09-05,,110.0,The Duchess,6.7,406.0,2008,,,,Unknown,,,2000,9,Fall,
,14976,en,13.44059,2008-10-03,,113.0,Rachel Getting Married,6.1,165.0,2008,,,,Unknown,,,2000,10,Fall,
70000000.0,12113,en,12.886125,2008-10-10,113280098.0,128.0,Body of Lies,6.5,919.0,2008,,,,Unknown,43280098.0,True,2000,10,Fall,False
55000000.0,13600,en,8.061467,2008-10-07,17869048.0,90.0,City of Ember,6.2,614.0,2008,,,,Unknown,-37130952.0,False,2000,10,Fall,False
35000000.0,13051,en,10.08043,2008-10-15,85416905.0,100.0,Max Payne,5.2,625.0,2008,,,,Unknown,50416905.0,True,2000,10,Fall,False
24000000.0,10358,en,6.449332,2008-09-18,42105111.0,102.0,Zack and Miri Make a Porno,6.1,734.0,2008,,,,Unknown,18105111.0,True,2000,9,Fall,False
25100000.0,10523,en,8.937049,2008-10-17,29506464.0,131.0,W.,6.0,144.0,2008,,,,Unknown,4406464.0,True,2000,10,Fall,False
20000000.0,13596,en,14.114136,2008-09-19,36620508.0,101.0,My Best Friend's Girl,5.4,223.0,2008,,,,Unknown,16620508.0,True,2000,9,Fall,False
21000000.0,4960,en,6.295807,2008-10-24,,124.0,"Synecdoche, New York",7.4,286.0,2008,,,,Unknown,,,2000,10,Fall,
11000000.0,12837,en,6.390463,2008-09-17,38105395.0,114.0,The Secret Life of Bees,7.4,159.0,2008,,,,Unknown,27105395.0,True,2000,9,Fall,False
7500000.0,7735,de,6.010332,2008-03-11,19000000.0,107.0,The Wave,7.5,870.0,2008,,,,Unknown,11500000.0,True,2000,3,Spring,False
12000000.0,13812,en,6.140116,2008-10-10,40855419.0,89.0,Quarantine,5.6,343.0,2008,,,,Unknown,28855419.0,True,2000,10,Fall,False
30000000.0,13150,en,5.844016,2008-09-09,31148328.0,130.0,Pride and Glory,6.3,243.0,2008,,,,Unknown,1148328.0,True,2000,9,Fall,False
18000000.0,13809,en,7.263988,2008-09-04,25739015.0,114.0,RockNRolla,6.9,851.0,2008,,,,Unknown,7739015.0,True,2000,9,Fall,False
,11887,en,7.343504,2008-10-22,,116.0,High School Musical 3: Senior Year,6.1,858.0,2008,,,,Unknown,,,2000,10,Fall,
,13253,en,5.829662,2008-11-03,,88.0,Futurama: Bender's Game,6.9,152.0,2008,,,,Unknown,,,2000,11,Fall,
150000000.0,10527,en,12.668733,2008-10-30,603900354.0,89.0,Madagascar: Escape 2 Africa,6.2,1866.0,2008,,,,Unknown,453900354.0,True,2000,10,Fall,True
25000000.0,8338,en,7.462378,2008-05-14,19844979.0,121.0,Blindness,6.4,393.0,2008,,,,Unknown,-5155021.0,False,2000,5,Spring,False
55000000.0,3580,en,11.672394,2008-01-30,113020255.0,141.0,Changeling,7.3,1151.0,2008,,,,Unknown,58020255.0,True,2000,1,Winter,False
32000000.0,20766,en,14.958098,2009-11-25,27635305.0,111.0,The Road,6.8,1113.0,2009,,,,Unknown,-4364695.0,False,2000,11,Fall,False
15000000.0,12405,en,11.258181,2008-05-12,377910544.0,120.0,Slumdog Millionaire,7.6,2918.0,2008,,,,Unknown,362910544.0,True,2000,5,Spring,True
200000000.0,10764,en,13.67812,2008-10-30,586090727.0,106.0,Quantum of Solace,6.1,3015.0,2008,,,,Unknown,386090727.0,True,2000,10,Fall,True
28000000.0,15373,en,7.646215,2008-02-03,92380927.0,99.0,Role Models,6.4,575.0,2008,,,,Unknown,64380927.0,True,2000,2,Winter,False
6000000.0,13672,fr,6.670933,2008-06-04,276891.0,96.0,JCVD,6.6,155.0,2008,,,,Unknown,-5723109.0,False,2000,6,Summer,False
,13655,en,5.840379,2008-06-20,,94.0,Camp Rock,6.0,432.0,2008,,,,Unknown,,,2000,6,Summer,
10800000.0,11917,en,10.165499,2008-10-23,113857533.0,92.0,Saw V,6.0,848.0,2008,,,,Unknown,103057533.0,True,2000,10,Fall,False
19000000.0,13523,en,9.106146,2008-10-16,18755936.0,109.0,Sex Drive,6.0,348.0,2008,,,,Unknown,-244064.0,False,2000,10,Fall,False
20000000.0,14405,en,9.569765,2008-10-03,149281606.0,91.0,Beverly Hills Chihuahua,4.9,217.0,2008,,,,Unknown,129281606.0,True,2000,10,Fall,False
,8841,fr,10.940451,2008-09-24,28814580.0,128.0,The Class,6.9,179.0,2008,,,,Unknown,,,2000,9,Fall,False
,13220,en,7.498032,2008-10-31,124191.0,82.0,Splinter,6.0,213.0,2008,,,,Unknown,,,2000,10,Fall,False
130000000.0,6972,en,9.566135,2008-11-18,49554002.0,165.0,Australia,6.3,712.0,2008,,,,Unknown,-80445998.0,False,2000,11,Fall,False
150000000.0,13053,en,15.580915,2008-11-21,309979994.0,98.0,Bolt,6.3,1798.0,2008,,,,Unknown,159979994.0,True,2000,11,Fall,True
20000000.0,10139,en,10.680121,2008-11-26,54586584.0,128.0,Milk,7.1,628.0,2008,,,,Unknown,34586584.0,True,2000,11,Fall,False
37000000.0,8966,en,31.282029,2008-11-20,392616625.0,122.0,Twilight,5.8,3688.0,2008,,,,Unknown,355616625.0,True,2000,11,Fall,True
,16342,en,7.320166,2008-12-05,,84.0,The Children,6.3,116.0,2008,,,,Unknown,,,2000,12,Winter,
30000000.0,13387,en,9.296824,2008-11-26,108979549.0,104.0,Transporter 3,5.9,1110.0,2008,,,,Unknown,78979549.0,True,2000,11,Fall,False
80000000.0,12193,en,7.210383,2008-11-26,163733697.0,88.0,Four Christmases,5.3,337.0,2008,,,,Unknown,83733697.0,True,2000,11,Fall,False
12500000.0,14574,en,8.912738,2008-05-07,20416563.0,94.0,The Boy in the Striped Pyjamas,7.7,1492.0,2008,,,,Unknown,7916563.0,True,2000,5,Spring,False
3500000.0,10900,en,6.804406,2008-02-08,1115493.0,97.0,Surveillance,6.0,111.0,2008,,,,Unknown,-2384507.0,False,2000,2,Winter,False
500000.0,14438,en,5.329195,2008-09-26,33456317.0,122.0,Fireproof,7.0,100.0,2008,,,,Unknown,32956317.0,True,2000,9,Fall,False
25000000.0,14248,en,9.369432,2008-09-19,30000000.0,87.0,Igor,5.6,154.0,2008,,,,Unknown,5000000.0,True,2000,9,Fall,False
,10360,en,14.322814,2008-05-15,2724474.0,96.0,Hunger,7.2,311.0,2008,,,,Unknown,,,2000,5,Spring,False
20500000.0,13056,en,8.333526,2008-12-05,10089373.0,102.0,Punisher: War Zone,5.6,298.0,2008,,,,Unknown,-10410627.0,False,2000,12,Winter,False
80000000.0,10200,en,9.265322,2008-12-10,233093859.0,104.0,The Day the Earth Stood Still,5.2,1057.0,2008,,,,Unknown,153093859.0,True,2000,12,Winter,False
30000000.0,8881,en,5.68041,2008-09-05,,134.0,Che: Part One,6.8,209.0,2008,,,,Unknown,,,2000,9,Fall,
40000000.0,8880,en,7.500907,2009-01-24,,131.0,Che: Part Two,6.7,155.0,2009,,,,Unknown,,,2000,1,Winter,
9000000.0,11127,en,11.161339,2008-07-19,,105.0,Starship Troopers 3: Marauder,4.2,154.0,2008,,,,Unknown,,,2000,7,Summer,
20000000.0,14359,en,9.278263,2008-11-27,50907234.0,104.0,Doubt,7.0,445.0,2008,,,,Unknown,30907234.0,True,2000,11,Fall,False
33000000.0,13223,en,14.794228,2008-12-09,269958228.0,116.0,Gran Torino,7.8,3181.0,2008,,,,Unknown,236958228.0,True,2000,12,Winter,False
,11499,en,11.641771,2008-10-15,,122.0,Frost/Nixon,7.2,333.0,2008,,,,Unknown,,,2000,10,Fall,
32000000.0,8055,en,7.931732,2008-12-10,113019290.0,124.0,The Reader,7.2,835.0,2008,,,,Unknown,81019290.0,True,2000,12,Winter,False
55000000.0,11321,en,21.708267,2008-12-18,168167691.0,123.0,Seven Pounds,7.5,2092.0,2008,,,,Unknown,113167691.0,True,2000,12,Winter,False
6000000.0,12163,en,7.903956,2008-09-07,44703995.0,109.0,The Wrestler,7.3,1031.0,2008,,,,Unknown,38703995.0,True,2000,9,Fall,False
150000000.0,4922,en,17.934821,2008-11-24,333932083.0,166.0,The Curious Case of Benjamin Button,7.3,3398.0,2008,,,,Unknown,183932083.0,True,2000,11,Fall,True
70000000.0,10201,en,9.756289,2008-12-09,225990978.0,104.0,Yes Man,6.4,1869.0,2008,,,,Unknown,155990978.0,True,2000,12,Winter,False
75000000.0,2253,en,8.635464,2008-12-25,200276000.0,121.0,Valkyrie,6.7,1195.0,2008,,,,Unknown,125276000.0,True,2000,12,Winter,False
5000000.0,38142,ja,11.324028,2007-03-03,,63.0,5 Centimeters per Second,7.3,403.0,2007,,,,Unknown,,,2000,3,Spring,
80000000.0,10202,en,10.739419,2008-12-24,212874442.0,99.0,Bedtime Stories,5.9,924.0,2008,,,,Unknown,132874442.0,True,2000,12,Winter,False
3000000.0,13973,en,7.589546,2008-09-26,3830137.0,92.0,Choke,6.0,128.0,2008,,,,Unknown,830137.0,True,2000,9,Fall,False
35000000.0,4148,en,12.265867,2008-12-19,75225693.0,119.0,Revolutionary Road,6.8,824.0,2008,,,,Unknown,40225693.0,True,2000,12,Winter,False
,15584,en,5.531686,2008-10-31,,95.0,Dear Zachary: A Letter to a Son About His Father,8.4,146.0,2008,,,,Unknown,,,2000,10,Fall,
20000000.0,13971,en,10.420849,2008-01-01,21972336.0,98.0,Wild Child,6.4,421.0,2008,,,,Unknown,1972336.0,True,2000,1,Winter,False
32000000.0,13813,en,13.990891,2008-12-31,51155219.0,137.0,Defiance,6.7,580.0,2008,,,,Unknown,19155219.0,True,2000,12,Winter,False
60000000.0,14306,en,9.729748,2008-12-25,244082376.0,115.0,Marley & Me,6.9,1392.0,2008,,,,Unknown,184082376.0,True,2000,12,Winter,False
41677699.0,12429,ja,8.470945,2008-07-19,187479518.0,100.0,Ponyo,7.5,953.0,2008,,,,Unknown,145801819.0,True,2000,7,Summer,False
,13690,en,9.031276,2008-09-24,,76.0,Open Season 2,5.6,334.0,2008,,,,Unknown,,,2000,9,Fall,
11715578.0,14756,cn,6.004257,2008-12-12,21888598.0,108.0,Ip Man,7.5,1309.0,2008,,,,Unknown,10173020.0,True,2000,12,Winter,False
25000000.0,13944,en,6.274736,2008-09-26,2000000.0,93.0,Passengers,5.7,214.0,2008,,,,Unknown,-23000000.0,False,2000,9,Fall,False
60000000.0,10199,en,12.364579,2008-12-19,50877145.0,93.0,The Tale of Despereaux,5.8,260.0,2008,,,,Unknown,-9122855.0,False,2000,12,Winter,False
30000000.0,10521,en,8.33501,2009-01-09,114663461.0,89.0,Bride Wars,5.9,884.0,2009,,,,Unknown,84663461.0,True,2000,1,Winter,False
,13635,fr,4.675264,2008-10-22,31055440.0,113.0,Mesrine: Killer Instinct,7.3,243.0,2008,,,,Unknown,,,2000,10,Fall,False
15000000.0,14435,en,5.245883,2009-01-16,100734718.0,101.0,My Bloody Valentine,5.3,303.0,2009,,,,Unknown,85734718.0,True,2000,1,Winter,False
2600000.0,14139,es,8.623982,2007-09-20,553198.0,92.0,Timecrimes,7.0,313.0,2007,,,,Unknown,-2046802.0,False,2000,9,Fall,False
35000000.0,12437,en,11.654958,2009-01-22,91353501.0,92.0,Underworld: Rise of the Lycans,6.2,1447.0,2009,,,,Unknown,56353501.0,True,2000,1,Winter,False
60000000.0,2309,en,13.570926,2008-12-11,57490374.0,106.0,Inkheart,6.0,610.0,2008,,,,Unknown,-2509626.0,False,2000,12,Winter,False
9750000.0,13825,en,11.387338,2008-10-21,558000.0,99.0,The Lazarus Project,6.0,116.0,2008,,,,Unknown,-9192000.0,False,2000,10,Fall,False
26000000.0,14560,en,13.003122,2009-01-15,183293131.0,91.0,Paul Blart: Mall Cop,5.2,807.0,2009,,,,Unknown,157293131.0,True,2000,1,Winter,False
,14410,en,5.336296,2009-01-16,43051547.0,122.0,Notorious,6.6,163.0,2009,,,,Unknown,,,2000,1,Winter,False
16000000.0,13788,en,7.108555,2009-01-09,76514050.0,87.0,The Unborn,4.8,373.0,2009,,,,Unknown,60514050.0,True,2000,1,Winter,False
,14353,en,5.25696,2008-07-18,188126.0,98.0,Repo! The Genetic Opera,6.7,103.0,2008,,,,Unknown,,,2000,7,Summer,False
,14254,en,10.330423,2009-01-30,41624046.0,87.0,The Uninvited,6.3,424.0,2009,,,,Unknown,,,2000,1,Winter,False
50000000.0,10529,en,14.611182,2008-04-24,7033683.0,115.0,Outlander,6.1,354.0,2008,,,,Unknown,-42966317.0,False,2000,4,Spring,False
5000000.0,1977,en,10.510468,2009-05-12,38610009.0,90.0,The Grudge 3,5.3,150.0,2009,,,,Unknown,33610009.0,True,2000,5,Spring,False
,13510,en,12.515435,2008-09-12,3983997.0,91.0,Eden Lake,6.7,415.0,2008,,,,Unknown,,,2000,9,Fall,False
60000000.0,14836,en,16.639915,2009-02-05,124596398.0,100.0,Coraline,7.3,1432.0,2009,,,,Unknown,64596398.0,True,2000,2,Winter,False
38000000.0,13455,en,11.596222,2009-02-06,45465299.0,111.0,Push,5.9,671.0,2009,,,,Unknown,7465299.0,True,2000,2,Winter,False
50000000.0,4959,en,6.583609,2009-02-03,60161391.0,118.0,The International,6.0,373.0,2009,,,,Unknown,10161391.0,True,2000,2,Winter,False
12000000.0,10362,en,8.032616,2008-11-19,3148182.0,110.0,Two Lovers,6.6,157.0,2008,,,,Unknown,-8851818.0,False,2000,11,Fall,False
40000000.0,10184,en,8.376094,2009-02-06,177259441.0,129.0,He's Just Not That Into You,6.2,988.0,2009,,,,Unknown,137259441.0,True,2000,2,Winter,False
,15060,en,13.284811,2009-02-23,,90.0,Futurama: Into the Wild Green Yonder,7.2,134.0,2009,,,,Unknown,,,2000,2,Winter,
35000000.0,15189,en,6.317992,2009-01-16,73034460.0,100.0,Hotel for Dogs,5.7,205.0,2009,,,,Unknown,38034460.0,True,2000,1,Winter,False
3000000.0,13492,en,8.602956,2007-07-01,,108.0,Frontier(s),6.0,186.0,2007,,,,Unknown,,,2000,7,Summer,
,16804,ja,8.175019,2008-09-13,69932387.0,130.0,Departures,7.7,202.0,2008,,,,Unknown,,,2000,9,Fall,False
1500000.0,1961,en,8.708789,2007-10-01,173066.0,86.0,My Name Is Bruce,5.9,107.0,2007,,,,Unknown,-1326934.0,False,2000,10,Fall,False
75000000.0,20829,en,9.900376,2009-07-31,61458982.0,146.0,Funny People,5.6,398.0,2009,,,,Unknown,-13541018.0,False,2000,7,Summer,False
,30508,de,7.292134,2008-10-01,,105.0,Berlin Calling,7.0,109.0,2008,,,,Unknown,,,2000,10,Fall,
50000000.0,15268,en,6.660188,2009-02-27,12764201.0,97.0,Street Fighter: The Legend of Chun-Li,3.9,113.0,2009,,,,Unknown,-37235799.0,False,2000,2,Winter,False
17000000.0,19255,en,6.590093,2009-06-05,14899417.0,98.0,Away We Go,6.7,189.0,2009,,,,Unknown,-2100583.0,False,2000,6,Summer,False
25000000.0,14979,en,11.923981,2009-01-09,,104.0,Thick as Thieves,5.7,223.0,2009,,,,Unknown,,,2000,1,Winter,
7275000.0,8832,it,7.728333,2008-05-23,11260366.0,110.0,Il Divo,7.5,166.0,2008,,,,Unknown,3985366.0,True,2000,5,Spring,False
19000000.0,13207,en,14.20229,2009-02-11,91379051.0,97.0,Friday the 13th,5.7,566.0,2009,,,,Unknown,72379051.0,True,2000,2,Winter,False
10000000.0,15067,ko,8.218314,2008-07-16,,130.0,"The Good, The Bad, The Weird",7.1,196.0,2008,,,,Unknown,,,2000,7,Summer,
,15159,en,18.54675,2009-02-06,75871032.0,92.0,The Pink Panther 2,5.4,323.0,2009,,,,Unknown,,,2000,2,Winter,False
18000000.0,13613,en,6.477482,2008-04-08,,86.0,Day of the Dead,4.7,107.0,2008,,,,Unknown,,,2000,4,Spring,
41000000.0,16538,en,12.929653,2009-03-20,91636986.0,105.0,"I Love You, Man",6.5,531.0,2009,,,,Unknown,50636986.0,True,2000,3,Spring,False
,18781,en,10.80374,2009-03-27,77527732.0,102.0,The Haunting in Connecticut,6.0,317.0,2009,,,,Unknown,,,2000,3,Spring,False
78146652.0,16558,en,9.097953,2009-03-19,60000000.0,125.0,Duplicity,5.7,203.0,2009,,,,Unknown,-18146652.0,False,2000,3,Spring,False
50000000.0,13811,en,9.806904,2009-03-19,155446362.0,121.0,Knowing,5.9,1528.0,2009,,,,Unknown,105446362.0,True,2000,3,Spring,False
8500000.0,16353,th,8.553506,2008-12-04,8936663.0,98.0,Ong Bak 2,5.9,156.0,2008,,,,Unknown,436663.0,True,2000,12,Winter,False
13000000.0,15472,sv,9.858687,2009-02-27,104345682.0,152.0,The Girl with the Dragon Tattoo,7.4,1020.0,2009,,,,Unknown,91345682.0,True,2000,2,Winter,False
5000000.0,13090,en,9.098119,2008-01-18,16174377.0,102.0,Sunshine Cleaning,6.5,256.0,2008,,,,Unknown,11174377.0,True,2000,1,Winter,False
,16325,en,6.624498,2009-02-27,500154.0,105.0,Echelon Conspiracy,5.4,110.0,2009,,,,Unknown,,,2000,2,Winter,False
175000000.0,15512,en,14.243634,2009-03-19,381509870.0,94.0,Monsters vs Aliens,6.0,1464.0,2009,,,,Unknown,206509870.0,True,2000,3,Spring,True
27000000.0,6968,de,5.155749,2008-09-24,,150.0,The Baader Meinhof Complex,7.1,157.0,2008,,,,Unknown,,,2000,9,Fall,
,13161,en,9.338858,2007-06-06,,105.0,Big Stan,5.9,178.0,2007,,,,Unknown,,,2000,6,Summer,
11500000.0,14637,en,8.719145,2008-12-19,186702.0,108.0,Nothing But the Truth,6.9,134.0,2008,,,,Unknown,-11313298.0,False,2000,12,Winter,False
,16991,en,5.666341,2009-04-10,24007324.0,86.0,Observe and Report,5.6,229.0,2009,,,,Unknown,,,2000,4,Spring,False
9500000.0,16614,en,6.77887,2009-04-03,17164377.0,107.0,Adventureland,6.4,748.0,2009,,,,Unknown,7664377.0,True,2000,4,Spring,False
40000000.0,20048,en,8.198789,2009-02-05,108332743.0,104.0,Confessions of a Shopaholic,6.1,787.0,2009,,,,Unknown,68332743.0,True,2000,2,Winter,False
,16258,en,7.228413,2009-01-09,,90.0,The Butterfly Effect 3: Revelations,5.1,158.0,2009,,,,Unknown,,,2000,1,Winter,
100000000.0,14164,en,8.876305,2009-04-01,,85.0,Dragonball Evolution,2.9,475.0,2009,,,,Unknown,,,2000,4,Spring,
85000000.0,13804,en,1.498902,2009-04-02,363164265.0,107.0,Fast & Furious,6.5,2426.0,2009,,,,Unknown,278164265.0,True,2000,4,Spring,True
,19833,en,6.341259,2009-01-22,6149791.0,106.0,In the Loop,7.0,194.0,2009,,,,Unknown,,,2000,1,Winter,False
50000000.0,18947,en,8.395618,2009-04-01,36348784.0,116.0,The Boat That Rocked,7.2,678.0,2009,,,,Unknown,-13651216.0,False,2000,4,Spring,False
20000000.0,16996,en,11.362762,2009-03-11,136267476.0,102.0,17 Again,6.1,1388.0,2009,,,,Unknown,116267476.0,True,2000,3,Spring,False
,8833,it,6.744702,1984-10-19,,99.0,Double Trouble,6.6,105.0,1984,,,,Unknown,,,1980,10,Fall,
70000000.0,16869,en,16.89564,2009-08-18,319131050.0,153.0,Inglourious Basterds,7.9,6598.0,2009,,,,Unknown,249131050.0,True,2000,8,Summer,True
60000000.0,16995,en,8.905732,2009-04-17,87784194.0,127.0,State of Play,6.7,489.0,2009,,,,Unknown,27784194.0,True,2000,4,Spring,False
10000000.0,21641,en,11.545627,2009-03-27,,97.0,The Damned United,7.2,156.0,2009,,,,Unknown,,,2000,3,Spring,
20000000.0,15092,en,10.044642,2009-04-16,34560577.0,96.0,Crank: High Voltage,5.9,878.0,2009,,,,Unknown,14560577.0,True,2000,4,Spring,False
5000000.0,17431,en,13.336773,2009-06-12,9760104.0,97.0,Moon,7.6,1831.0,2009,,,,Unknown,4760104.0,True,2000,6,Summer,False
35000000.0,18320,en,8.437587,2009-03-04,27409889.0,105.0,The Young Victoria,7.1,330.0,2009,,,,Unknown,-7590111.0,False,2000,3,Spring,False
150000000.0,2080,en,1.456541,2009-04-28,373062864.0,107.0,X-Men Origins: Wolverine,6.2,4086.0,2009,,,,Unknown,223062864.0,True,2000,4,Spring,True
,21191,es,5.435993,2009-03-20,5101756.0,96.0,Sin Nombre,7.3,139.0,2009,,,,Unknown,,,2000,3,Spring,False
150000000.0,13475,en,15.362632,2009-05-06,385680446.0,127.0,Star Trek,7.4,4574.0,2009,,,,Unknown,235680446.0,True,2000,5,Spring,True
80000000.0,15384,zh,7.309903,2009-01-07,121059225.0,136.0,Red Cliff Part II,7.1,110.0,2009,,,,Unknown,41059225.0,True,2000,1,Winter,False
4000000.0,17532,en,7.959965,2009-04-28,4100000.0,103.0,S. Darko,3.6,124.0,2009,,,,Unknown,100000.0,True,2000,4,Spring,False
15000000.0,10946,en,15.30326,2007-04-22,109000000.0,90.0,Earth,7.5,136.0,2007,,,,Unknown,94000000.0,True,2000,4,Spring,False
150000000.0,13448,en,22.211558,2009-05-13,356613439.0,138.0,Angels & Demons,6.5,2183.0,2009,,,,Unknown,206613439.0,True,2000,5,Spring,True
,13532,en,5.785775,2009-02-06,948753.0,90.0,Fanboys,6.1,320.0,2009,,,,Unknown,,,2000,2,Winter,False
,21583,en,12.459106,2009-02-08,2434658.0,94.0,Management,5.5,102.0,2009,,,,Unknown,,,2000,2,Winter,False
200000000.0,534,en,16.507496,2009-05-20,371353001.0,115.0,Terminator Salvation,5.9,2496.0,2009,,,,Unknown,171353001.0,True,2000,5,Spring,True
150000000.0,18360,en,15.417181,2009-05-20,413106170.0,105.0,Night at the Museum: Battle of the Smithsonian,5.9,2026.0,2009,,,,Unknown,263106170.0,True,2000,5,Spring,True
,18238,en,6.52808,2009-03-16,,86.0,Lesbian Vampire Killers,5.3,126.0,2009,,,,Unknown,,,2000,3,Spring,
20000000.0,21755,en,7.973126,2008-09-09,5530764.0,114.0,The Brothers Bloom,6.8,206.0,2008,,,,Unknown,-14469236.0,False,2000,9,Fall,False
60000000.0,17332,en,11.328316,2009-04-24,31720158.0,109.0,The Soloist,6.6,237.0,2009,,,,Unknown,-28279842.0,False,2000,4,Spring,False
15000000.0,18405,en,13.634766,2009-03-13,32721635.0,110.0,The Last House on the Left,6.2,449.0,2009,,,,Unknown,17721635.0,True,2000,3,Spring,False
30000000.0,16871,en,15.809588,2009-03-15,90810892.0,99.0,Drag Me to Hell,6.2,995.0,2009,,,,Unknown,60810892.0,True,2000,3,Spring,False
175000000.0,14160,en,19.330884,2009-05-13,735099082.0,96.0,Up,7.8,7048.0,2009,,,,Unknown,560099082.0,True,2000,5,Spring,True
,16899,en,5.373645,2008-01-01,,93.0,Easy Virtue,6.4,112.0,2008,,,,Unknown,,,2000,1,Winter,
31165200.0,15588,fr,8.637416,2009-04-14,,100.0,OSS 117: Lost in Rio,7.0,306.0,2009,,,,Unknown,,,2000,4,Spring,
20000000.0,17927,en,6.312206,2009-02-20,18599102.0,90.0,Fired Up!,6.0,194.0,2009,,,,Unknown,-1400898.0,False,2000,2,Winter,False
,13975,en,6.666455,2009-04-15,,117.0,In the Electric Mist,6.0,112.0,2009,,,,Unknown,,,2000,4,Spring,
35000000.0,18785,en,23.947351,2009-06-05,459270619.0,100.0,The Hangover,7.2,6324.0,2009,,,,Unknown,424270619.0,True,2000,6,Summer,True
11000000.0,17609,da,7.769607,2009-05-18,791867.0,108.0,Antichrist,6.4,687.0,2009,,,,Unknown,-10208133.0,False,2000,5,Spring,False
,761,fr,6.218351,1976-10-27,,104.0,The Wing or the Thigh,6.8,115.0,1976,,,,Unknown,,,1970,10,Fall,
800000.0,14451,no,7.974726,2009-01-09,1984662.0,91.0,Dead Snow,6.1,313.0,2009,,,,Unknown,1184662.0,True,2000,1,Winter,False
100000000.0,18162,en,7.642063,2009-06-05,68688831.0,102.0,Land of the Lost,5.4,387.0,2009,,,,Unknown,-31311169.0,False,2000,6,Summer,False
55000000.0,19724,en,6.308773,2009-06-19,,107.0,Imagine That,5.7,134.0,2009,,,,Unknown,,,2000,6,Summer,
100000000.0,18487,en,15.09911,2009-06-11,150166126.0,106.0,The Taking of Pelham 1 2 3,6.2,971.0,2009,,,,Unknown,50166126.0,True,2000,6,Summer,False
40000000.0,18240,en,8.058337,2009-06-01,317375031.0,108.0,The Proposal,6.7,1858.0,2009,,,,Unknown,277375031.0,True,2000,6,Summer,True
60000000.0,17610,en,10.087637,2009-06-18,62357900.0,97.0,Year One,4.6,538.0,2009,,,,Unknown,2357900.0,True,2000,6,Summer,False
15000000.0,12162,en,9.403724,2008-10-10,42000000.0,131.0,The Hurt Locker,7.2,1881.0,2008,,,,Unknown,27000000.0,True,2000,10,Fall,False
150000000.0,8373,en,4.351756,2009-06-19,836297228.0,150.0,Transformers: Revenge of the Fallen,6.0,3192.0,2009,,,,Unknown,686297228.0,True,2000,6,Summer,True
,62320,fr,6.05028,2009-06-03,,95.0,Home,7.9,181.0,2009,,,,Unknown,,,2000,6,Summer,
15000000.0,19265,en,8.930341,2009-06-19,35097815.0,92.0,Whatever Works,6.8,365.0,2009,,,,Unknown,20097815.0,True,2000,6,Summer,False
,12556,en,8.401493,2009-05-01,102223269.0,100.0,Ghosts of Girlfriends Past,5.6,716.0,2009,,,,Unknown,,,2000,5,Spring,False
80000000.0,11322,en,10.364794,2009-07-01,214104620.0,140.0,Public Enemies,6.5,1371.0,2009,,,,Unknown,134104620.0,True,2000,7,Summer,False
90000000.0,8355,en,12.980624,2009-06-29,886686817.0,94.0,Ice Age: Dawn of the Dinosaurs,6.5,2330.0,2009,,,,Unknown,796686817.0,True,2000,6,Summer,True
,176241,en,6.526913,2009-05-26,,89.0,Prison Break: The Final Break,7.5,174.0,2009,,,,Unknown,,,2000,5,Spring,
30000000.0,10024,en,6.793972,2009-06-26,95714875.0,109.0,My Sister's Keeper,7.1,614.0,2009,,,,Unknown,65714875.0,True,2000,6,Summer,False
7500000.0,19913,en,16.376657,2009-07-17,60722734.0,95.0,(500) Days of Summer,7.2,2993.0,2009,,,,Unknown,53222734.0,True,2000,7,Summer,False
42000000.0,18480,en,8.543888,2009-07-08,,83.0,Brüno,5.4,528.0,2009,,,,Unknown,,,2000,7,Summer,
,14728,en,9.309781,2008-12-07,,95.0,The Librarian: The Curse of the Judas Chalice,5.9,134.0,2008,,,,Unknown,,,2000,12,Winter,
12000000.0,8884,en,11.939996,2008-10-16,,98.0,Franklyn,5.9,100.0,2008,,,,Unknown,,,2000,10,Fall,
250000000.0,767,en,19.083723,2009-07-07,933959197.0,153.0,Harry Potter and the Half-Blood Prince,7.4,5435.0,2009,,,,Unknown,683959197.0,True,2000,7,Summer,True
,10353,fr,7.698423,1998-02-11,,118.0,The Visitors II: The Corridors of Time,5.8,228.0,1998,,,,Unknown,,,1990,2,Winter,
1200000.0,9592,en,11.500311,2006-07-10,,94.0,Open Water 2: Adrift,5.2,157.0,2006,,,,Unknown,,,2000,7,Summer,
,14197,en,6.318475,2008-05-26,,92.0,My Sassy Girl,6.1,107.0,2008,,,,Unknown,,,2000,5,Spring,
30000000.0,8054,en,6.859934,2009-10-01,64352607.0,123.0,The Imaginarium of Doctor Parnassus,6.3,885.0,2009,,,,Unknown,34352607.0,True,2000,10,Fall,False
20000000.0,21208,en,8.730934,2009-07-24,41596251.0,123.0,Orphan,6.7,1296.0,2009,,,,Unknown,21596251.0,True,2000,7,Summer,False
38000000.0,20943,en,8.450799,2009-07-24,205298907.0,96.0,The Ugly Truth,6.4,1005.0,2009,,,,Unknown,167298907.0,True,2000,7,Summer,False
3400000.0,21407,en,6.727804,2009-07-09,114000000.0,88.0,The Collector,6.3,365.0,2009,,,,Unknown,110600000.0,True,2000,7,Summer,False
14000000.0,12403,en,11.017008,2009-06-08,22852638.0,98.0,A Perfect Getaway,6.2,355.0,2009,,,,Unknown,8852638.0,True,2000,6,Summer,False
45000000.0,20856,en,11.618472,2009-07-31,57881056.0,86.0,Aliens in the Attic,5.3,254.0,2009,,,,Unknown,12881056.0,True,2000,7,Summer,False
30000000.0,17654,en,11.589835,2009-08-05,210819611.0,112.0,District 9,7.3,3451.0,2009,,,,Unknown,180819611.0,True,2000,8,Summer,False
40000000.0,24803,en,8.142089,2009-08-06,129540499.0,123.0,Julie & Julia,6.6,579.0,2009,,,,Unknown,89540499.0,True,2000,8,Summer,False
20000000.0,17335,en,7.175154,2009-04-24,73830340.0,108.0,Obsessed,5.1,138.0,2009,,,,Unknown,53830340.0,True,2000,4,Spring,False
50000000.0,13836,en,8.176147,2009-03-12,106303988.0,98.0,Race to Witch Mountain,5.4,520.0,2009,,,,Unknown,56303988.0,True,2000,3,Spring,False
35000000.0,18126,en,6.332878,2009-04-10,155545279.0,102.0,Hannah Montana: The Movie,6.0,465.0,2009,,,,Unknown,120545279.0,True,2000,4,Spring,False
175000000.0,14869,en,11.787058,2009-08-04,302469017.0,118.0,G.I. Joe: The Rise of Cobra,5.6,1988.0,2009,,,,Unknown,127469017.0,True,2000,8,Summer,True
20000000.0,17134,en,13.591485,2009-03-19,17280326.0,108.0,12 Rounds,5.7,223.0,2009,,,,Unknown,-2719674.0,False,2000,3,Spring,False
,15137,ja,6.592907,2007-09-01,223839.0,97.0,Evangelion: 1.0: You Are (Not) Alone,7.4,132.0,2007,,,,Unknown,,,2000,9,Fall,False
,22051,en,7.003724,2009-07-29,2277396.0,99.0,Adam,6.9,152.0,2009,,,,Unknown,,,2000,7,Summer,False
39000000.0,24420,en,13.682598,2009-08-14,101229792.0,107.0,The Time Traveler's Wife,6.7,815.0,2009,,,,Unknown,62229792.0,True,2000,8,Summer,False
20000000.0,23367,en,5.757056,2009-08-06,5210988.0,111.0,Bandslam,5.4,129.0,2009,,,,Unknown,-14789012.0,False,2000,8,Summer,False
18000000.0,19840,en,9.434281,2009-07-10,15345201.0,102.0,"I Love You, Beth Cooper",5.2,204.0,2009,,,,Unknown,-2654799.0,False,2000,7,Summer,False
150000000.0,19585,en,9.163791,2009-07-21,292817841.0,88.0,G-Force,5.1,519.0,2009,,,,Unknown,142817841.0,True,2000,7,Summer,True
,17336,en,7.036697,2009-04-24,32474120.0,105.0,Fighting,5.5,198.0,2009,,,,Unknown,,,2000,4,Spring,False
230000.0,18533,en,9.521043,2008-10-09,2260712.0,92.0,Bronson,6.9,756.0,2008,,,,Unknown,2030712.0,True,2000,10,Fall,False
,15775,en,4.99289,2004-01-23,,92.0,If Only,6.5,139.0,2004,,,,Unknown,,,2000,1,Winter,
12000000.0,18032,en,12.01334,2008-09-06,7070330.0,103.0,The Secret of Moonacre,6.2,112.0,2008,,,,Unknown,-4929670.0,False,2000,9,Fall,False
15000000.0,25704,en,9.747452,2009-08-21,6405245.0,89.0,Post Grad,5.0,102.0,2009,,,,Unknown,-8594755.0,False,2000,8,Summer,False
17000000.0,23049,en,7.19669,2009-02-06,20455276.0,95.0,My Life in Ruins,5.6,104.0,2009,,,,Unknown,3455276.0,True,2000,2,Winter,False
,26914,en,7.932049,1990-10-12,,95.0,Troll 2,3.6,101.0,1990,,,,Unknown,,,1990,10,Fall,
,26320,en,10.993034,2009-09-03,,120.0,Taking Woodstock,6.2,129.0,2009,,,,Unknown,,,2000,9,Fall,
15000000.0,24150,en,7.490807,2009-08-28,39421467.0,105.0,Halloween II,5.1,273.0,2009,,,,Unknown,24421467.0,True,2000,8,Summer,False
2000000.0,25376,es,11.251632,2009-08-13,33965843.0,129.0,The Secret in Their Eyes,7.8,638.0,2009,,,,Unknown,31965843.0,True,2000,8,Summer,False
30000000.0,12244,en,18.502877,2009-08-19,48428063.0,79.0,9,6.6,1291.0,2009,,,,Unknown,18428063.0,True,2000,8,Summer,False
,22494,en,7.916957,2009-04-24,,83.0,Frequently Asked Questions About Time Travel,7.1,189.0,2009,,,,Unknown,,,2000,4,Spring,
15238800.0,37903,de,11.059855,2009-05-21,,144.0,The White Ribbon,7.2,263.0,2009,,,,Unknown,,,2000,5,Spring,
3500000.0,17445,en,11.040602,2009-07-28,,75.0,Green Lantern: First Flight,6.3,102.0,2009,,,,Unknown,,,2000,7,Summer,
33000000.0,19898,en,10.391425,2009-09-08,20645327.0,108.0,Pandorum,6.5,783.0,2009,,,,Unknown,-12354673.0,False,2000,9,Fall,False
24000000.0,10313,en,6.253084,2009-10-17,68729358.0,93.0,The Men Who Stare at Goats,5.9,755.0,2009,,,,Unknown,44729358.0,True,2000,10,Fall,False
16000000.0,19994,en,13.483131,2009-09-18,31556061.0,100.0,Jennifer's Body,5.3,858.0,2009,,,,Unknown,15556061.0,True,2000,9,Fall,False
22000000.0,11323,en,11.698089,2009-09-18,35424826.0,108.0,The Informant!,6.0,305.0,2009,,,,Unknown,13424826.0,True,2000,9,Fall,False
8000000.0,12569,en,11.23915,2009-09-03,10848783.0,92.0,Extract,5.7,192.0,2009,,,,Unknown,2848783.0,True,2000,9,Fall,False
40000000.0,19912,en,8.805723,2009-08-26,186167139.0,82.0,The Final Destination,5.4,851.0,2009,,,,Unknown,146167139.0,True,2000,8,Summer,False
50000000.0,18501,en,9.730681,2009-09-03,40828540.0,95.0,Gamer,5.6,778.0,2009,,,,Unknown,-9171460.0,False,2000,9,Fall,False
100000000.0,22794,en,11.665693,2009-09-17,242988466.0,90.0,Cloudy with a Chance of Meatballs,6.5,1799.0,2009,,,,Unknown,142988466.0,True,2000,9,Fall,False
,18570,en,6.931952,2008-09-07,,94.0,"Food, Inc.",7.3,223.0,2008,,,,Unknown,,,2000,9,Fall,
5000000.0,22536,ko,5.213648,2009-04-30,,133.0,Thirst,7.0,198.0,2009,,,,Unknown,,,2000,4,Spring,
18000000.0,25643,en,10.279603,2009-09-18,36133014.0,109.0,Love Happens,5.6,188.0,2009,,,,Unknown,18133014.0,True,2000,9,Fall,False
8500000.0,29963,en,14.337355,2009-11-05,4440055.0,119.0,Bright Star,6.8,111.0,2009,,,,Unknown,-4059945.0,False,2000,11,Fall,False
15000.0,23827,en,12.706424,2007-09-14,193355800.0,86.0,Paranormal Activity,5.9,1351.0,2007,,,,Unknown,193340800.0,True,2000,9,Fall,False
10000000.0,20178,en,5.431657,2009-08-20,295750.0,99.0,World's Greatest Dad,6.5,181.0,2009,,,,Unknown,-9704250.0,False,2000,8,Summer,False
20000000.0,22074,en,6.032166,2009-09-06,17436509.0,120.0,Capitalism: A Love Story,7.0,168.0,2009,,,,Unknown,-2563491.0,False,2000,9,Fall,False
,23128,en,12.492389,2009-07-31,1162422.0,92.0,The Cove,7.9,241.0,2009,,,,Unknown,,,2000,7,Summer,False
7000000.0,12573,en,7.971424,2009-10-02,31430334.0,105.0,A Serious Man,6.6,492.0,2009,,,,Unknown,24430334.0,True,2000,10,Fall,False
6000000.0,28053,en,7.016044,2009-03-06,6670712.0,104.0,City Island,6.9,114.0,2009,,,,Unknown,670712.0,True,2000,3,Spring,False
250000.0,24869,en,5.124589,2009-01-23,,106.0,Ink,6.5,102.0,2009,,,,Unknown,,,2000,1,Winter,
12000000.0,23202,en,10.304654,2007-10-05,,82.0,Trick 'r Treat,6.7,389.0,2007,,,,Unknown,,,2000,10,Fall,
15000000.0,22798,en,14.511442,2009-09-13,16633035.0,111.0,Whip It,6.7,366.0,2009,,,,Unknown,1633035.0,True,2000,9,Fall,False
18500000.0,23082,en,7.087161,2009-09-13,31912793.0,100.0,The Invention of Lying,6.0,523.0,2009,,,,Unknown,13412793.0,True,2000,9,Fall,False
80000000.0,19959,en,16.211937,2009-09-24,122444772.0,89.0,Surrogates,5.9,1219.0,2009,,,,Unknown,42444772.0,True,2000,9,Fall,False
23600000.0,19908,en,11.063029,2009-10-07,102391382.0,88.0,Zombieland,7.2,3655.0,2009,,,,Unknown,78791382.0,True,2000,10,Fall,False
,28665,en,6.803354,2009-01-01,,107.0,Fame,5.5,139.0,2009,,,,Unknown,,,2000,1,Winter,
12500000.0,26688,en,5.010852,2009-09-09,27206120.0,101.0,Sorority Row,5.3,179.0,2009,,,,Unknown,14706120.0,True,2000,9,Fall,False
40000000.0,22787,en,7.759722,2009-09-09,12206028.0,101.0,Whiteout,5.3,225.0,2009,,,,Unknown,-27793972.0,False,2000,9,Fall,False
7500000.0,24684,en,8.593196,2009-10-29,26096852.0,100.0,An Education,6.9,423.0,2009,,,,Unknown,18596852.0,True,2000,10,Fall,False
,11156,fr,6.119818,2009-04-22,,110.0,Coco Before Chanel,6.7,254.0,2009,,,,Unknown,,,2000,4,Spring,
70000000.0,19899,en,15.152577,2009-09-19,171844840.0,113.0,Couples Retreat,5.3,601.0,2009,,,,Unknown,101844840.0,True,2000,9,Fall,False
15000000.0,23706,en,9.288013,2009-09-04,40105542.0,99.0,All About Steve,4.7,302.0,2009,,,,Unknown,25105542.0,True,2000,9,Fall,False
,23966,en,10.698928,2008-09-06,,101.0,Deadgirl,5.5,100.0,2008,,,,Unknown,,,2000,9,Fall,
100000000.0,16523,en,12.36223,2009-10-16,100086793.0,101.0,Where the Wild Things Are,6.4,580.0,2009,,,,Unknown,86793.0,True,2000,10,Fall,False
20000000.0,3513,en,5.951361,1998-12-03,,98.0,Legionnaire,5.2,106.0,1998,,,,Unknown,,,1990,12,Winter,
14700000.0,12572,en,13.825651,2008-09-06,8049666.0,103.0,"New York, I Love You",5.7,174.0,2008,,,,Unknown,-6650334.0,False,2000,9,Fall,False
53000000.0,22803,en,16.639047,2009-10-15,126690726.0,109.0,Law Abiding Citizen,7.2,1522.0,2009,,,,Unknown,73690726.0,True,2000,10,Fall,False
,19904,en,6.164529,2009-10-16,,101.0,The Stepfather,5.4,172.0,2009,,,,Unknown,,,2000,10,Fall,
590235.0,24238,en,8.888393,2009-02-09,1725381.0,92.0,Mary and Max,7.8,596.0,2009,,,,Unknown,1135146.0,True,2000,2,Winter,False
,19918,en,11.219086,2009-01-16,12032983.0,97.0,Spread,5.2,272.0,2009,,,,Unknown,,,2000,1,Winter,False
8000000.0,24056,en,8.904174,2009-05-01,,95.0,The Tournament,5.8,186.0,2009,,,,Unknown,,,2000,5,Spring,
25000000.0,22947,en,8.338562,2009-09-05,163670000.0,109.0,Up in the Air,6.7,1246.0,2009,,,,Unknown,138670000.0,True,2000,9,Fall,False
11000000.0,22804,en,17.360894,2009-10-22,68233629.0,90.0,Saw VI,6.0,755.0,2009,,,,Unknown,57233629.0,True,2000,10,Fall,False
60000000.0,13576,en,7.015456,2009-10-28,,111.0,This Is It,6.7,253.0,2009,,,,Unknown,,,2000,10,Fall,
40000000.0,24418,en,10.829432,2009-10-23,28169671.0,109.0,Cirque du Freak: The Vampire's Assistant,5.5,354.0,2009,,,,Unknown,-11830329.0,False,2000,10,Fall,False
8000000.0,22821,en,8.051448,2009-11-24,10629321.0,118.0,The Boondock Saints II: All Saints Day,5.8,264.0,2009,,,,Unknown,2629321.0,True,2000,11,Fall,False
2900000.0,24804,en,10.92143,2009-10-16,296557.0,90.0,Black Dynamite,7.3,204.0,2009,,,,Unknown,-2603443.0,False,2000,10,Fall,False
65000000.0,16577,en,13.293466,2009-10-15,44091067.0,94.0,Astro Boy,6.1,420.0,2009,,,,Unknown,-20908933.0,False,2000,10,Fall,False
40000000.0,10315,en,8.695893,2009-10-23,46471023.0,87.0,Fantastic Mr. Fox,7.5,1206.0,2009,,,,Unknown,6471023.0,True,2000,10,Fall,False
200000000.0,17979,en,12.869273,2009-11-04,325233863.0,96.0,A Christmas Carol,6.6,1137.0,2009,,,,Unknown,125233863.0,True,2000,11,Fall,True
,105077,en,6.190967,2009-10-27,,112.0,Battlestar Galactica: The Plan,6.6,145.0,2009,,,,Unknown,,,2000,10,Fall,
200000000.0,14161,en,16.698628,2009-10-10,769653595.0,158.0,2012,5.6,4994.0,2009,,,,Unknown,569653595.0,True,2000,10,Fall,True
30000000.0,22825,en,10.424946,2009-09-17,33333531.0,115.0,The Box,5.4,610.0,2009,,,,Unknown,3333531.0,True,2000,9,Fall,False
18000000.0,8088,es,6.777379,2009-03-01,,127.0,Broken Embraces,7.1,167.0,2009,,,,Unknown,,,2000,3,Spring,
10000000.0,22824,en,13.751992,2009-11-06,42333295.0,98.0,The Fourth Kind,5.8,451.0,2009,,,,Unknown,32333295.0,True,2000,11,Fall,False
10000000.0,25793,en,8.293548,2009-11-06,47536959.0,110.0,Precious,6.9,426.0,2009,,,,Unknown,37536959.0,True,2000,11,Fall,False
25000000.0,11699,en,8.405395,2009-09-11,10589102.0,122.0,The Bad Lieutenant: Port of Call - New Orleans,6.0,331.0,2009,,,,Unknown,-14410898.0,False,2000,9,Fall,False
50000000.0,18239,en,30.121292,2009-03-15,709827462.0,130.0,The Twilight Saga: New Moon,5.6,2518.0,2009,,,,Unknown,659827462.0,True,2000,3,Spring,True
6500000.0,28089,en,5.499937,2009-11-13,1521261.0,113.0,The Messenger,7.0,120.0,2009,,,,Unknown,-4978739.0,False,2000,11,Fall,False
,14859,en,9.560911,2008-09-13,,93.0,Keith,7.0,162.0,2008,,,,Unknown,,,2000,9,Fall,
40000000.0,22832,en,9.163897,2009-09-29,60462347.0,99.0,Ninja Assassin,6.2,384.0,2009,,,,Unknown,20462347.0,True,2000,9,Fall,False
5700000.0,33273,es,8.075698,2009-11-06,19300483.0,110.0,Cell 211,7.3,288.0,2009,,,,Unknown,13600483.0,True,2000,11,Fall,False
26000000.0,7445,en,9.108917,2009-01-27,43318349.0,104.0,Brothers,6.8,650.0,2009,,,,Unknown,17318349.0,True,2000,1,Winter,False
29000000.0,22881,en,12.753109,2009-11-20,309208309.0,129.0,The Blind Side,7.2,1626.0,2009,,,,Unknown,280208309.0,True,2000,11,Fall,True
35000000.0,22949,en,9.52295,2009-11-24,92219310.0,88.0,Old Dogs,5.2,215.0,2009,,,,Unknown,57219310.0,True,2000,11,Fall,False
70000000.0,16866,en,10.44244,2009-11-19,104945765.0,91.0,Planet 51,5.6,573.0,2009,,,,Unknown,34945765.0,True,2000,11,Fall,False
7000000.0,34653,en,10.952545,2009-10-19,,101.0,A Single Man,7.3,475.0,2009,,,,Unknown,,,2000,10,Fall,
65000000.0,7980,en,12.738789,2009-12-26,93525586.0,136.0,The Lovely Bones,6.6,1101.0,2009,,,,Unknown,28525586.0,True,2000,12,Winter,False
60000000.0,22954,en,9.109838,2009-12-10,122233971.0,134.0,Invictus,7.0,1150.0,2009,,,,Unknown,62233971.0,True,2000,12,Winter,False
105000000.0,10198,en,16.616517,2009-12-08,267045765.0,97.0,The Princess and the Frog,6.7,1293.0,2009,,,,Unknown,162045765.0,True,2000,12,Winter,False
21000000.0,26171,en,6.786855,2009-12-04,,99.0,Everybody's Fine,6.5,291.0,2009,,,,Unknown,,,2000,12,Winter,
20000000.0,4597,en,9.951662,2009-12-04,22942221.0,88.0,Armored,5.5,211.0,2009,,,,Unknown,2942221.0,True,2000,12,Winter,False
,20606,en,6.715813,2009-06-11,,89.0,Doghouse,6.0,117.0,2009,,,,Unknown,,,2000,6,Summer,
58000000.0,24438,en,7.323405,2009-12-17,85280250.0,103.0,Did You Hear About the Morgans?,5.1,281.0,2009,,,,Unknown,27280250.0,True,2000,12,Winter,False
237000000.0,19995,en,185.070892,2009-12-10,2787965087.0,162.0,Avatar,7.2,12114.0,2009,,,,Unknown,2550965087.0,True,2000,12,Winter,True
80000000.0,10197,en,5.658857,2009-12-03,53825515.0,112.0,Nine,5.1,169.0,2009,,,,Unknown,-26174485.0,False,2000,12,Winter,False
85000000.0,22897,en,9.083133,2009-12-23,219103655.0,121.0,It's Complicated,6.2,370.0,2009,,,,Unknown,134103655.0,True,2000,12,Winter,False
90000000.0,10528,en,15.68604,2009-12-23,524028679.0,128.0,Sherlock Holmes,7.0,5883.0,2009,,,,Unknown,434028679.0,True,2000,12,Winter,True
7000000.0,25196,en,9.347931,2009-12-16,39462438.0,112.0,Crazy Heart,6.8,279.0,2009,,,,Unknown,32462438.0,True,2000,12,Winter,False
75000000.0,23398,en,9.909961,2009-12-21,443140005.0,88.0,Alvin and the Chipmunks: The Squeakquel,5.3,688.0,2009,,,,Unknown,368140005.0,True,2000,12,Winter,True
,26123,en,7.432114,2009-06-18,,93.0,American Pie Presents: The Book of Love,5.1,454.0,2009,,,,Unknown,,,2000,6,Summer,
,25769,en,8.153954,2009-09-04,5802422.0,84.0,Carriers,5.8,288.0,2009,,,,Unknown,,,2000,9,Fall,False
1500000.0,23963,en,6.407207,2009-03-06,32000.0,93.0,Pontypool,6.6,187.0,2009,,,,Unknown,-1468000.0,False,2000,3,Spring,False
18000000.0,22327,en,5.433934,2009-09-11,,87.0,Youth in Revolt,5.9,323.0,2009,,,,Unknown,,,2000,9,Fall,
20000000.0,19901,en,10.038613,2009-01-06,51416464.0,98.0,Daybreakers,6.0,646.0,2009,,,,Unknown,31416464.0,True,2000,1,Winter,False
16000000.0,28178,en,8.621359,2009-06-13,47801389.0,93.0,Hachi: A Dog's Tale,7.7,1769.0,2009,,,,Unknown,31801389.0,True,2000,6,Summer,False
19000000.0,25195,en,7.432311,2010-01-08,29922472.0,100.0,Leap Year,6.5,474.0,2010,,,,Unknown,10922472.0,True,2010,1,Winter,False
80000000.0,20504,en,14.39853,2010-01-14,157107755.0,118.0,The Book of Eli,6.6,2207.0,2010,,,,Unknown,77107755.0,True,2010,1,Winter,False
4000000.0,33613,sv,8.405013,2009-11-27,43498108.0,147.0,The Girl Who Kicked the Hornet's Nest,7.0,451.0,2009,,,,Unknown,39498108.0,True,2000,11,Fall,False
13000000.0,21575,fr,6.892315,2009-08-26,,155.0,A Prophet,7.5,398.0,2009,,,,Unknown,,,2000,8,Summer,
20000000.0,24271,en,6.776165,2009-05-09,,91.0,The Maiden Heist,5.8,102.0,2009,,,,Unknown,,,2000,5,Spring,
20000000.0,18476,en,7.455953,2009-02-06,1017401.0,90.0,Horsemen,5.5,124.0,2009,,,,Unknown,-18982599.0,False,2000,2,Winter,False
5000000.0,31175,de,4.79386,2009-09-09,17872796.0,99.0,Soul Kitchen,7.0,117.0,2009,,,,Unknown,12872796.0,True,2000,9,Fall,False
15000000.0,10800,fr,10.938912,2008-03-19,,80.0,Dragon Hunters,6.5,131.0,2008,,,,Unknown,,,2000,3,Spring,
,25676,cn,12.183711,2006-09-28,,126.0,Rob-B-Hood,6.6,107.0,2006,,,,Unknown,,,2000,9,Fall,
,25205,fr,4.318909,2009-09-01,,119.0,The Concert,6.9,129.0,2009,,,,Unknown,,,2000,9,Fall,
97250400.0,2395,fr,9.671944,2008-01-13,132900000.0,116.0,Asterix at the Olympic Games,5.0,486.0,2008,,,,Unknown,35649600.0,True,2000,1,Winter,False
,13855,ko,7.062323,2008-02-14,,125.0,The Chaser,7.7,250.0,2008,,,,Unknown,,,2000,2,Winter,
,13382,en,7.129761,1964-12-06,,52.0,"Rudolph, the Red-Nosed Reindeer",6.9,131.0,1964,,,,Unknown,,,1960,12,Winter,
,33511,en,5.08732,2009-12-25,,98.0,Nowhere Boy,7.2,250.0,2009,,,,Unknown,,,2000,12,Winter,
3700000.0,22164,en,12.673118,2009-02-07,,93.0,Blood and Bone,6.6,131.0,2009,,,,Unknown,,,2000,2,Winter,
,15255,en,18.957084,2006-04-11,,93.0,Undisputed II: Last Man Standing,6.8,148.0,2006,,,,Unknown,,,2000,4,Spring,
9000000.0,20453,hi,7.675621,2009-12-23,70000000.0,170.0,3 Idiots,7.8,850.0,2009,,,,Unknown,61000000.0,True,2000,12,Winter,False
26000000.0,22894,en,13.795875,2010-01-21,67918658.0,100.0,Legion,5.2,643.0,2010,,,,Unknown,41918658.0,True,2010,1,Winter,False
,13477,en,10.118113,2010-01-29,36699403.0,91.0,When in Rome,5.7,389.0,2010,,,,Unknown,,,2010,1,Winter,False
80000000.0,12201,en,9.554067,2010-01-29,74901339.0,117.0,Edge of Darkness,6.2,496.0,2010,,,,Unknown,-5098661.0,False,2010,1,Winter,False
12000000.0,26466,en,10.217404,2009-10-16,,99.0,Triangle,6.9,623.0,2009,,,,Unknown,,,2000,10,Fall,
13000000.0,8952,en,5.773752,2009-01-18,10652035.0,98.0,I Love You Phillip Morris,6.4,514.0,2009,,,,Unknown,-2347965.0,False,2000,1,Winter,False
,12169,fr,6.173752,2008-07-23,,114.0,The First Day of the Rest of Your Life,7.5,139.0,2008,,,,Unknown,,,2000,7,Summer,
,25983,en,5.706196,2009-04-25,,95.0,The House of the Devil,6.0,201.0,2009,,,,Unknown,,,2000,4,Spring,
3000000.0,24469,en,6.070216,2009-05-14,2357852.0,123.0,Fish Tank,6.9,256.0,2009,,,,Unknown,-642148.0,False,2000,5,Spring,False
52000000.0,32856,en,7.466721,2010-02-10,216485654.0,125.0,Valentine's Day,5.7,1043.0,2010,,,,Unknown,164485654.0,True,2010,2,Winter,False
150000000.0,7978,en,9.297209,2010-02-11,,102.0,The Wolfman,5.5,562.0,2010,,,,Unknown,,,2010,2,Winter,
80000000.0,11324,en,15.813629,2010-02-18,294804195.0,138.0,Shutter Island,7.8,6559.0,2010,,,,Unknown,214804195.0,True,2010,2,Winter,True
,24253,sv,14.38601,2009-09-18,66995253.0,129.0,The Girl Who Played with Fire,6.9,561.0,2009,,,,Unknown,,,2000,9,Fall,False
95000000.0,32657,en,9.785895,2010-02-01,226497209.0,118.0,Percy Jackson & the Olympians: The Lightning Thief,6.0,2079.0,2010,,,,Unknown,131497209.0,True,2010,2,Winter,False
30000000.0,23742,en,14.313079,2010-02-26,55583804.0,107.0,Cop Out,5.3,518.0,2010,,,,Unknown,25583804.0,True,2010,2,Winter,False
45000000.0,11439,en,6.76482,2010-02-12,60222298.0,128.0,The Ghost Writer,6.7,681.0,2010,,,,Unknown,15222298.0,True,2010,2,Winter,False
,26963,en,5.544992,2009-02-09,,75.0,The Secret of Kells,7.3,184.0,2009,,,,Unknown,,,2000,2,Winter,
28000000.0,23172,en,6.663422,2010-01-15,45236543.0,94.0,The Spy Next Door,5.5,351.0,2010,,,,Unknown,17236543.0,True,2010,1,Winter,False
70000000.0,26428,en,8.029671,2009-05-17,39041505.0,127.0,Agora,6.9,404.0,2009,,,,Unknown,-30958495.0,False,2000,5,Spring,False
15000000.0,15357,fr,9.133996,2009-02-18,8786375.0,101.0,District 13: Ultimatum,6.0,323.0,2009,,,,Unknown,-6213625.0,False,2000,2,Winter,False
20000000.0,29427,en,10.914556,2010-02-26,54956140.0,101.0,The Crazies,6.2,649.0,2010,,,,Unknown,34956140.0,True,2010,2,Winter,False
25000000.0,22971,en,8.371479,2010-02-04,114977104.0,115.0,Dear John,6.6,1302.0,2010,,,,Unknown,89977104.0,True,2010,2,Winter,False
48000000.0,23023,en,6.74468,2010-01-14,112462508.0,101.0,Tooth Fairy,5.2,500.0,2010,,,,Unknown,64462508.0,True,2010,1,Winter,False
5600000.0,10664,es,8.853168,2009-09-15,18469680.0,85.0,[REC]²,6.5,496.0,2009,,,,Unknown,12869680.0,True,2000,9,Fall,False
,17473,en,6.490979,2003-06-27,,99.0,The Room,4.3,191.0,2003,,,,Unknown,,,2000,6,Summer,
12000000.0,26022,hi,11.264586,2010-02-12,42345360.0,145.0,My Name Is Khan,7.7,237.0,2010,,,,Unknown,30345360.0,True,2010,2,Winter,False
200000000.0,12155,en,17.285093,2010-03-03,1025491110.0,108.0,Alice in Wonderland,6.4,4773.0,2010,,,,Unknown,825491110.0,True,2010,3,Spring,True
100000000.0,22972,en,11.174041,2010-03-11,94882889.0,115.0,Green Zone,6.4,730.0,2010,,,,Unknown,-5117111.0,False,2010,3,Spring,False
52000000.0,26389,en,6.885593,2010-02-05,52826594.0,92.0,From Paris with Love,6.2,684.0,2010,,,,Unknown,826594.0,True,2010,2,Winter,False
,23488,en,11.069608,2009-09-09,4706919.0,112.0,Dorian Gray,5.8,588.0,2009,,,,Unknown,,,2000,9,Fall,False
,27583,en,8.509231,2010-03-26,6153967.0,107.0,Greenberg,6.0,163.0,2010,,,,Unknown,,,2010,3,Spring,False
17000000.0,26390,en,12.50422,2009-01-16,29536299.0,133.0,Brooklyn's Finest,6.2,296.0,2009,,,,Unknown,12536299.0,True,2000,1,Winter,False
20000000.0,34016,en,8.101247,2010-03-11,49779728.0,104.0,She's Out of My League,5.9,544.0,2010,,,,Unknown,29779728.0,True,2010,3,Spring,False
7300000.0,25941,en,7.478206,2009-11-11,10329747.0,103.0,Harry Brown,6.7,351.0,2009,,,,Unknown,3029747.0,True,2000,11,Fall,False
16000000.0,23169,en,8.307719,2010-03-12,56032889.0,113.0,Remember Me,6.9,980.0,2010,,,,Unknown,40032889.0,True,2010,3,Spring,False
,44363,en,10.245682,2010-02-05,3065860.0,93.0,Frozen,5.9,586.0,2010,,,,Unknown,,,2010,2,Winter,False
4000000.0,29426,en,9.159799,2010-05-06,,90.0,Survival of the Dead,4.7,118.0,2010,,,,Unknown,,,2010,5,Spring,
40000000.0,27573,en,6.715263,2010-03-16,136000000.0,110.0,The Bounty Hunter,5.6,878.0,2010,,,,Unknown,96000000.0,True,2010,3,Spring,False
9000000.0,12834,en,9.954095,2009-09-13,985117.0,104.0,Leaves of Grass,5.9,143.0,2009,,,,Unknown,-8014883.0,False,2000,9,Fall,False
32000000.0,31867,en,7.502967,2010-03-18,18409891.0,111.0,Repo Men,6.2,627.0,2010,,,,Unknown,-13590109.0,False,2010,3,Spring,False
27000000.0,28355,en,9.644085,2009-08-13,29000000.0,109.0,Case 39,6.1,580.0,2009,,,,Unknown,2000000.0,True,2000,8,Summer,False
,36970,en,7.785003,2009-10-17,19406406.0,84.0,Oceans,7.3,112.0,2009,,,,Unknown,,,2000,10,Fall,False
36000000.0,23048,en,11.967652,2010-03-26,64572262.0,101.0,Hot Tub Time Machine,5.9,911.0,2010,,,,Unknown,28572262.0,True,2010,3,Spring,False
15000000.0,28211,en,10.445867,2009-03-25,8459458.0,96.0,Chloe,5.9,514.0,2009,,,,Unknown,-6540542.0,False,2000,3,Spring,False
5000000.0,30018,ko,5.030112,2009-05-28,17112713.0,128.0,Mother,7.6,192.0,2009,,,,Unknown,12112713.0,True,2000,5,Spring,False
165000000.0,10191,en,14.416681,2010-03-05,494878759.0,98.0,How to Train Your Dragon,7.5,4319.0,2010,,,,Unknown,329878759.0,True,2010,3,Spring,True
14000000.0,28510,en,8.226,2009-10-01,875386.0,97.0,Universal Soldier: Regeneration,5.2,114.0,2009,,,,Unknown,-13124614.0,False,2000,10,Fall,False
33000000.0,27936,fr,5.278672,2009-10-28,14000000.0,100.0,Micmacs,6.8,150.0,2009,,,,Unknown,-19000000.0,False,2000,10,Fall,False
125000000.0,18823,en,11.972347,2010-04-01,232713139.0,106.0,Clash of the Titans,5.6,2280.0,2010,,,,Unknown,107713139.0,True,2010,4,Spring,False
3500000.0,34769,en,5.600277,2009-09-12,44462.0,101.0,Defendor,6.5,197.0,2009,,,,Unknown,-3455538.0,False,2000,9,Fall,False
28000000.0,23483,en,17.26045,2010-03-22,96188903.0,117.0,Kick-Ass,7.1,4747.0,2010,,,,Unknown,68188903.0,True,2010,3,Spring,False
55000000.0,35056,en,8.443736,2010-04-08,152263880.0,97.0,Date Night,5.9,1148.0,2010,,,,Unknown,97263880.0,True,2010,4,Spring,False
,13417,en,7.680092,2005-12-05,,72.0,Kronk's New Groove,6.0,233.0,2005,,,,Unknown,,,2000,12,Winter,
4500000.0,36419,en,9.063797,2010-04-09,3606395.0,104.0,After.Life,5.4,253.0,2010,,,,Unknown,-893605.0,False,2010,4,Spring,False
10000000.0,27586,en,19.42051,2010-03-19,2995811.0,106.0,The Runaways,6.3,262.0,2010,,,,Unknown,-7004189.0,False,2010,3,Spring,False
21000000.0,34803,en,10.863441,2010-04-15,49050886.0,92.0,Death at a Funeral,5.5,248.0,2010,,,,Unknown,28050886.0,True,2010,4,Spring,False
5641880.0,37861,fr,8.651468,2009-09-04,30638.0,93.0,Valhalla Rising,5.9,323.0,2009,,,,Unknown,-5611242.0,False,2000,9,Fall,False
15000000.0,33217,en,12.139919,2010-03-19,75700498.0,92.0,Diary of a Wimpy Kid,5.9,369.0,2010,,,,Unknown,60700498.0,True,2010,3,Spring,False
,20497,en,5.828623,2008-08-26,,85.0,Ballet Shoes,6.3,103.0,2008,,,,Unknown,,,2000,8,Summer,
,38810,el,17.713581,2009-06-01,110197.0,94.0,Dogtooth,6.9,346.0,2009,,,,Unknown,,,2000,6,Summer,False
25000000.0,34813,en,12.798367,2010-04-23,23580000.0,97.0,The Losers,6.2,522.0,2010,,,,Unknown,-1420000.0,False,2010,4,Spring,False
,35690,en,5.541073,2010-03-31,,107.0,The Last Song,7.0,959.0,2010,,,,Unknown,,,2010,3,Spring,
7000000.0,39053,en,10.42001,2010-06-18,,91.0,Cyrus,6.1,135.0,2010,,,,Unknown,,,2010,6,Summer,
2011799.0,37169,en,12.84585,2009-04-26,,92.0,The Human Centipede (First Sequence),4.9,528.0,2009,,,,Unknown,,,2000,4,Spring,
,39452,en,5.188466,2010-01-24,4790751.0,87.0,Exit Through the Gift Shop,7.6,314.0,2010,,,,Unknown,,,2010,1,Winter,False
45000000.0,32985,en,9.667535,2009-09-16,7810000.0,104.0,Solomon Kane,5.6,399.0,2009,,,,Unknown,-37190000.0,False,2000,9,Fall,False
200000000.0,10138,en,19.083344,2010-04-28,623933331.0,124.0,Iron Man 2,6.6,6969.0,2010,,,,Unknown,423933331.0,True,2010,4,Spring,True
50000000.0,38579,en,12.285545,2010-06-04,83761844.0,87.0,Marmaduke,5.0,150.0,2010,,,,Unknown,33761844.0,True,2010,6,Summer,False
10000000.0,37931,en,11.107782,2010-05-21,6110000.0,90.0,MacGruber,5.1,184.0,2010,,,,Unknown,-3890000.0,False,2010,5,Spring,False
,34069,de,7.937996,2009-09-24,,120.0,Cargo,5.9,141.0,2009,,,,Unknown,,,2000,9,Fall,
35000000.0,23437,en,10.40191,2010-04-30,115664037.0,95.0,A Nightmare on Elm Street,5.5,771.0,2010,,,,Unknown,80664037.0,True,2010,4,Spring,False
967686.0,37495,en,11.934045,2010-05-07,4270000.0,101.0,Four Lions,7.1,428.0,2010,,,,Unknown,3302314.0,True,2010,5,Spring,False
35000000.0,35169,en,10.794556,2010-04-02,39340177.0,92.0,Furry Vengeance,4.6,150.0,2010,,,,Unknown,4340177.0,True,2010,4,Spring,False
,36950,en,14.988063,2010-04-14,,134.0,You Don't Know Jack,6.9,104.0,2010,,,,Unknown,,,2010,4,Spring,
800000.0,38542,en,7.271526,2009-09-12,867714.0,100.0,The Disappearance of Alice Creed,6.4,169.0,2009,,,,Unknown,67714.0,True,2000,9,Fall,False
200000000.0,20662,en,10.56812,2010-05-12,310669540.0,140.0,Robin Hood,6.2,1434.0,2010,,,,Unknown,110669540.0,True,2010,5,Spring,True
3500000.0,46705,en,11.107914,2010-12-27,16566240.0,112.0,Blue Valentine,6.9,911.0,2010,,,,Unknown,13066240.0,True,2010,12,Winter,False
75000000.0,37821,en,6.540621,2010-06-04,98159963.0,100.0,Killers,5.7,792.0,2010,,,,Unknown,23159963.0,True,2010,6,Summer,False
1987650.0,26388,en,7.389437,2010-09-24,19152480.0,94.0,Buried,6.6,853.0,2010,,,,Unknown,17164830.0,True,2010,9,Fall,False
150000000.0,9543,en,18.459955,2010-05-19,335154643.0,116.0,Prince of Persia: The Sands of Time,6.2,2372.0,2010,,,,Unknown,185154643.0,True,2010,5,Spring,True
35000000.0,25846,it,7.109369,2009-09-02,,150.0,Baarìa,7.1,124.0,2009,,,,Unknown,,,2000,9,Fall,
100000000.0,37786,en,7.255991,2010-05-26,288347692.0,146.0,Sex and the City 2,5.5,434.0,2010,,,,Unknown,188347692.0,True,2010,5,Spring,True
40000000.0,32823,en,7.33335,2010-06-04,90029656.0,109.0,Get Him to the Greek,5.9,626.0,2010,,,,Unknown,50029656.0,True,2010,6,Summer,False
15000000.0,38199,en,6.983803,2010-06-14,,97.0,Unthinkable,6.7,430.0,2010,,,,Unknown,,,2010,6,Summer,
35000000.0,34806,en,6.629999,2010-04-23,77477008.0,106.0,The Back-Up Plan,5.7,468.0,2010,,,,Unknown,42477008.0,True,2010,4,Spring,False
26000000.0,37707,en,8.181407,2009-10-06,,104.0,Splice,5.5,682.0,2009,,,,Unknown,,,2000,10,Fall,
30000000.0,37056,en,7.282488,2010-05-14,,105.0,Letters to Juliet,6.6,823.0,2010,,,,Unknown,,,2010,5,Spring,
,34480,en,5.306121,2009-10-14,,94.0,The Descent: Part 2,6.0,276.0,2009,,,,Unknown,,,2000,10,Fall,
,29917,en,5.810371,2009-06-19,,101.0,Exam,6.6,531.0,2009,,,,Unknown,,,2000,6,Summer,
47000000.0,20533,en,9.482806,2010-06-18,10539000.0,80.0,Jonah Hex,4.5,427.0,2010,,,,Unknown,-36461000.0,False,2010,6,Summer,False
110000000.0,34544,en,16.747793,2010-06-10,177238796.0,117.0,The A-Team,6.2,1737.0,2010,,,,Unknown,67238796.0,True,2010,6,Summer,False
200000000.0,10193,en,16.96647,2010-06-16,1066969703.0,103.0,Toy Story 3,7.6,4710.0,2010,,,,Unknown,866969703.0,True,2010,6,Summer,True
2000000.0,39013,en,7.27941,2010-06-11,13831503.0,100.0,Winter's Bone,6.8,575.0,2010,,,,Unknown,11831503.0,True,2010,6,Summer,False
165000000.0,10192,en,11.803808,2010-05-16,752600867.0,93.0,Shrek Forever After,6.0,2021.0,2010,,,,Unknown,587600867.0,True,2010,5,Spring,True
,38780,en,5.085308,2009-08-14,,85.0,Rampage,6.0,132.0,2009,,,,Unknown,,,2000,8,Summer,
13000000.0,37414,en,6.324751,2010-02-19,,109.0,The Killer Inside Me,6.0,175.0,2010,,,,Unknown,,,2010,2,Winter,
,13989,en,5.982091,2008-11-23,,102.0,24: Redemption,7.1,168.0,2008,,,,Unknown,,,2000,11,Fall,
68000000.0,24021,en,34.047399,2010-06-23,698491347.0,124.0,The Twilight Saga: Eclipse,5.9,2382.0,2010,,,,Unknown,630491347.0,True,2010,6,Summer,True
13000000.0,34647,en,8.378149,2009-05-05,754249.0,161.0,Enter the Void,7.2,397.0,2009,,,,Unknown,-12245751.0,False,2000,5,Spring,False
150000000.0,10196,en,9.544657,2010-06-30,318502923.0,103.0,The Last Airbender,4.7,1180.0,2010,,,,Unknown,168502923.0,True,2010,6,Summer,True
40000000.0,34851,en,9.034929,2010-07-03,126248813.0,107.0,Predators,6.0,1231.0,2010,,,,Unknown,86248813.0,True,2010,7,Summer,False
69000000.0,20352,en,22.274502,2010-07-08,543513985.0,95.0,Despicable Me,7.1,6595.0,2010,,,,Unknown,474513985.0,True,2010,7,Summer,True
160000000.0,27205,en,29.108149,2010-07-14,825532764.0,148.0,Inception,8.1,14075.0,2010,,,,Unknown,665532764.0,True,2010,7,Summer,True
80000000.0,38365,en,23.981251,2010-06-24,271430189.0,102.0,Grown Ups,6.0,1746.0,2010,,,,Unknown,191430189.0,True,2010,6,Summer,False
150000000.0,27022,en,12.533525,2010-07-13,215283742.0,109.0,The Sorcerer's Apprentice,5.9,1526.0,2010,,,,Unknown,65283742.0,True,2010,7,Summer,False
117000000.0,37834,en,12.758942,2010-06-15,261930431.0,109.0,Knight and Day,5.9,1583.0,2010,,,,Unknown,144930431.0,True,2010,6,Summer,False
40000000.0,38575,en,11.690781,2010-06-10,357852395.0,140.0,The Karate Kid,6.2,1675.0,2010,,,,Unknown,317852395.0,True,2010,6,Summer,True
3500000.0,39781,en,5.899155,2010-07-09,34705850.0,106.0,The Kids Are All Right,6.5,512.0,2010,,,,Unknown,31205850.0,True,2010,7,Summer,False
,73861,sr,10.431742,2010-06-16,,104.0,A Serbian Film,5.5,408.0,2010,,,,Unknown,,,2010,6,Summer,
,40662,en,7.039325,2010-07-27,6629178.0,75.0,Batman: Under the Red Hood,7.6,459.0,2010,,,,Unknown,,,2010,7,Summer,False
110000000.0,27576,en,8.704455,2010-07-21,293329073.0,100.0,Salt,6.2,2125.0,2010,,,,Unknown,183329073.0,True,2010,7,Summer,True
47000000.0,31011,en,11.817059,2009-09-11,3547209.0,156.0,Mr. Nobody,7.9,1616.0,2009,,,,Unknown,-43452791.0,False,2000,9,Fall,False
69000000.0,38778,en,11.623718,2010-07-30,86387857.0,114.0,Dinner for Schmucks,5.5,542.0,2010,,,,Unknown,17387857.0,True,2010,7,Summer,False
35000000.0,35019,en,8.983275,2010-03-26,93246388.0,109.0,Nanny McPhee and the Big Bang,6.0,450.0,2010,,,,Unknown,58246388.0,True,2010,3,Spring,False
,31203,fr,9.625107,2009-09-30,,91.0,Little Nicholas,5.9,315.0,2009,,,,Unknown,,,2000,9,Fall,
12902809.0,37472,cn,1.9602,2010-04-21,36000000.0,109.0,Ip Man 2,7.2,684.0,2010,,,,Unknown,23097191.0,True,2010,4,Spring,False
,38843,en,7.467591,2010-07-23,,103.0,Ramona and Beezus,6.2,249.0,2010,,,,Unknown,,,2010,7,Summer,
44000000.0,37950,en,6.273131,2010-05-01,48190704.0,99.0,Charlie St. Cloud,6.8,589.0,2010,,,,Unknown,4190704.0,True,2010,5,Spring,False
,24122,en,8.323775,2009-09-16,,95.0,The Rebound,5.9,224.0,2009,,,,Unknown,,,2000,9,Fall,
100000000.0,27581,en,12.536621,2010-08-06,170432927.0,107.0,The Other Guys,6.1,1406.0,2010,,,,Unknown,70432927.0,True,2010,8,Summer,False
80000000.0,27578,en,14.75562,2010-08-03,274470394.0,103.0,The Expendables,6.0,2977.0,2010,,,,Unknown,194470394.0,True,2010,8,Summer,False
60000000.0,22538,en,13.793301,2010-07-27,47664559.0,112.0,Scott Pilgrim vs. the World,7.2,2185.0,2010,,,,Unknown,-12335441.0,False,2010,7,Summer,False
5000000.0,44629,en,9.649312,2010-06-03,1000000.0,113.0,Animal Kingdom,6.7,240.0,2010,,,,Unknown,-4000000.0,False,2010,6,Summer,False
12000000.0,23759,en,13.00941,2010-02-15,6814789.0,97.0,Centurion,6.0,394.0,2010,,,,Unknown,-5185211.0,False,2010,2,Winter,False
,26280,fr,6.662036,2009-06-05,,96.0,I Killed My Mother,7.7,320.0,2009,,,,Unknown,,,2000,6,Summer,
21800000.0,43549,en,9.662564,2010-07-15,,96.0,The Experiment,6.4,304.0,2010,,,,Unknown,,,2010,7,Summer,
24000000.0,43593,en,8.212132,2010-08-20,83188165.0,88.0,Piranha 3D,5.3,599.0,2010,,,,Unknown,59188165.0,True,2010,8,Summer,False
25000000.0,35552,fr,6.710598,2010-04-09,34100000.0,105.0,The Extraordinary Adventures of Adèle Blanc-Sec,5.9,325.0,2010,,,,Unknown,9100000.0,True,2010,4,Spring,False
7500000.0,44718,en,4.678848,2010-01-22,,103.0,Get Low,6.5,100.0,2010,,,,Unknown,,,2010,1,Winter,
10000000.0,41479,en,6.632194,2009-09-13,7022728.0,96.0,The Joneses,6.1,212.0,2009,,,,Unknown,-2977272.0,False,2000,9,Fall,False
30000000.0,42194,en,12.17886,2010-03-20,967000.0,92.0,TEKKEN,5.2,185.0,2010,,,,Unknown,-29033000.0,False,2010,3,Spring,False
1800000.0,38358,en,6.397109,2010-08-27,67738090.0,87.0,The Last Exorcism,5.6,330.0,2010,,,,Unknown,65938090.0,True,2010,8,Summer,False
20000000.0,27579,en,7.275649,2010-08-31,65464324.0,104.0,The American,5.8,488.0,2010,,,,Unknown,45464324.0,True,2010,8,Summer,False
,14158,en,8.585765,2007-12-18,,64.0,Jackass 2.5,5.8,140.0,2007,,,,Unknown,,,2000,12,Winter,
,37905,fr,5.319546,2009-08-28,,90.0,The Horde,5.7,104.0,2009,,,,Unknown,,,2000,8,Summer,
19000000.0,41210,en,5.695408,2010-05-11,49830607.0,101.0,The Switch,5.9,599.0,2010,,,,Unknown,30830607.0,True,2010,5,Spring,False
20000000.0,23631,en,7.120403,2010-09-01,31327899.0,105.0,Machete,6.3,1171.0,2010,,,,Unknown,11327899.0,True,2010,9,Fall,False
30000000.0,41233,en,9.111782,2010-08-04,159291809.0,107.0,Step Up 3D,6.6,595.0,2010,,,,Unknown,129291809.0,True,2010,8,Summer,False
32000000.0,38073,en,6.876053,2010-09-01,42045846.0,102.0,Going the Distance,6.0,271.0,2010,,,,Unknown,10045846.0,True,2010,9,Fall,False
20000000.0,40264,en,8.129407,2010-08-18,80547866.0,82.0,Vampires Suck,4.2,326.0,2010,,,,Unknown,60547866.0,True,2010,8,Summer,False
60000000.0,35791,en,0.452934,2010-09-09,300228084.0,97.0,Resident Evil: Afterlife,5.8,1382.0,2010,,,,Unknown,240228084.0,True,2010,9,Fall,True
24000000.0,37645,fr,6.69573,2010-03-23,,115.0,22 Bullets,6.4,285.0,2010,,,,Unknown,,,2010,3,Spring,
40000000.0,37799,en,16.972995,2010-09-30,224920315.0,120.0,The Social Network,7.1,3492.0,2010,,,,Unknown,184920315.0,True,2010,9,Fall,False
3500000.0,45162,en,5.860115,2010-09-28,,78.0,Superman/Batman: Apocalypse,7.0,171.0,2010,,,,Unknown,,,2010,9,Fall,
37000000.0,23168,en,13.081203,2010-09-15,154026136.0,125.0,The Town,7.0,1516.0,2010,,,,Unknown,117026136.0,True,2010,9,Fall,False
8000000.0,37735,en,15.138144,2010-09-10,74952305.0,92.0,Easy A,6.7,2282.0,2010,,,,Unknown,66952305.0,True,2010,9,Fall,False
60000000.0,38167,en,15.904834,2010-08-12,204594016.0,133.0,Eat Pray Love,5.8,655.0,2010,,,,Unknown,144594016.0,True,2010,8,Summer,False
,43939,en,5.268636,2010-09-10,,107.0,I'm Still Here,6.3,103.0,2010,,,,Unknown,,,2010,9,Fall,
14000000.0,43949,en,10.279685,2010-08-06,1755212.0,89.0,Flipped,7.4,426.0,2010,,,,Unknown,-12244788.0,False,2010,8,Summer,False
70000000.0,33909,en,9.819864,2010-09-02,134748021.0,133.0,Wall Street: Money Never Sleeps,5.8,504.0,2010,,,,Unknown,64748021.0,True,2010,9,Fall,False
80000000.0,41216,en,17.674048,2010-07-10,140073390.0,97.0,Legend of the Guardians: The Owls of Ga'Hoole,6.5,715.0,2010,,,,Unknown,60073390.0,True,2010,7,Summer,False
85000000.0,39691,en,7.941637,2010-07-30,112483764.0,82.0,Cats & Dogs 2 : The Revenge of Kitty Galore,4.9,122.0,2010,,,,Unknown,27483764.0,True,2010,7,Summer,False
8000000.0,43923,en,8.172013,2010-07-06,6491240.0,101.0,It's Kind of a Funny Story,6.9,691.0,2010,,,,Unknown,-1508760.0,False,2010,7,Summer,False
,38961,en,10.201299,2010-07-14,,111.0,Tamara Drewe,5.8,142.0,2010,,,,Unknown,,,2010,7,Summer,
20000000.0,41402,en,11.11946,2010-10-01,24145613.0,116.0,Let Me In,6.7,656.0,2010,,,,Unknown,4145613.0,True,2010,10,Fall,False
35000000.0,39486,en,7.681383,2010-08-20,60251371.0,123.0,Secretariat,6.8,103.0,2010,,,,Unknown,25251371.0,True,2010,8,Summer,False
10000000.0,44040,en,7.094276,2010-01-13,33583175.0,80.0,Devil,5.8,836.0,2010,,,,Unknown,23583175.0,True,2010,1,Winter,False
20000000.0,38303,en,12.820452,2010-09-24,32005248.0,105.0,You Again,6.0,380.0,2010,,,,Unknown,12005248.0,True,2010,9,Fall,False
38000000.0,38408,en,7.824962,2010-10-02,105610124.0,114.0,Life As We Know It,6.6,873.0,2010,,,,Unknown,67610124.0,True,2010,10,Fall,False
30000.0,42296,en,5.174738,2010-09-17,3045943.0,87.0,Catfish,6.5,201.0,2010,,,,Unknown,3015943.0,True,2010,9,Fall,False
22000000.0,38031,en,6.36477,2010-05-23,,98.0,You Will Meet a Tall Dark Stranger,5.8,254.0,2010,,,,Unknown,,,2010,5,Spring,
22000000.0,44113,en,11.275132,2010-10-07,9479718.0,105.0,Stone,5.2,195.0,2010,,,,Unknown,-12520282.0,False,2010,10,Fall,False
2000000.0,44639,en,10.30535,2010-10-08,7871522.0,109.0,Inside Job,7.7,287.0,2010,,,,Unknown,5871522.0,True,2010,10,Fall,False
500000.0,43933,en,6.154375,2010-06-18,4242978.0,94.0,Monsters,6.2,597.0,2010,,,,Unknown,3742978.0,True,2010,6,Summer,False
12500000.0,45094,en,11.024462,2010-09-11,6732980.0,107.0,Conviction,7.0,195.0,2010,,,,Unknown,-5767020.0,False,2010,9,Fall,False
15000000.0,42188,en,8.278794,2010-09-15,9455232.0,104.0,Never Let Me Go,6.8,755.0,2010,,,,Unknown,-5544768.0,False,2010,9,Fall,False
18000000.0,41201,fr,6.971611,2010-02-16,5602431.0,80.0,The Illusionist,7.2,177.0,2010,,,,Unknown,-12397569.0,False,2010,2,Winter,False
,46837,en,5.44702,2010-08-22,539957.0,86.0,Kaboom,5.5,113.0,2010,,,,Unknown,,,2010,8,Summer,False
500000.0,45649,en,5.305905,2010-07-09,98017.0,85.0,Rubber,5.7,252.0,2010,,,,Unknown,-401983.0,False,2010,7,Summer,False
22000000.0,41505,en,11.634377,2010-03-27,851517.0,112.0,Shelter,5.7,213.0,2010,,,,Unknown,-21148483.0,False,2010,3,Spring,False
20000000.0,16290,en,10.997518,2010-10-15,117224271.0,94.0,Jackass 3D,6.4,434.0,2010,,,,Unknown,97224271.0,True,2010,10,Fall,False
,39312,en,4.577881,2010-06-25,1422910.0,93.0,Restrepo,7.3,117.0,2010,,,,Unknown,,,2010,6,Summer,False
,45650,en,5.873597,2009-09-09,,92.0,The Hole,5.6,249.0,2009,,,,Unknown,,,2000,9,Fall,
,42941,en,7.320221,2010-10-04,,92.0,30 Days of Night: Dark Days,4.8,121.0,2010,,,,Unknown,,,2010,10,Fall,
58000000.0,39514,en,12.595165,2010-10-13,71664962.0,111.0,RED,6.6,2858.0,2010,,,,Unknown,13664962.0,True,2010,10,Fall,False
15000000.0,44716,da,7.671851,2010-08-26,,119.0,In a Better World,7.3,116.0,2010,,,,Unknown,,,2010,8,Summer,
25000000.0,43931,en,5.282976,2010-10-08,19829957.0,107.0,My Soul to Take,5.2,150.0,2010,,,,Unknown,-5170043.0,False,2010,10,Fall,False
8700000.0,41211,fr,5.546687,2010-03-17,47355187.0,105.0,Heartbreaker,6.5,388.0,2010,,,,Unknown,38655187.0,True,2010,3,Spring,False
3000000.0,41436,en,7.388933,2010-10-20,177512032.0,91.0,Paranormal Activity 2,5.7,734.0,2010,,,,Unknown,174512032.0,True,2010,10,Fall,False
,51241,fr,5.483163,2010-05-16,62985.0,97.0,Heartbeats,7.4,265.0,2010,,,,Unknown,,,2010,5,Spring,False
50000000.0,44603,en,7.942766,2010-10-15,105197635.0,129.0,Hereafter,5.8,517.0,2010,,,,Unknown,55197635.0,True,2010,10,Fall,False
,41215,en,12.183845,2010-06-07,265318.0,102.0,Black Death,5.9,252.0,2010,,,,Unknown,,,2010,6,Summer,False
3000000.0,38234,en,16.201377,2010-05-22,,96.0,Undisputed III : Redemption,7.3,182.0,2010,,,,Unknown,,,2010,5,Spring,
20000000.0,41439,en,16.626655,2010-10-21,136150434.0,90.0,Saw: The Final Chapter,5.8,758.0,2010,,,,Unknown,116150434.0,True,2010,10,Fall,False
65000000.0,41733,en,11.73956,2010-11-04,211780824.0,95.0,Due Date,6.2,1737.0,2010,,,,Unknown,146780824.0,True,2010,11,Fall,False
18000000.0,44115,en,11.176797,2010-11-05,35692920.0,94.0,127 Hours,7.0,2668.0,2010,,,,Unknown,17692920.0,True,2010,11,Fall,False
130000000.0,38055,en,11.603905,2010-10-28,321887208.0,95.0,Megamind,6.7,1968.0,2010,,,,Unknown,191887208.0,True,2010,10,Fall,True
13000000.0,44214,en,12.989056,2010-12-02,327803731.0,108.0,Black Swan,7.3,4562.0,2010,,,,Unknown,314803731.0,True,2010,12,Winter,True
,49953,en,11.031851,2010-08-03,,88.0,A Turtle's Tale: Sammy's Adventures,5.6,153.0,2010,,,,Unknown,,,2010,8,Summer,
22000000.0,38363,en,6.303785,2010-05-20,24188922.0,108.0,Fair Game,6.5,239.0,2010,,,,Unknown,2188922.0,True,2010,5,Spring,False
100000000.0,44048,en,12.697059,2010-11-04,167805466.0,98.0,Unstoppable,6.3,1193.0,2010,,,,Unknown,67805466.0,True,2010,11,Fall,False
40000000.0,38357,en,10.771255,2010-01-12,58785180.0,102.0,Morning Glory,6.1,420.0,2010,,,,Unknown,18785180.0,True,2010,1,Winter,False
30000000.0,43539,en,9.591425,2010-11-18,51148651.0,133.0,The Next Three Days,6.9,927.0,2010,,,,Unknown,21148651.0,True,2010,11,Fall,False
8000000.0,39210,en,7.098301,2010-09-03,,98.0,Somewhere,6.0,212.0,2010,,,,Unknown,,,2010,9,Fall,
8000000.0,44147,en,6.712894,2010-06-17,3453043.0,98.0,Wild Target,6.4,218.0,2010,,,,Unknown,-4546957.0,False,2010,6,Summer,False
,45958,es,7.131568,2010-10-20,25147786.0,148.0,Biutiful,7.1,299.0,2010,,,,Unknown,,,2010,10,Fall,False
250000000.0,12444,en,23.300362,2010-10-17,954305868.0,146.0,Harry Potter and the Deathly Hallows: Part 1,7.5,5708.0,2010,,,,Unknown,704305868.0,True,2010,10,Fall,True
15000000.0,45269,en,11.260387,2010-09-06,414211549.0,118.0,The King's Speech,7.6,2817.0,2010,,,,Unknown,399211549.0,True,2010,9,Fall,True
260000000.0,38757,en,14.684761,2010-11-24,591794936.0,100.0,Tangled,7.4,3419.0,2010,,,,Unknown,331794936.0,True,2010,11,Fall,True
25000000.0,45317,en,14.141837,2010-12-17,93617009.0,116.0,The Fighter,7.2,1512.0,2010,,,,Unknown,68617009.0,True,2010,12,Winter,False
,49787,en,8.377115,2010-05-15,,94.0,The Reef,5.4,132.0,2010,,,,Unknown,,,2010,5,Spring,
,46420,en,5.624576,2009-09-13,,84.0,The Loved Ones,6.6,208.0,2009,,,,Unknown,,,2000,9,Fall,
25000000.0,48838,en,11.421915,2010-11-10,4644108.0,103.0,London Boulevard,5.7,261.0,2010,,,,Unknown,-20355892.0,False,2010,11,Fall,False
10000000.0,42684,en,7.676017,2010-11-11,66821036.0,100.0,Skyline,4.7,516.0,2010,,,,Unknown,56821036.0,True,2010,11,Fall,False
17000000.0,38117,en,7.364563,2011-01-21,43165571.0,86.0,Beastly,5.9,878.0,2011,,,,Unknown,26165571.0,True,2010,1,Winter,False
30000000.0,43347,en,7.575696,2010-11-22,102820008.0,112.0,Love & Other Drugs,6.6,1268.0,2010,,,,Unknown,72820008.0,True,2010,11,Fall,False
155000000.0,10140,en,12.383398,2010-08-13,415686217.0,113.0,The Chronicles of Narnia: The Voyage of the Dawn Treader,6.2,1555.0,2010,,,,Unknown,260686217.0,True,2010,8,Summer,True
100000000.0,37710,en,12.845045,2010-12-08,278731369.0,103.0,The Tourist,6.0,1744.0,2010,,,,Unknown,178731369.0,True,2010,12,Winter,False
,48946,en,13.382622,2010-08-11,,97.0,Chatroom,5.9,113.0,2010,,,,Unknown,,,2010,8,Summer,
1948000.0,48395,fi,4.51319,2010-12-03,,84.0,Rare Exports: A Christmas Tale,6.4,143.0,2010,,,,Unknown,,,2010,12,Winter,
,44982,en,14.67986,2010-03-12,3317662.0,97.0,13,5.9,247.0,2010,,,,Unknown,,,2010,3,Spring,False
,46503,en,11.691146,2010-12-03,,101.0,All Good Things,5.9,294.0,2010,,,,Unknown,,,2010,12,Winter,
27000000.0,43930,en,4.983475,2010-08-08,16504936.0,103.0,"Tomorrow, When the War Began",6.2,195.0,2010,,,,Unknown,-10495064.0,False,2010,8,Summer,False
38000000.0,44264,en,10.730765,2010-12-22,252276927.0,110.0,True Grit,7.2,1701.0,2010,,,,Unknown,214276927.0,True,2010,12,Winter,False
170000000.0,20526,en,21.259,2010-12-10,400062763.0,125.0,TRON: Legacy,6.3,2895.0,2010,,,,Unknown,230062763.0,True,2010,12,Winter,True
120000000.0,42888,en,5.458387,2010-12-17,48668907.0,121.0,How Do You Know,4.9,229.0,2010,,,,Unknown,-71331093.0,False,2010,12,Winter,False
30000000.0,46829,en,7.524794,2010-10-26,8454301.0,134.0,Barney's Version,7.2,131.0,2010,,,,Unknown,-21545699.0,False,2010,10,Fall,False
15000000.0,44129,en,5.858803,2010-10-21,4882577.0,104.0,The Company Men,6.4,218.0,2010,,,,Unknown,-10117423.0,False,2010,10,Fall,False
,49797,ko,8.435562,2010-08-12,,141.0,I Saw the Devil,7.6,534.0,2010,,,,Unknown,,,2010,8,Summer,
24000000.0,41283,en,9.014972,2010-11-23,23081726.0,98.0,Faster,6.1,577.0,2010,,,,Unknown,-918274.0,False,2010,11,Fall,False
5000000.0,27585,en,7.007993,2010-12-16,5129058.0,91.0,Rabbit Hole,6.8,167.0,2010,,,,Unknown,129058.0,True,2010,12,Winter,False
100000000.0,39451,en,9.73941,2010-12-21,310650585.0,98.0,Little Fockers,5.5,1092.0,2010,,,,Unknown,210650585.0,True,2010,12,Winter,True
112000000.0,38745,en,7.565799,2010-12-25,237382724.0,85.0,Gulliver's Travels,4.9,633.0,2010,,,,Unknown,125382724.0,True,2010,12,Winter,False
,33107,en,6.904518,2010-02-25,,91.0,And Soon the Darkness,5.0,106.0,2010,,,,Unknown,,,2010,2,Winter,
55000000.0,42297,en,9.276539,2010-11-23,89519773.0,119.0,Burlesque,6.9,581.0,2010,,,,Unknown,34519773.0,True,2010,11,Fall,False
37000000.0,51739,ja,8.636052,2010-07-16,145570827.0,94.0,The Secret World of Arrietty,7.4,701.0,2010,,,,Unknown,108570827.0,True,2010,7,Summer,False
5000000.0,46838,en,6.771868,2010-01-22,5476793.0,89.0,Tucker and Dale vs Evil,7.3,860.0,2010,,,,Unknown,476793.0,True,2010,1,Winter,False
80000000.0,41515,en,6.598296,2010-12-11,201584141.0,80.0,Yogi Bear,5.2,228.0,2010,,,,Unknown,121584141.0,True,2010,12,Winter,False
7000000.0,23830,en,15.280219,2010-05-11,7644937.0,90.0,Last Night,6.1,243.0,2010,,,,Unknown,644937.0,True,2010,5,Spring,False
120000000.0,40805,en,7.888013,2011-01-12,227817248.0,119.0,The Green Hornet,5.5,1274.0,2011,,,,Unknown,107817248.0,True,2010,1,Winter,False
30000000.0,49009,en,9.402082,2010-09-03,20348249.0,133.0,The Way Back,6.8,462.0,2010,,,,Unknown,-9651751.0,False,2010,9,Fall,False
42000000.0,46528,en,5.510805,2010-12-02,11087569.0,100.0,The Warrior's Way,6.3,138.0,2010,,,,Unknown,-30912431.0,False,2010,12,Winter,False
40000000.0,23047,en,13.471159,2011-01-07,88100000.0,95.0,Season of the Witch,5.2,756.0,2011,,,,Unknown,48100000.0,True,2010,1,Winter,False
163000000.0,49849,en,10.958669,2011-07-29,174822325.0,119.0,Cowboys & Aliens,5.4,2054.0,2011,,,,Unknown,11822325.0,True,2010,7,Summer,False
,35052,en,7.836321,2009-12-04,,104.0,Cracks,6.6,120.0,2009,,,,Unknown,,,2000,12,Winter,
70000000.0,44564,en,7.513067,2011-01-13,67112664.0,111.0,The Dilemma,5.2,306.0,2011,,,,Unknown,-2887336.0,False,2010,1,Winter,False
,63578,en,8.832903,2010-09-01,951179.0,107.0,The Trip,7.0,117.0,2010,,,,Unknown,,,2010,9,Fall,False
27000000.0,51876,en,12.114955,2011-03-08,161849455.0,105.0,Limitless,7.1,3888.0,2011,,,,Unknown,134849455.0,True,2010,3,Spring,False
,22843,ja,6.518028,2009-06-26,41162041.0,108.0,Evangelion: 2.0 You Can (Not) Advance,7.7,129.0,2009,,,,Unknown,,,2000,6,Summer,False
2000000.0,43947,en,12.805294,2010-06-17,572809.0,108.0,I Spit on Your Grave,6.3,537.0,2010,,,,Unknown,-1427191.0,False,2010,6,Summer,False
,31007,en,6.182802,2010-10-29,42145.0,110.0,Welcome to the Rileys,6.5,141.0,2010,,,,Unknown,,,2010,10,Fall,False
,12536,en,6.137056,2002-11-02,,89.0,Home Alone 4,3.9,239.0,2002,,,,Unknown,,,2000,11,Fall,
25000000.0,41630,en,8.88057,2011-01-21,147780440.0,107.0,No Strings Attached,6.1,1367.0,2011,,,,Unknown,122780440.0,True,2010,1,Winter,False
40000000.0,50348,en,6.807442,2011-03-17,85412898.0,119.0,The Lincoln Lawyer,7.0,923.0,2011,,,,Unknown,45412898.0,True,2010,3,Spring,False
37000000.0,48171,en,7.128117,2011-01-28,96047633.0,114.0,The Rite,5.8,577.0,2011,,,,Unknown,59047633.0,True,2010,1,Winter,False
,43920,en,5.059285,2010-04-24,430041.0,91.0,Dog Pound,7.5,104.0,2010,,,,Unknown,,,2010,4,Spring,False
3500000.0,56590,en,7.786765,2011-02-22,,76.0,All Star Superman,6.8,121.0,2011,,,,Unknown,,,2010,2,Winter,
30000000.0,48138,en,14.443599,2011-02-16,130786397.0,113.0,Unknown,6.5,1288.0,2011,,,,Unknown,100786397.0,True,2010,2,Winter,False
30000000.0,48340,en,7.000775,2011-02-03,108609310.0,108.0,Sanctum,5.8,347.0,2011,,,,Unknown,78609310.0,True,2010,2,Winter,False
,52067,en,4.84886,2011-02-11,6861102.0,87.0,Cedar Rapids,5.9,135.0,2011,,,,Unknown,,,2010,2,Winter,False
,46441,en,5.936241,2010-10-18,,86.0,Mirrors 2,5.4,110.0,2010,,,,Unknown,,,2010,10,Fall,
36000000.0,45772,en,9.244469,2011-01-13,189712432.0,84.0,Gnomeo & Juliet,5.8,547.0,2011,,,,Unknown,153712432.0,True,2010,1,Winter,False
10000000.0,50204,en,7.787593,2010-10-29,4349187.0,91.0,Burke & Hare,6.1,151.0,2010,,,,Unknown,-5650813.0,False,2010,10,Fall,False
,18438,ko,6.266701,2009-05-14,,119.0,Castaway on the Moon,8.1,130.0,2009,,,,Unknown,,,2000,5,Spring,
10000000.0,43552,en,8.419427,2010-09-11,1068682.0,92.0,Vanishing on 7th Street,4.8,165.0,2010,,,,Unknown,-8931318.0,False,2010,9,Fall,False
40000000.0,39513,en,10.24382,2011-02-14,97552050.0,104.0,Paul,6.5,1825.0,2011,,,,Unknown,57552050.0,True,2010,2,Winter,False
50000000.0,47327,en,7.668829,2011-02-24,28931401.0,105.0,Drive Angry,5.3,608.0,2011,,,,Unknown,-21068599.0,False,2010,2,Winter,False
135000000.0,44896,en,10.581925,2011-03-02,245724603.0,107.0,Rango,6.6,2094.0,2011,,,,Unknown,110724603.0,True,2010,3,Spring,False
19000000.0,50725,en,8.132811,2011-03-04,6928068.0,97.0,Take Me Home Tonight,6.2,215.0,2011,,,,Unknown,-12071932.0,False,2010,3,Spring,False
,54186,ja,5.882762,2010-06-04,,106.0,Confessions,7.6,233.0,2010,,,,Unknown,,,2010,6,Summer,
50200000.0,38050,en,9.420301,2011-03-03,127869379.0,106.0,The Adjustment Bureau,6.5,1677.0,2011,,,,Unknown,77669379.0,True,2010,3,Spring,False
40000000.0,27582,en,9.832342,2011-01-13,51070807.0,93.0,The Mechanic,6.3,1066.0,2011,,,,Unknown,11070807.0,True,2010,1,Winter,False
36000000.0,48988,en,9.13273,2011-02-25,83160734.0,105.0,Hall Pass,5.4,627.0,2011,,,,Unknown,47160734.0,True,2010,2,Winter,False
25000000.0,49494,en,6.196929,2011-02-08,27122040.0,114.0,The Eagle,5.9,426.0,2011,,,,Unknown,2122040.0,True,2010,2,Winter,False
50000000.0,46529,en,9.388376,2011-02-18,144492830.0,109.0,I Am Number Four,5.9,1606.0,2011,,,,Unknown,94492830.0,True,2010,2,Winter,False
70000000.0,44943,en,6.753746,2011-03-08,202466756.0,116.0,Battle: Los Angeles,5.5,1462.0,2011,,,,Unknown,132466756.0,True,2010,3,Spring,False
,28874,ja,12.653798,2009-08-01,80768.0,114.0,Summer Wars,7.4,265.0,2009,,,,Unknown,,,2000,8,Summer,False
,56831,en,4.470133,2011-02-12,,90.0,The Sunset Limited,7.1,110.0,2011,,,,Unknown,,,2010,2,Winter,
150000000.0,50321,en,7.24717,2011-03-09,38992758.0,88.0,Mars Needs Moms,5.6,202.0,2011,,,,Unknown,-111007242.0,False,2010,3,Spring,False
,47931,pt,12.334357,2010-10-08,63027681.0,115.0,Elite Squad: The Enemy Within,7.5,477.0,2010,,,,Unknown,,,2010,10,Fall,False
80000000.0,15362,fr,8.835512,2008-11-19,,133.0,Mesrine: Public Enemy #1,7.3,223.0,2008,,,,Unknown,,,2000,11,Fall,
80000000.0,50546,en,9.267959,2011-02-10,214918407.0,117.0,Just Go with It,6.3,1588.0,2011,,,,Unknown,134918407.0,True,2010,2,Winter,False
,51447,fr,5.899325,2010-11-10,1611000.0,103.0,Trophy Wife,6.1,105.0,2010,,,,Unknown,,,2010,11,Fall,False
42000000.0,49730,en,10.174298,2011-03-11,89162162.0,100.0,Red Riding Hood,5.7,958.0,2011,,,,Unknown,47162162.0,True,2010,3,Spring,False
32000000.0,38322,en,7.564777,2011-02-16,83615414.0,107.0,"Big Mommas: Like Father, Like Son",5.3,322.0,2011,,,,Unknown,51615414.0,True,2010,2,Winter,False
2500000.0,45132,en,8.309635,2010-09-09,324138.0,96.0,Super,6.6,446.0,2010,,,,Unknown,-2175862.0,False,2010,9,Fall,False
3500000.0,46146,nb,6.097684,2010-10-29,4159678.0,103.0,Troll Hunter,6.7,590.0,2010,,,,Unknown,659678.0,True,2010,10,Fall,False
32000000.0,45612,en,9.796962,2011-03-30,147332697.0,93.0,Source Code,7.1,2752.0,2011,,,,Unknown,115332697.0,True,2010,3,Spring,False
,38684,en,7.089084,2011-03-11,34710627.0,120.0,Jane Eyre,7.0,438.0,2011,,,,Unknown,,,2010,3,Spring,False
82000000.0,23629,en,13.779527,2011-03-24,89792502.0,110.0,Sucker Punch,5.9,1661.0,2011,,,,Unknown,7792502.0,True,2010,3,Spring,False
8000000.0,58232,en,6.496259,2011-02-02,1749457.0,96.0,Chalet Girl,6.4,209.0,2011,,,,Unknown,-6250543.0,False,2010,2,Winter,False
,37534,en,4.818627,2009-12-18,,108.0,The New Daughter,5.2,109.0,2009,,,,Unknown,,,2000,12,Winter,
,58496,en,11.331859,2010-10-07,8212430.0,106.0,Senna,8.1,282.0,2010,,,,Unknown,,,2010,10,Fall,False
,16140,ja,5.082787,2006-10-28,50710400.0,141.0,Death Note: The Last Name,6.7,113.0,2006,,,,Unknown,,,2000,10,Fall,False
1500000.0,49018,en,17.24814,2010-09-13,97009150.0,103.0,Insidious,6.8,1775.0,2010,,,,Unknown,95509150.0,True,2010,9,Fall,False
3000000.0,49010,en,10.926038,2011-05-06,748453.0,86.0,Hobo with a Shotgun,5.7,213.0,2011,,,,Unknown,-2251547.0,False,2010,5,Spring,False
10831173.0,55725,en,4.480723,2011-03-18,10654385.0,106.0,Win Win,6.7,176.0,2011,,,,Unknown,-176788.0,False,2010,3,Spring,False
,48650,es,6.206694,2010-05-07,,109.0,Room in Rome,5.6,135.0,2010,,,,Unknown,,,2010,5,Spring,
21000000.0,60307,en,8.425361,2011-03-25,72417394.0,99.0,Diary of a Wimpy Kid: Rodrick Rules,6.3,250.0,2011,,,,Unknown,51417394.0,True,2010,3,Spring,False
12000000.0,53172,en,5.145185,2010-01-14,204940.0,108.0,Henry's Crime,5.8,110.0,2010,,,,Unknown,-11795060.0,False,2010,1,Winter,False
63000000.0,50359,en,8.904488,2011-03-30,183953723.0,95.0,Hop,5.5,338.0,2011,,,,Unknown,120953723.0,True,2010,3,Spring,False
6000000.0,58857,ja,9.534232,2010-09-09,17555141.0,141.0,13 Assassins,7.1,362.0,2010,,,,Unknown,11555141.0,True,2010,9,Fall,False
30000000.0,50456,en,8.071196,2011-04-07,63782078.0,111.0,Hanna,6.5,1284.0,2011,,,,Unknown,33782078.0,True,2010,4,Spring,False
40000000.0,49012,en,9.698075,2011-04-08,45735397.0,110.0,Arthur,5.3,270.0,2011,,,,Unknown,5735397.0,True,2010,4,Spring,False
40000000.0,41446,en,10.000721,2011-04-11,97138686.0,111.0,Scream 4,6.1,930.0,2011,,,,Unknown,57138686.0,True,2010,4,Spring,False
90000000.0,46195,en,10.403228,2011-04-03,484635760.0,96.0,Rio,6.5,2213.0,2011,,,,Unknown,394635760.0,True,2010,4,Spring,True
7400000.0,62215,da,8.124767,2011-05-26,21817298.0,136.0,Melancholia,7.0,915.0,2011,,,,Unknown,14417298.0,True,2010,5,Spring,False
150000000.0,10195,en,29.158489,2011-04-21,449326618.0,115.0,Thor,6.6,6678.0,2011,,,,Unknown,299326618.0,True,2010,4,Spring,True
4000000.0,48415,it,6.700081,2010-10-01,65584679.0,102.0,Welcome to the South,6.6,395.0,2010,,,,Unknown,61584679.0,True,2010,10,Fall,False
20000000.0,50671,en,5.47578,2011-02-10,,91.0,The Resident,5.3,168.0,2011,,,,Unknown,,,2010,2,Winter,
38000000.0,55787,en,7.649466,2011-03-15,114156230.0,120.0,Water for Elephants,6.7,879.0,2011,,,,Unknown,76156230.0,True,2010,3,Spring,False
,51209,en,5.981634,2011-03-10,1188194.0,106.0,Kill the Irishman,6.7,166.0,2011,,,,Unknown,,,2010,3,Spring,False
125000000.0,51497,en,1.420361,2011-04-20,626137675.0,130.0,Fast Five,7.1,2491.0,2011,,,,Unknown,501137675.0,True,2010,4,Spring,True
6800000.0,46738,fr,8.596012,2010-09-04,7103838.0,130.0,Incendies,7.9,496.0,2010,,,,Unknown,303838.0,True,2010,9,Fall,False
18000000.0,43959,en,11.009053,2011-04-08,47088990.0,106.0,Soul Surfer,6.9,355.0,2011,,,,Unknown,29088990.0,True,2010,4,Spring,False
35000000.0,49022,en,5.47309,2011-05-05,59901913.0,112.0,Something Borrowed,5.9,304.0,2011,,,,Unknown,24901913.0,True,2010,5,Spring,False
32500000.0,55721,en,6.810991,2011-04-28,288383523.0,125.0,Bridesmaids,6.5,1697.0,2011,,,,Unknown,255883523.0,True,2010,4,Spring,True
60000000.0,38321,en,8.259952,2011-05-05,78309131.0,87.0,Priest,5.4,710.0,2011,,,,Unknown,18309131.0,True,2010,5,Spring,False
21000000.0,50780,en,5.484379,2011-02-11,970816.0,91.0,The Beaver,6.2,281.0,2011,,,,Unknown,-20029184.0,False,2010,2,Winter,False
380000000.0,1865,en,27.88772,2011-05-14,1045713802.0,136.0,Pirates of the Caribbean: On Stranger Tides,6.4,5068.0,2011,,,,Unknown,665713802.0,True,2010,5,Spring,True
30000000.0,59436,en,11.43256,2011-05-11,151119219.0,94.0,Midnight in Paris,7.4,2049.0,2011,,,,Unknown,121119219.0,True,2010,5,Spring,False
,63831,fr,7.95457,2011-05-18,,87.0,The Kid with a Bike,7.2,119.0,2011,,,,Unknown,,,2010,5,Spring,
,51608,ko,9.023244,2010-08-04,43059790.0,119.0,The Man from Nowhere,7.6,338.0,2010,,,,Unknown,,,2010,8,Summer,False
32000000.0,8967,en,11.204539,2011-05-18,54674226.0,139.0,The Tree of Life,6.5,1009.0,2011,,,,Unknown,22674226.0,True,2010,5,Spring,False
80000000.0,45243,en,21.893532,2011-05-25,254455986.0,102.0,The Hangover Part II,6.2,3836.0,2011,,,,Unknown,174455986.0,True,2010,5,Spring,False
32000000.0,52077,fr,8.371842,2010-12-15,,108.0,Nothing to Declare,5.7,275.0,2010,,,,Unknown,,,2010,12,Winter,
16000000.0,49950,en,8.453293,2011-02-04,40492759.0,91.0,The Roommate,5.3,230.0,2011,,,,Unknown,24492759.0,True,2010,2,Winter,False
9500000.0,44945,en,7.778097,2010-09-10,120000.0,104.0,Trust,6.6,314.0,2010,,,,Unknown,-9380000.0,False,2010,9,Fall,False
,51170,en,10.567325,2010-01-25,,75.0,Open Season 3,5.4,113.0,2010,,,,Unknown,,,2010,1,Winter,
14350531.0,59678,en,9.93263,2011-05-12,3964682.0,88.0,Attack the Block,6.3,748.0,2011,,,,Unknown,-10385849.0,False,2010,5,Spring,False
,59468,en,7.131032,2010-09-10,4430765.0,128.0,The Way,7.2,166.0,2010,,,,Unknown,,,2010,9,Fall,False
135000.0,46221,en,4.863972,2011-05-19,,90.0,The Tunnel,5.6,117.0,2011,,,,Unknown,,,2010,5,Spring,
150000000.0,49444,en,11.481921,2011-05-25,665692281.0,91.0,Kung Fu Panda 2,6.7,1925.0,2011,,,,Unknown,515692281.0,True,2010,5,Spring,True
160000000.0,49538,en,0.738633,2011-05-24,353624124.0,132.0,X-Men: First Class,7.1,5252.0,2011,,,,Unknown,193624124.0,True,2010,5,Spring,True
,49020,en,7.346099,2011-03-18,864659.0,97.0,Submarine,7.4,452.0,2011,,,,Unknown,,,2010,3,Spring,False
30000000.0,52505,en,6.212898,2010-10-28,102000000.0,98.0,The Other Woman,6.0,131.0,2010,,,,Unknown,72000000.0,True,2010,10,Fall,False
5000000.0,45658,en,4.779994,2010-10-15,2614773.0,97.0,Everything Must Go,6.0,210.0,2010,,,,Unknown,-2385227.0,False,2010,10,Fall,False
3200000.0,55347,en,6.72639,2010-09-11,5332926.0,105.0,Beginners,6.8,353.0,2010,,,,Unknown,2132926.0,True,2010,9,Fall,False
50000000.0,37686,en,19.529911,2011-06-08,260095987.0,112.0,Super 8,6.6,2496.0,2011,,,,Unknown,210095987.0,True,2010,6,Summer,False
200000000.0,44912,en,13.985631,2011-06-16,219851172.0,114.0,Green Lantern,5.1,2551.0,2011,,,,Unknown,19851172.0,True,2010,6,Summer,False
55000000.0,58224,en,15.214342,2011-06-17,187361754.0,94.0,Mr. Popper's Penguins,5.7,775.0,2011,,,,Unknown,132361754.0,True,2010,6,Summer,False
20000000.0,52449,en,7.310686,2011-05-16,216197492.0,92.0,Bad Teacher,5.4,1634.0,2011,,,,Unknown,196197492.0,True,2010,5,Spring,False
195000000.0,38356,en,4.503505,2011-06-28,1123746996.0,154.0,Transformers: Dark of the Moon,6.1,3351.0,2011,,,,Unknown,928746996.0,True,2010,6,Summer,True
30000000.0,59861,en,10.778028,2011-06-30,36160375.0,98.0,Larry Crowne,5.7,369.0,2011,,,,Unknown,6160375.0,True,2010,6,Summer,False
49900000.0,38319,en,5.67375,2011-04-08,26121638.0,102.0,Your Highness,5.2,511.0,2011,,,,Unknown,-23778362.0,False,2010,4,Spring,False
32000000.0,22907,en,7.000421,2010-08-26,69055695.0,107.0,Takers,6.1,399.0,2010,,,,Unknown,37055695.0,True,2010,8,Summer,False
80000000.0,38317,en,11.341084,2011-07-06,169852759.0,102.0,Zookeeper,5.3,509.0,2011,,,,Unknown,89852759.0,True,2010,7,Summer,False
35000000.0,51540,en,9.856955,2011-07-08,117000000.0,98.0,Horrible Bosses,6.4,2341.0,2011,,,,Unknown,82000000.0,True,2010,7,Summer,False
200000000.0,49013,en,13.693002,2011-06-11,559852396.0,106.0,Cars 2,5.8,2088.0,2011,,,,Unknown,359852396.0,True,2010,6,Summer,True
10000000.0,45657,en,5.727987,2010-09-13,498974.0,88.0,The Ward,5.8,334.0,2010,,,,Unknown,-9501026.0,False,2010,9,Fall,False
20000000.0,59860,en,8.34835,2011-07-01,17425000.0,109.0,Monte Carlo,6.0,611.0,2011,,,,Unknown,-2575000.0,False,2010,7,Summer,False
,66195,en,5.935839,2010-07-01,14870.0,93.0,The Perfect Host,6.2,136.0,2010,,,,Unknown,,,2010,7,Summer,False
125000000.0,12445,en,24.990737,2011-07-07,1342000000.0,130.0,Harry Potter and the Deathly Hallows: Part 2,7.9,6141.0,2011,,,,Unknown,1217000000.0,True,2010,7,Summer,True
15000000.0,64690,en,15.388875,2011-08-06,78054825.0,100.0,Drive,7.4,3832.0,2011,,,,Unknown,63054825.0,True,2010,8,Summer,False
140000000.0,1771,en,19.323582,2011-07-22,370569774.0,124.0,Captain America: The First Avenger,6.6,7174.0,2011,,,,Unknown,230569774.0,True,2010,7,Summer,True
50000000.0,50646,en,10.246173,2011-07-29,142851197.0,118.0,"Crazy, Stupid, Love.",7.0,2522.0,2011,,,,Unknown,92851197.0,True,2010,7,Summer,False
15000000.0,51828,en,11.239012,2011-03-02,59389433.0,107.0,One Day,7.0,1006.0,2011,,,,Unknown,44389433.0,True,2010,3,Spring,False
6000000.0,67913,en,11.256636,2011-07-07,19560274.0,96.0,The Guard,6.8,378.0,2011,,,,Unknown,13560274.0,True,2010,7,Summer,False
4000000.0,59115,en,4.520607,2011-06-16,,86.0,Quarantine 2: Terminal,4.8,121.0,2011,,,,Unknown,,,2010,6,Summer,
30000000.0,51162,en,7.357682,2011-04-13,14460000.0,63.0,Winnie the Pooh,6.8,263.0,2011,,,,Unknown,-15540000.0,False,2010,4,Spring,False
,65599,en,5.895968,2011-10-14,,102.0,The Woman,5.9,145.0,2011,,,,Unknown,,,2010,10,Fall,
110000000.0,41513,en,10.219758,2011-07-29,563749323.0,103.0,The Smurfs,5.5,1201.0,2011,,,,Unknown,453749323.0,True,2010,7,Summer,True
20000000.0,43935,en,12.763976,2011-03-16,4634062.0,107.0,Dylan Dog: Dead of Night,4.5,142.0,2011,,,,Unknown,-15365938.0,False,2010,3,Spring,False
35000000.0,50544,en,10.009007,2011-07-21,150483765.0,109.0,Friends with Benefits,6.5,2306.0,2011,,,,Unknown,115483765.0,True,2010,7,Summer,False
20000000.0,12819,en,8.16645,2010-09-17,39300000.0,88.0,Alpha and Omega,5.3,125.0,2010,,,,Unknown,19300000.0,True,2010,9,Fall,False
15774948.0,55846,en,9.491865,2011-05-20,741875.0,97.0,Blitz,6.0,496.0,2011,,,,Unknown,-15033073.0,False,2010,5,Spring,False
,57361,ko,4.573242,2010-12-22,,157.0,The Yellow Sea,7.3,110.0,2010,,,,Unknown,,,2010,12,Winter,
10000000.0,59968,en,5.918193,2011-08-26,17273593.0,90.0,Our Idiot Brother,5.9,369.0,2011,,,,Unknown,7273593.0,True,2010,8,Summer,False
7000000.0,51620,en,11.086032,2010-11-12,,96.0,Death Race 2,5.5,323.0,2010,,,,Unknown,,,2010,11,Fall,
,70821,en,5.044201,2011-07-16,,90.0,Cyberbully,6.4,202.0,2011,,,,Unknown,,,2010,7,Summer,
93000000.0,61791,en,41.613762,2011-08-03,482860185.0,105.0,Rise of the Planet of the Apes,7.0,4452.0,2011,,,,Unknown,389860185.0,True,2010,8,Summer,True
52000000.0,49520,en,6.906145,2011-08-05,75450437.0,112.0,The Change-Up,5.9,753.0,2011,,,,Unknown,23450437.0,True,2010,8,Summer,False
25000000.0,50014,en,7.486118,2011-08-09,124272124.0,146.0,The Help,7.9,1966.0,2011,,,,Unknown,99272124.0,True,2010,8,Summer,False
28000000.0,62206,en,9.763493,2011-08-11,40547440.0,83.0,30 Minutes or Less,5.6,537.0,2011,,,,Unknown,12547440.0,True,2010,8,Summer,False
47000000.0,55779,en,12.912491,2011-08-12,157887643.0,92.0,Final Destination 5,5.9,892.0,2011,,,,Unknown,110887643.0,True,2010,8,Summer,False
25000000.0,60309,en,5.481452,2010-09-10,15478800.0,122.0,The Conspirator,6.2,138.0,2010,,,,Unknown,-9521200.0,False,2010,9,Fall,False
19000000.0,55465,en,10.724679,2011-11-04,35387212.0,108.0,A Very Harold & Kumar Christmas,6.0,335.0,2011,,,,Unknown,16387212.0,True,2010,11,Fall,False
7000000.0,40794,it,5.633243,2010-02-12,8220215.0,110.0,Loose Cannons,7.1,122.0,2010,,,,Unknown,1220215.0,True,2010,2,Winter,False
27000000.0,56288,en,9.580214,2011-08-18,85564310.0,89.0,Spy Kids: All the Time in the World,4.4,228.0,2011,,,,Unknown,58564310.0,True,2010,8,Summer,False
25000000.0,46261,en,8.67817,2010-11-06,36993168.0,99.0,Don't Be Afraid of the Dark,5.4,347.0,2010,,,,Unknown,11993168.0,True,2010,11,Fall,False
17000000.0,58151,en,9.665251,2011-08-18,24922237.0,106.0,Fright Night,6.0,617.0,2011,,,,Unknown,7922237.0,True,2010,8,Summer,False
100000.0,55420,en,8.957372,2011-07-22,1776935.0,92.0,Another Earth,6.8,535.0,2011,,,,Unknown,1676935.0,True,2010,7,Summer,False
7000000.0,44835,en,5.886972,2010-01-22,382946.0,106.0,Hesher,6.7,218.0,2010,,,,Unknown,-6617054.0,False,2010,1,Winter,False
650000.0,52015,en,7.814255,2010-09-30,33245.0,98.0,Stake Land,6.2,290.0,2010,,,,Unknown,-616755.0,False,2010,9,Fall,False
20000000.0,48289,en,8.426611,2010-04-11,45636368.0,113.0,The Debt,6.2,261.0,2010,,,,Unknown,25636368.0,True,2010,4,Spring,False
40000000.0,62835,en,8.062578,2011-07-27,60965854.0,108.0,Colombiana,6.5,848.0,2011,,,,Unknown,20965854.0,True,2010,7,Summer,False
13000000.0,63311,es,9.782542,2011-08-17,5774854.0,117.0,The Skin I Live In,7.4,797.0,2011,,,,Unknown,-7225146.0,False,2010,8,Summer,False
90000000.0,37430,en,10.949076,2011-08-17,48795021.0,113.0,Conan the Barbarian,5.2,612.0,2011,,,,Unknown,-41204979.0,False,2010,8,Summer,False
8000000.0,51588,en,6.167646,2011-04-29,10130000.0,104.0,Prom,5.7,139.0,2011,,,,Unknown,2130000.0,True,2010,4,Spring,False
,52338,en,9.679653,2010-02-10,,94.0,Waiting for Forever,5.7,122.0,2010,,,,Unknown,,,2010,2,Winter,
,69798,en,5.747681,2011-08-19,88025781.0,97.0,The Inbetweeners Movie,6.2,341.0,2011,,,,Unknown,,,2010,8,Summer,False
4000000.0,48572,en,6.340655,2011-08-19,1104682.0,88.0,Red State,5.9,321.0,2011,,,,Unknown,-2895318.0,False,2010,8,Summer,False
,50838,en,5.053905,2010-12-04,8020.0,91.0,Wrecked,5.2,104.0,2010,,,,Unknown,,,2010,12,Winter,False
24000000.0,70868,en,6.562982,2011-09-16,30551495.0,89.0,I Don't Know How She Does It,5.0,142.0,2011,,,,Unknown,6551495.0,True,2010,9,Fall,False
28000000.0,65055,en,6.062425,2011-09-02,10126458.0,91.0,Shark Night,4.9,134.0,2011,,,,Unknown,-17873542.0,False,2010,9,Fall,False
60000000.0,39538,en,8.244359,2011-09-08,137551594.0,106.0,Contagion,6.2,1351.0,2011,,,,Unknown,77551594.0,True,2010,9,Fall,False
11000000.0,61667,it,7.235656,2011-04-15,,102.0,We Have a Pope,6.7,109.0,2011,,,,Unknown,,,2010,4,Spring,
10000000.0,64586,en,5.356167,2011-06-10,,102.0,Sleeping Beauty,5.3,186.0,2011,,,,Unknown,,,2010,6,Summer,
25000000.0,64639,en,8.048422,2011-09-16,10324441.0,110.0,Straw Dogs,5.5,147.0,2011,,,,Unknown,-14675559.0,False,2010,9,Fall,False
50000000.0,60308,en,15.785663,2011-09-22,110206216.0,133.0,Moneyball,7.0,1409.0,2011,,,,Unknown,60206216.0,True,2010,9,Fall,False
8000000.0,47760,en,6.140556,2011-09-16,163265.0,91.0,Restless,6.3,156.0,2011,,,,Unknown,-7836735.0,False,2010,9,Fall,False
,71689,en,5.506221,2011-08-05,,78.0,Phineas and Ferb the Movie: Across the 2nd Dimension,6.6,107.0,2011,,,,Unknown,,,2010,8,Summer,
16000000.0,61404,fr,5.578585,2010-12-01,,84.0,Point Blank,6.4,141.0,2010,,,,Unknown,,,2010,12,Winter,
25000000.0,38543,en,12.17054,2011-03-03,,121.0,Ironclad,6.2,231.0,2011,,,,Unknown,,,2010,3,Spring,
220000000.0,24428,en,89.887648,2012-04-25,1519557910.0,143.0,The Avengers,7.4,12000.0,2012,,,,Unknown,1299557910.0,True,2010,4,Spring,True
30000000.0,49517,en,7.728737,2011-09-16,,127.0,Tinker Tailor Soldier Spy,6.6,856.0,2011,,,,Unknown,,,2010,9,Fall,
800000.0,60243,fa,7.939625,2011-03-15,,123.0,A Separation,7.8,474.0,2011,,,,Unknown,,,2010,3,Spring,
15000000.0,48231,en,9.865944,2011-09-30,27462041.0,99.0,A Dangerous Method,6.2,589.0,2011,,,,Unknown,12462041.0,True,2010,9,Fall,False
25000000.0,59440,en,13.121626,2011-09-09,23057115.0,140.0,Warrior,7.7,1297.0,2011,,,,Unknown,-1942885.0,False,2010,9,Fall,False
12500000.0,10316,en,6.82647,2011-09-24,75993061.0,101.0,The Ides of March,6.5,924.0,2011,,,,Unknown,63493061.0,True,2010,9,Fall,False
500000.0,74725,en,15.014569,2011-09-02,171760.0,95.0,Kill List,6.0,214.0,2011,,,,Unknown,-328240.0,False,2010,9,Fall,False
66000000.0,49021,en,8.046632,2011-09-23,57777106.0,116.0,Killer Elite,6.1,703.0,2011,,,,Unknown,-8222894.0,False,2010,9,Fall,False
8000000.0,40807,en,11.869481,2011-09-30,39187783.0,100.0,50/50,7.0,1287.0,2011,,,,Unknown,31187783.0,True,2010,9,Fall,False
15000000.0,74643,en,11.440948,2011-05-15,133432856.0,100.0,The Artist,7.3,1075.0,2011,,,,Unknown,118432856.0,True,2010,5,Spring,False
5000000.0,64720,en,5.59686,2011-11-25,3099314.0,120.0,Take Shelter,7.1,479.0,2011,,,,Unknown,-1900686.0,False,2010,11,Fall,False
110000000.0,39254,en,19.265552,2011-09-28,299268508.0,127.0,Real Steel,6.6,2749.0,2011,,,,Unknown,189268508.0,True,2010,9,Fall,True
24000000.0,68817,en,6.162257,2011-10-06,63543328.0,113.0,Footloose,6.4,438.0,2011,,,,Unknown,39543328.0,True,2010,10,Fall,False
35000000.0,60935,en,10.169411,2011-10-12,28128670.0,103.0,The Thing,6.0,876.0,2011,,,,Unknown,-6871330.0,False,2010,10,Fall,False
,76543,en,4.548774,2011-10-07,22321.0,93.0,Tyrannosaur,7.3,124.0,2011,,,,Unknown,,,2010,10,Fall,False
,50837,en,7.665011,2011-10-21,3538446.0,101.0,Martha Marcy May Marlene,6.7,278.0,2011,,,,Unknown,,,2010,10,Fall,False
7000000.0,71859,en,5.325574,2011-09-28,6038942.0,112.0,We Need to Talk About Kevin,7.4,687.0,2011,,,,Unknown,-961058.0,False,2010,9,Fall,False
75000000.0,52451,en,6.303466,2011-08-31,132274484.0,110.0,The Three Musketeers,5.6,945.0,2011,,,,Unknown,57274484.0,True,2010,8,Summer,False
40000000.0,49530,en,10.324613,2011-10-27,173930596.0,109.0,In Time,6.7,3512.0,2011,,,,Unknown,133930596.0,True,2010,10,Fall,False
25000000.0,72113,en,8.844835,2011-09-16,27603069.0,80.0,Carnage,7.0,760.0,2011,,,,Unknown,2603069.0,True,2010,9,Fall,False
3500000.0,50839,en,8.340757,2011-09-28,19504039.0,107.0,Margin Call,6.7,531.0,2011,,,,Unknown,16004039.0,True,2010,9,Fall,False
5000000.0,72571,en,10.996308,2011-10-19,205703818.0,83.0,Paranormal Activity 3,5.9,685.0,2011,,,,Unknown,200703818.0,True,2010,10,Fall,False
,72432,en,4.363087,2011-09-23,68945.0,100.0,Puncture,6.5,119.0,2011,,,,Unknown,,,2010,9,Fall,False
,71157,fr,8.98296,2011-10-06,20374201.0,127.0,Polisse,7.9,292.0,2011,,,,Unknown,,,2010,10,Fall,False
,45156,en,7.174869,2011-02-03,1296937.0,106.0,A Little Bit of Heaven,6.2,205.0,2011,,,,Unknown,,,2010,2,Winter,False
45000000.0,58233,en,10.668658,2011-09-15,160078586.0,101.0,Johnny English Reborn,6.0,1026.0,2011,,,,Unknown,115078586.0,True,2010,9,Fall,False
35000000.0,59965,en,10.512109,2011-09-22,82087155.0,106.0,Abduction,5.6,987.0,2011,,,,Unknown,47087155.0,True,2010,9,Fall,False
25000000.0,53487,en,10.710831,2011-10-01,11790979.0,118.0,This Must Be the Place,6.7,275.0,2011,,,,Unknown,-13209021.0,False,2010,10,Fall,False
6500000.0,76025,en,11.72049,2011-10-02,17693675.0,100.0,Shame,7.0,897.0,2011,,,,Unknown,11193675.0,True,2010,10,Fall,False
20000000.0,63492,en,6.958086,2011-09-30,30426096.0,106.0,What's Your Number?,6.2,689.0,2011,,,,Unknown,10426096.0,True,2010,9,Fall,False
50000000.0,69668,en,9.995617,2011-09-30,38502340.0,84.0,Dream House,5.8,401.0,2011,,,,Unknown,-11497660.0,False,2010,9,Fall,False
,70670,en,9.070215,2011-08-04,15699707.0,100.0,Headhunters,7.2,404.0,2011,,,,Unknown,,,2010,8,Summer,False
,69735,en,5.031094,2011-09-27,,64.0,Batman: Year One,7.1,255.0,2011,,,,Unknown,,,2010,9,Fall,
30000000.0,45610,en,5.87767,2011-09-23,2527904.0,129.0,Machine Gun Preacher,6.4,292.0,2011,,,,Unknown,-27472096.0,False,2010,9,Fall,False
30000000.0,61891,en,13.413895,2011-10-21,15395087.0,130.0,Anonymous,6.3,291.0,2011,,,,Unknown,-14604913.0,False,2010,10,Fall,False
75000000.0,59108,en,7.762917,2011-11-02,152930623.0,104.0,Tower Heist,5.8,945.0,2011,,,,Unknown,77930623.0,True,2010,11,Fall,False
35000000.0,88794,en,9.529382,2011-11-09,84606030.0,137.0,J. Edgar,6.0,766.0,2011,,,,Unknown,49606030.0,True,2010,11,Fall,False
17000000.0,73499,en,5.498819,2011-10-27,3696232.0,98.0,The Double,5.8,226.0,2011,,,,Unknown,-13303768.0,False,2010,10,Fall,False
130000000.0,17578,en,19.201504,2011-10-25,371940071.0,107.0,The Adventures of Tintin,6.7,2095.0,2011,,,,Unknown,241940071.0,True,2010,10,Fall,True
1000000.0,65229,fr,12.892982,2011-04-20,,82.0,Tomboy,7.2,181.0,2011,,,,Unknown,,,2010,4,Spring,
170000000.0,44826,en,14.046164,2011-11-22,185770160.0,126.0,Hugo,7.0,2197.0,2011,,,,Unknown,15770160.0,True,2010,11,Fall,False
36000000.0,70578,en,9.540381,2011-10-13,9612469.0,91.0,Trespass,5.4,333.0,2011,,,,Unknown,-26387531.0,False,2010,10,Fall,False
75000000.0,37958,en,10.363671,2011-11-10,226904017.0,110.0,Immortals,5.7,898.0,2011,,,,Unknown,151904017.0,True,2010,11,Fall,False
79000000.0,71880,en,6.620033,2011-11-11,149673788.0,91.0,Jack and Jill,4.0,619.0,2011,,,,Unknown,70673788.0,True,2010,11,Fall,False
19100000.0,62630,en,6.681211,2011-02-11,5728213.0,109.0,The Devil's Double,6.5,208.0,2011,,,,Unknown,-13371787.0,False,2010,2,Winter,False
20000000.0,70586,en,4.850968,2011-11-04,2128186.0,85.0,Setup,4.7,150.0,2011,,,,Unknown,-17871814.0,False,2010,11,Fall,False
29000000.0,55292,cn,5.311245,2011-01-20,33662874.0,131.0,Shaolin,6.5,102.0,2011,,,,Unknown,4662874.0,True,2010,1,Winter,False
20000000.0,65057,en,11.794753,2011-09-09,177243185.0,115.0,The Descendants,6.7,956.0,2011,,,,Unknown,157243185.0,True,2010,9,Fall,False
250000.0,60420,en,8.002786,2011-10-28,3542353.0,90.0,Like Crazy,6.5,386.0,2011,,,,Unknown,3292353.0,True,2010,10,Fall,False
45000000.0,64328,en,10.214369,2011-11-22,165184237.0,103.0,The Muppets,6.5,509.0,2011,,,,Unknown,120184237.0,True,2010,11,Fall,False
110000000.0,50619,en,25.9725,2011-03-15,712171856.0,117.0,The Twilight Saga: Breaking Dawn - Part 1,5.8,2622.0,2011,,,,Unknown,602171856.0,True,2010,3,Spring,True
66000000.0,57212,en,8.166363,2011-12-25,177584879.0,146.0,War Horse,7.0,1016.0,2011,,,,Unknown,111584879.0,True,2010,12,Winter,False
45000000.0,23514,en,10.110504,2011-10-13,24000000.0,120.0,The Rum Diary,5.6,391.0,2011,,,,Unknown,-21000000.0,False,2010,10,Fall,False
6400000.0,75900,en,12.203066,2011-10-17,35057696.0,99.0,My Week with Marilyn,6.6,418.0,2011,,,,Unknown,28657696.0,True,2010,10,Fall,False
8000.0,79120,en,4.727171,2011-09-22,484592.0,96.0,Weekend,7.5,164.0,2011,,,,Unknown,476592.0,True,2010,9,Fall,False
5000000.0,15157,en,7.863793,2008-09-16,,90.0,Another Cinderella Story,6.2,406.0,2008,,,,Unknown,,,2000,9,Fall,
25000000.0,30618,en,6.475676,2010-09-01,,118.0,Bunraku,5.9,111.0,2010,,,,Unknown,,,2010,9,Fall,
10000000.0,53457,fr,6.091224,2010-09-16,17511906.0,111.0,Sarah's Key,7.2,200.0,2010,,,,Unknown,7511906.0,True,2010,9,Fall,False
25000000.0,57431,en,13.105682,2011-12-09,34942188.0,81.0,The Sitter,5.4,330.0,2011,,,,Unknown,9942188.0,True,2010,12,Winter,False
40000000.0,64685,en,7.82605,2011-12-24,55247881.0,129.0,Extremely Loud & Incredibly Close,6.9,726.0,2011,,,,Unknown,15247881.0,True,2010,12,Winter,False
,11625,fr,6.706328,1989-10-03,,81.0,Asterix and the Big Fight,6.5,128.0,1989,,,,Unknown,,,1980,10,Fall,
,9369,fr,7.569419,1994-09-27,,85.0,Asterix Conquers America,6.2,136.0,1994,,,,Unknown,,,1990,9,Fall,
,9642,fr,6.096196,2006-04-05,,78.0,Asterix and the Vikings,6.1,170.0,2006,,,,Unknown,,,2000,4,Spring,
12000000.0,75622,en,5.874878,2011-11-23,972512.0,108.0,Rampart,5.3,135.0,2011,,,,Unknown,-11027488.0,False,2010,11,Fall,False
130000000.0,65759,en,9.141045,2011-11-17,150406466.0,100.0,Happy Feet Two,5.8,381.0,2011,,,,Unknown,20406466.0,True,2010,11,Fall,False
,51052,en,8.453796,2011-02-22,,97.0,Arthur Christmas,6.7,340.0,2011,,,,Unknown,,,2010,2,Winter,
5000000.0,62046,en,8.132748,2011-08-19,3142154.0,87.0,Flypaper,6.2,261.0,2011,,,,Unknown,-1857846.0,False,2010,8,Summer,False
55000000.0,70074,en,8.26008,2013-01-31,9489829.0,92.0,Bullet to the Head,5.2,490.0,2013,,,,Unknown,-45510171.0,False,2010,1,Winter,False
100000000.0,76163,en,14.881566,2012-08-08,312573423.0,103.0,The Expendables 2,6.1,2940.0,2012,,,,Unknown,212573423.0,True,2010,8,Summer,True
75000000.0,70160,en,20.031667,2012-03-12,691210692.0,142.0,The Hunger Games,6.9,9634.0,2012,,,,Unknown,616210692.0,True,2010,3,Spring,True
250000000.0,49026,en,20.58258,2012-07-16,1084939099.0,165.0,The Dark Knight Rises,7.6,9263.0,2012,,,,Unknown,834939099.0,True,2010,7,Summer,True
130000000.0,49040,en,14.89499,2012-08-08,276572938.0,120.0,The Bourne Legacy,6.0,2683.0,2012,,,,Unknown,146572938.0,True,2010,8,Summer,False
,1254,fr,6.189495,2006-09-06,,96.0,"Don't Worry, I'm Fine",7.3,168.0,2006,,,,Unknown,,,2000,9,Fall,
125000000.0,58574,en,18.695329,2011-11-22,334615000.0,129.0,Sherlock Holmes: A Game of Shadows,7.0,3971.0,2011,,,,Unknown,209615000.0,True,2010,11,Fall,True
7700000.0,101173,en,6.914615,2011-02-14,1072602.0,123.0,Coriolanus,5.9,133.0,2011,,,,Unknown,-6627398.0,False,2010,2,Winter,False
12000000.0,57157,en,6.142913,2011-12-16,22939027.0,94.0,Young Adult,5.6,368.0,2011,,,,Unknown,10939027.0,True,2010,12,Winter,False
15000000.0,70577,en,12.463435,2011-10-25,,102.0,Faces in the Crowd,5.8,154.0,2011,,,,Unknown,,,2010,10,Fall,
56000000.0,62838,en,6.948818,2011-12-08,142044638.0,118.0,New Year's Eve,5.7,744.0,2011,,,,Unknown,86044638.0,True,2010,12,Winter,False
145000000.0,56292,en,14.25843,2011-12-07,694713380.0,133.0,Mission: Impossible - Ghost Protocol,6.8,4026.0,2011,,,,Unknown,549713380.0,True,2010,12,Winter,True
50000000.0,74465,en,10.563152,2011-12-22,120081841.0,124.0,We Bought a Zoo,6.5,928.0,2011,,,,Unknown,70081841.0,True,2010,12,Winter,False
90000000.0,65754,en,8.907829,2011-12-14,232617430.0,158.0,The Girl with the Dragon Tattoo,7.2,2479.0,2011,,,,Unknown,142617430.0,True,2010,12,Winter,False
30000000.0,71469,en,8.127392,2011-12-22,64626786.0,89.0,The Darkest Hour,4.8,474.0,2011,,,,Unknown,34626786.0,True,2010,12,Winter,False
75000000.0,55301,en,8.066393,2011-12-14,342695435.0,87.0,Alvin and the Chipmunks: Chipwrecked,5.4,499.0,2011,,,,Unknown,267695435.0,True,2010,12,Winter,True
8000000.0,73873,en,5.379039,2011-12-21,5634828.0,113.0,Albert Nobbs,6.2,136.0,2011,,,,Unknown,-2365172.0,False,2010,12,Winter,False
,52274,es,5.020398,2010-10-29,12884923.0,118.0,Julia's Eyes,6.7,214.0,2010,,,,Unknown,,,2010,10,Fall,False
,80038,en,7.907571,2011-09-09,12186625.0,100.0,Friends with Kids,5.7,175.0,2011,,,,Unknown,,,2010,9,Fall,False
13000000.0,63207,en,9.734012,2011-09-12,,100.0,Intruders,5.2,164.0,2011,,,,Unknown,,,2010,9,Fall,
1000000.0,76487,en,5.747675,2012-01-06,101758490.0,83.0,The Devil Inside,4.6,263.0,2012,,,,Unknown,100758490.0,True,2010,1,Winter,False
25000000.0,77866,en,10.595067,2012-01-12,63100000.0,109.0,Contraband,6.1,777.0,2012,,,,Unknown,38100000.0,True,2010,1,Winter,False
37000000.0,62837,en,6.695229,2011-09-23,95404397.0,113.0,Dolphin Tale,6.6,166.0,2011,,,,Unknown,58404397.0,True,2010,9,Fall,False
13000000.0,71688,en,7.421245,2011-12-30,114956699.0,105.0,The Iron Lady,6.2,540.0,2011,,,,Unknown,101956699.0,True,2010,12,Winter,False
3000000.0,38541,en,7.406609,2011-03-13,22000.0,112.0,The Divide,5.7,198.0,2011,,,,Unknown,-2978000.0,False,2010,3,Spring,False
70000000.0,52520,en,12.345348,2012-01-19,160112671.0,88.0,Underworld: Awakening,6.1,1885.0,2012,,,,Unknown,90112671.0,True,2010,1,Winter,False
25000000.0,75174,en,14.31675,2012-01-26,77278331.0,117.0,The Grey,6.4,1476.0,2012,,,,Unknown,52278331.0,True,2010,1,Winter,False
42000000.0,49527,en,10.528173,2012-01-13,46221189.0,102.0,Man on a Ledge,6.2,936.0,2012,,,,Unknown,4221189.0,True,2010,1,Winter,False
23000000.0,70435,en,9.574817,2011-11-06,33372606.0,93.0,Haywire,5.6,508.0,2011,,,,Unknown,10372606.0,True,2010,11,Fall,False
,66118,fr,4.075222,2011-07-05,,94.0,Case départ,5.9,122.0,2011,,,,Unknown,,,2010,7,Summer,
,65760,en,12.510849,2010-09-13,,112.0,The Whistleblower,6.6,157.0,2010,,,,Unknown,,,2010,9,Fall,
,74997,en,16.257143,2011-10-06,,91.0,The Human Centipede 2 (Full Sequence),4.5,326.0,2011,,,,Unknown,,,2010,10,Fall,
5000000.0,50357,en,10.711742,2011-07-20,25562924.0,86.0,Apollo 18,5.0,359.0,2011,,,,Unknown,20562924.0,True,2010,7,Summer,False
17000000.0,74998,en,10.250997,2011-09-02,12355798.0,105.0,Seeking Justice,5.8,314.0,2011,,,,Unknown,-4644202.0,False,2010,9,Fall,False
6000000.0,71670,en,7.130411,2011-12-27,,88.0,Hostel: Part III,4.8,273.0,2011,,,,Unknown,,,2010,12,Winter,
58000000.0,72431,en,7.145835,2012-01-19,50365377.0,125.0,Red Tails,5.9,180.0,2012,,,,Unknown,-7634623.0,False,2010,1,Winter,False
94000000.0,76758,zh,6.587711,2011-12-15,95311434.0,145.0,The Flowers of War,7.1,193.0,2011,,,,Unknown,1311434.0,True,2010,12,Winter,False
13000000.0,77338,fr,16.086919,2011-11-02,426480871.0,112.0,The Intouchables,8.2,5410.0,2011,,,,Unknown,413480871.0,True,2010,11,Fall,True
40000000.0,54054,en,6.322435,2012-01-26,36893721.0,91.0,One for the Money,5.3,392.0,2012,,,,Unknown,-3106279.0,False,2010,1,Winter,False
750000.0,58428,en,8.560726,2011-12-01,78396.0,102.0,The Innkeepers,5.4,223.0,2011,,,,Unknown,-671604.0,False,2010,12,Winter,False
40000000.0,78698,en,6.159379,2012-02-02,24719215.0,107.0,Big Miracle,6.6,153.0,2012,,,,Unknown,-15280785.0,False,2010,2,Winter,False
1000000.0,50698,en,5.324419,2011-09-09,,92.0,Grave Encounters,6.2,385.0,2011,,,,Unknown,,,2010,9,Fall,
13000000.0,48492,zh,7.17548,2010-09-18,51723285.0,119.0,Detective Dee and the Mystery of the Phantom Flame,6.5,101.0,2010,,,,Unknown,38723285.0,True,2010,9,Fall,False
15000000.0,76726,en,12.47441,2012-02-01,145000000.0,84.0,Chronicle,6.6,1965.0,2012,,,,Unknown,130000000.0,True,2010,2,Winter,False
17000000.0,65086,en,8.896679,2012-02-01,127730736.0,95.0,The Woman in Black,6.1,1237.0,2012,,,,Unknown,110730736.0,True,2010,2,Winter,False
,64678,en,5.24456,2011-06-17,1406224.0,83.0,The Art of Getting By,6.4,430.0,2011,,,,Unknown,,,2010,6,Summer,False
,15167,en,6.879235,2001-09-30,,76.0,Barbie in the Nutcracker,6.4,182.0,2001,,,,Unknown,,,2000,9,Fall,
85000000.0,59961,en,8.338675,2012-02-09,208076205.0,115.0,Safe House,6.3,1361.0,2012,,,,Unknown,123076205.0,True,2010,2,Winter,False
30000000.0,72570,en,9.524298,2012-02-05,196114570.0,104.0,The Vow,7.0,1328.0,2012,,,,Unknown,166114570.0,True,2010,2,Winter,False
850000.0,84200,en,10.378756,2012-08-31,1243961.0,85.0,"For a Good Time, Call...",5.8,111.0,2012,,,,Unknown,393961.0,True,2010,8,Summer,False
79000000.0,72545,en,9.46307,2012-01-19,355692760.0,94.0,Journey 2: The Mysterious Island,5.8,1050.0,2012,,,,Unknown,276692760.0,True,2010,1,Winter,True
,51999,en,11.047948,2011-01-24,908000.0,92.0,Perfect Sense,6.9,298.0,2011,,,,Unknown,,,2010,1,Winter,False
5650000.0,53174,de,5.24461,2011-02-02,43000000.0,123.0,Kokowaah,6.4,103.0,2011,,,,Unknown,37350000.0,True,2010,2,Winter,False
,70954,en,10.265386,2011-10-06,176669.0,102.0,The Hunter,6.7,237.0,2011,,,,Unknown,,,2010,10,Fall,False
57000000.0,71676,en,9.421301,2011-12-10,149217355.0,95.0,Ghost Rider: Spirit of Vengeance,4.7,1163.0,2011,,,,Unknown,92217355.0,True,2010,12,Winter,False
25000000.0,77459,fr,7.093805,2011-10-12,,90.0,A Monster in Paris,6.5,323.0,2011,,,,Unknown,,,2010,10,Fall,
,27902,en,6.608369,2005-11-01,,87.0,Love Wrecked,4.8,137.0,2005,,,,Unknown,,,2000,11,Fall,
,71672,en,10.039999,2011-10-17,,93.0,Wrong Turn 4: Bloody Beginnings,5.2,221.0,2011,,,,Unknown,,,2010,10,Fall,
5000000.0,77495,es,7.0713,2011-10-14,,107.0,Sleep Tight,7.0,206.0,2011,,,,Unknown,,,2010,10,Fall,
,79707,ja,5.458619,2011-05-07,,116.0,Children Who Chase Lost Voices,7.1,137.0,2011,,,,Unknown,,,2010,5,Spring,
,79548,en,9.384244,2012-02-23,18100189.0,94.0,Gone,5.9,346.0,2012,,,,Unknown,,,2010,2,Winter,False
12000000.0,57214,en,9.803023,2012-03-01,100000000.0,88.0,Project X,6.5,1624.0,2012,,,,Unknown,88000000.0,True,2010,3,Spring,False
70000000.0,73723,en,7.689395,2012-03-01,348840316.0,86.0,The Lorax,6.3,1048.0,2012,,,,Unknown,278840316.0,True,2010,3,Spring,True
41000000.0,73937,en,10.267905,2011-10-13,7448385.0,100.0,The Big Year,5.6,252.0,2011,,,,Unknown,-33551615.0,False,2010,10,Fall,False
12000000.0,75674,en,12.159818,2012-02-24,81272766.0,110.0,Act of Valor,6.3,420.0,2012,,,,Unknown,69272766.0,True,2010,2,Winter,False
65000000.0,59962,en,12.366641,2012-02-14,156974557.0,103.0,This Means War,5.9,1411.0,2012,,,,Unknown,91974557.0,True,2010,2,Winter,False
260000000.0,49529,en,14.670353,2012-03-07,284139100.0,132.0,John Carter,6.1,2170.0,2012,,,,Unknown,24139100.0,True,2010,3,Spring,True
,79108,fr,5.79967,2011-01-01,,103.0,Starbuck,6.8,165.0,2011,,,,Unknown,,,2010,1,Winter,
,74387,en,8.817924,2012-01-06,6483963.0,92.0,Goon,6.5,338.0,2012,,,,Unknown,,,2010,1,Winter,False
,80184,es,9.412493,2011-09-16,,92.0,The Hidden Face,7.3,213.0,2011,,,,Unknown,,,2010,9,Fall,
4798235.0,77949,en,9.336568,2011-08-17,209696.0,107.0,The Awakening,6.3,470.0,2011,,,,Unknown,-4588539.0,False,2010,8,Summer,False
20000000.0,41411,en,6.951496,2010-03-10,,115.0,The Round Up,7.5,325.0,2010,,,,Unknown,,,2010,3,Spring,
10000000.0,63493,en,4.883085,2011-05-06,610986.0,101.0,The Ledge,5.9,103.0,2011,,,,Unknown,-9389014.0,False,2010,5,Spring,False
42000000.0,64688,en,11.250764,2012-03-12,201585328.0,109.0,21 Jump Street,6.7,4151.0,2012,,,,Unknown,159585328.0,True,2010,3,Spring,False
10000000.0,82532,en,5.872794,2011-09-13,4417580.0,83.0,"Jeff, Who Lives at Home",6.1,220.0,2011,,,,Unknown,-5582420.0,False,2010,9,Fall,False
20000000.0,81796,en,8.772263,2012-04-12,32204030.0,95.0,Lockout,5.8,722.0,2012,,,,Unknown,12204030.0,True,2010,4,Spring,False
4000000.0,81390,en,6.780752,2011-04-09,25345000.0,99.0,A Lonely Place to Die,6.2,160.0,2011,,,,Unknown,21345000.0,True,2010,4,Spring,False
,67748,en,5.322953,2011-05-16,8452.0,119.0,Snowtown,6.3,107.0,2011,,,,Unknown,,,2010,5,Spring,False
,80304,en,5.00162,2012-03-15,,84.0,Casa De Mi Padre,5.5,104.0,2012,,,,Unknown,,,2010,3,Spring,
,80767,en,7.789413,2011-06-11,2550508.0,82.0,Jiro Dreams of Sushi,7.8,239.0,2011,,,,Unknown,,,2010,6,Summer,False
5000000.0,81025,en,6.753328,2011-09-10,34564651.0,107.0,Salmon Fishing in the Yemen,6.3,325.0,2011,,,,Unknown,29564651.0,True,2010,9,Fall,False
150000000.0,57165,en,7.739904,2012-03-27,301000000.0,99.0,Wrath of the Titans,5.5,1459.0,2012,,,,Unknown,151000000.0,True,2010,3,Spring,True
,74308,en,4.179477,2011-04-24,72689.0,97.0,Detachment,7.3,343.0,2011,,,,Unknown,,,2010,4,Spring,False
7500000.0,10679,en,19.561767,2012-03-10,8135031.0,93.0,Iron Sky,5.6,563.0,2012,,,,Unknown,635031.0,True,2010,3,Spring,False
70000.0,74777,en,4.54174,2011-03-03,,92.0,Absentia,5.8,121.0,2011,,,,Unknown,,,2010,3,Spring,
50000000.0,71552,en,8.10609,2012-04-04,234989584.0,113.0,American Reunion,6.1,1641.0,2012,,,,Unknown,184989584.0,True,2010,4,Spring,False
1100000.0,94329,id,10.528833,2011-09-08,4105187.0,101.0,The Raid,7.3,1076.0,2011,,,,Unknown,3005187.0,True,2010,9,Fall,False
30000000.0,22970,en,14.811958,2012-04-12,66486080.0,95.0,The Cabin in the Woods,6.6,2314.0,2012,,,,Unknown,36486080.0,True,2010,4,Spring,False
,81342,fr,5.96903,2011-12-20,9696204.0,108.0,Delicacy,6.5,138.0,2011,,,,Unknown,,,2010,12,Winter,False
,74306,en,10.00161,2011-09-09,122550.0,104.0,God Bless America,7.0,373.0,2011,,,,Unknown,,,2010,9,Fall,False
,51991,fr,10.243224,2010-12-22,,80.0,Romantics Anonymous,6.4,148.0,2010,,,,Unknown,,,2010,12,Winter,
2000000.0,92182,en,10.239941,2011-01-21,13101672.0,85.0,Silent House,5.2,125.0,2011,,,,Unknown,11101672.0,True,2010,1,Winter,False
30000000.0,76489,en,13.371056,2012-04-13,54819301.0,92.0,The Three Stooges,4.9,143.0,2012,,,,Unknown,24819301.0,True,2010,4,Spring,False
26000000.0,70436,en,7.254242,2012-03-09,29657751.0,111.0,The Raven,6.1,432.0,2012,,,,Unknown,3657751.0,True,2010,3,Spring,False
85000000.0,62764,en,14.170183,2012-03-15,183018522.0,106.0,Mirror Mirror,5.5,1148.0,2012,,,,Unknown,98018522.0,True,2010,3,Spring,False
209000000.0,44833,en,13.106966,2012-04-11,303025485.0,131.0,Battleship,5.5,2141.0,2012,,,,Unknown,94025485.0,True,2010,4,Spring,True
10000000.0,74534,en,9.23046,2011-11-28,136836156.0,124.0,The Best Exotic Marigold Hotel,6.9,468.0,2011,,,,Unknown,126836156.0,True,2010,11,Fall,False
,60405,en,14.129281,2011-04-19,,90.0,Sharpay's Fabulous Adventure,5.3,110.0,2011,,,,Unknown,,,2010,4,Spring,
2000000.0,63310,nl,4.666232,2011-02-02,,129.0,Bullhead,7.4,106.0,2011,,,,Unknown,,,2010,2,Winter,
,75802,en,14.331454,2011-06-06,9504139.0,100.0,Hysteria,6.6,262.0,2011,,,,Unknown,,,2010,6,Summer,False
30000000.0,72207,en,12.84554,2012-04-27,53909751.0,124.0,The Five-Year Engagement,5.7,466.0,2012,,,,Unknown,23909751.0,True,2010,4,Spring,False
12000000.0,67660,en,5.264551,2012-04-16,96070507.0,122.0,Think Like a Man,6.9,287.0,2012,,,,Unknown,84070507.0,True,2010,4,Spring,False
25000000.0,77877,en,7.740762,2012-04-19,99357138.0,101.0,The Lucky One,6.8,981.0,2012,,,,Unknown,74357138.0,True,2010,4,Spring,False
30000000.0,72387,en,8.234382,2012-04-16,40346186.0,94.0,Safe,6.3,808.0,2012,,,,Unknown,10346186.0,True,2010,4,Spring,False
150000000.0,62213,en,10.665859,2012-05-08,245527149.0,113.0,Dark Shadows,5.7,2383.0,2012,,,,Unknown,95527149.0,True,2010,5,Spring,False
,13486,en,18.691187,2008-07-19,,109.0,The Scorpion King: Rise of a Warrior,4.3,138.0,2008,,,,Unknown,,,2000,7,Summer,
,61979,en,6.28597,2010-12-03,,122.0,Three Steps Above Heaven,7.4,513.0,2010,,,,Unknown,,,2010,12,Winter,
65000000.0,76493,en,7.446085,2012-05-15,179379533.0,83.0,The Dictator,5.9,1789.0,2012,,,,Unknown,114379533.0,True,2010,5,Spring,False
25412760.0,14400,fr,7.663624,2008-12-17,,108.0,The Heir Apparent: Largo Winch,6.1,176.0,2008,,,,Unknown,,,2000,12,Winter,
225000000.0,41154,en,10.684385,2012-05-23,624026776.0,106.0,Men in Black 3,6.3,4228.0,2012,,,,Unknown,399026776.0,True,2010,5,Spring,True
170000000.0,58595,en,18.751554,2012-05-30,396600000.0,127.0,Snow White and the Huntsman,5.8,3183.0,2012,,,,Unknown,226600000.0,True,2010,5,Spring,True
,86812,en,5.209056,2011-01-22,,85.0,Sound of My Voice,6.3,109.0,2011,,,,Unknown,,,2010,1,Winter,
7000000.0,77561,es,4.788492,2011-10-28,,94.0,EVA,6.4,108.0,2011,,,,Unknown,,,2010,10,Fall,
,93856,en,6.76513,2012-05-24,18112929.0,88.0,Chernobyl Diaries,4.9,492.0,2012,,,,Unknown,,,2010,5,Spring,False
60000000.0,72197,en,10.271517,2012-03-12,118338361.0,88.0,The Pirates! In an Adventure with Scientists!,6.4,379.0,2012,,,,Unknown,58338361.0,True,2010,3,Spring,False
,94363,en,6.21609,2011-09-10,,99.0,Hick,5.6,156.0,2011,,,,Unknown,,,2010,9,Fall,
130000000.0,70981,en,16.624854,2012-05-30,403170142.0,124.0,Prometheus,6.3,5152.0,2012,,,,Unknown,273170142.0,True,2010,5,Spring,True
,111440,en,10.403371,2012-05-25,,89.0,The Pact,5.5,194.0,2012,,,,Unknown,,,2010,5,Spring,
5000000.0,92591,en,5.875181,2012-04-27,9206470.0,100.0,Bernie,6.5,325.0,2012,,,,Unknown,4206470.0,True,2010,4,Spring,False
,86555,en,5.735158,2011-11-25,,116.0,Take This Waltz,6.3,127.0,2011,,,,Unknown,,,2010,11,Fall,
35000000.0,50647,en,9.295078,2012-02-23,24159934.0,98.0,Wanderlust,5.3,402.0,2012,,,,Unknown,-10840066.0,False,2010,2,Winter,False
16000000.0,83666,en,8.692433,2012-05-16,68263166.0,94.0,Moonrise Kingdom,7.6,1701.0,2012,,,,Unknown,52263166.0,True,2010,5,Spring,False
,72477,en,6.093938,2011-10-14,957240.0,105.0,Texas Killing Fields,5.7,133.0,2011,,,,Unknown,,,2010,10,Fall,False
3500000.0,103269,en,6.247758,2012-06-12,,76.0,Superman vs. The Elite,6.6,103.0,2012,,,,Unknown,,,2010,6,Summer,
35000000.0,80389,en,6.195103,2012-03-15,,95.0,Get the Gringo,6.4,544.0,2012,,,,Unknown,,,2010,3,Spring,
3500000.0,13640,en,7.879229,2007-09-18,,75.0,Superman: Doomsday,6.5,138.0,2007,,,,Unknown,,,2000,9,Fall,
12468389.0,85435,en,6.116093,2011-10-14,29007412.0,97.0,A Few Best Men,5.9,137.0,2011,,,,Unknown,16539023.0,True,2010,10,Fall,False
20500000.0,49014,en,6.087109,2012-05-25,6063556.0,109.0,Cosmopolis,5.1,337.0,2012,,,,Unknown,-14436444.0,False,2010,5,Spring,False
40000000.0,72358,en,5.446745,2012-03-07,22044277.0,91.0,A Thousand Words,6.0,381.0,2012,,,,Unknown,-17955723.0,False,2010,3,Spring,False
750000.0,84332,en,7.067494,2012-06-08,4007792.0,85.0,Safety Not Guaranteed,6.8,562.0,2012,,,,Unknown,3257792.0,True,2010,6,Summer,False
145000000.0,80321,en,13.829042,2012-06-06,746921274.0,93.0,Madagascar 3: Europe's Most Wanted,6.4,1857.0,2012,,,,Unknown,601921274.0,True,2010,6,Summer,True
125000.0,84355,en,10.850569,2011-09-11,3200000.0,90.0,Your Sister's Sister,6.5,140.0,2011,,,,Unknown,3075000.0,True,2010,9,Fall,False
,22855,en,8.572867,2009-09-29,,67.0,Superman/Batman: Public Enemies,6.7,158.0,2009,,,,Unknown,,,2000,9,Fall,
185000000.0,62177,en,15.876341,2012-06-21,538983207.0,93.0,Brave,6.7,4760.0,2012,,,,Unknown,353983207.0,True,2010,6,Summer,True
,13313,en,8.169404,1997-11-11,,72.0,Beauty and the Beast: The Enchanted Christmas,5.9,203.0,1997,,,,Unknown,,,1990,11,Fall,
,13761,en,8.763892,1998-08-04,,72.0,Pocahontas II: Journey to a New World,4.9,297.0,1998,,,,Unknown,,,1990,8,Summer,
9000000.0,86467,en,7.720692,2012-03-09,8303261.0,102.0,Bel Ami,5.0,155.0,2012,,,,Unknown,-696739.0,False,2010,3,Spring,False
40000000.0,76494,en,7.271503,2012-05-17,79700000.0,110.0,What to Expect When You're Expecting,5.8,611.0,2012,,,,Unknown,39700000.0,True,2010,5,Spring,False
17000000.0,81836,en,7.812646,2012-04-20,73244881.0,111.0,To Rome with Love,5.6,564.0,2012,,,,Unknown,56244881.0,True,2010,4,Spring,False
69000000.0,72331,en,7.922636,2012-06-20,112265139.0,94.0,Abraham Lincoln: Vampire Hunter,5.5,1297.0,2012,,,,Unknown,43265139.0,True,2010,6,Summer,False
10000000.0,68684,en,7.74967,2011-03-16,,93.0,Detention,5.7,130.0,2011,,,,Unknown,,,2010,3,Spring,
,34494,it,6.16374,2008-01-25,,105.0,Sorry if I Love You,5.3,142.0,2008,,,,Unknown,,,2000,1,Winter,
75000000.0,80585,en,12.558042,2012-06-13,59418613.0,123.0,Rock of Ages,6.0,392.0,2012,,,,Unknown,-15581387.0,False,2010,6,Summer,False
10000000.0,88005,en,6.947533,2012-06-22,9636289.0,101.0,Seeking a Friend for the End of the World,6.3,713.0,2012,,,,Unknown,-363711.0,False,2010,6,Summer,False
50000000.0,72105,en,19.638605,2012-06-29,549368315.0,106.0,Ted,6.3,4811.0,2012,,,,Unknown,499368315.0,True,2010,6,Summer,True
7000000.0,77930,en,8.732425,2012-06-28,167221571.0,110.0,Magic Mike,6.1,1062.0,2012,,,,Unknown,160221571.0,True,2010,6,Summer,False
,39103,ja,5.46959,1992-03-07,,46.0,Dragon Ball Z: Return of Cooler,6.7,100.0,1992,,,,Unknown,,,1990,3,Spring,
25000000.0,83770,en,7.323283,2012-05-22,8784318.0,137.0,On the Road,5.5,312.0,2012,,,,Unknown,-16215682.0,False,2010,5,Spring,False
,34433,ja,7.348249,1993-03-06,,70.0,Dragon Ball Z: Broly - The Legendary Super Saiyan,7.3,134.0,1993,,,,Unknown,,,1990,3,Spring,
,95516,en,6.402926,2012-03-08,,108.0,Cleanskin,5.6,118.0,2012,,,,Unknown,,,2010,3,Spring,
215000000.0,1930,en,31.102267,2012-06-27,752215857.0,136.0,The Amazing Spider-Man,6.5,6734.0,2012,,,,Unknown,537215857.0,True,2010,6,Summer,True
,23823,en,12.257121,2009-01-01,,91.0,Wrong Turn 3: Left for Dead,4.9,227.0,2009,,,,Unknown,,,2000,1,Winter,
95000000.0,57800,en,13.26958,2012-06-26,877244782.0,88.0,Ice Age: Continental Drift,6.2,2731.0,2012,,,,Unknown,782244782.0,True,2010,6,Summer,True
1800000.0,84175,en,5.550496,2012-06-29,21107746.0,93.0,Beasts of the Southern Wild,6.8,411.0,2012,,,,Unknown,19307746.0,True,2010,6,Summer,False
16000000.0,98548,en,14.906621,2012-06-29,12434778.0,114.0,People Like Us,6.6,206.0,2012,,,,Unknown,-3565222.0,False,2010,6,Summer,False
45000000.0,82525,en,13.248022,2012-07-06,82966152.0,131.0,Savages,6.2,784.0,2012,,,,Unknown,37966152.0,True,2010,7,Summer,False
,25913,en,5.697362,2002-02-19,,75.0,Balto II: Wolf Quest,6.2,113.0,2002,,,,Unknown,,,2000,2,Winter,
68000000.0,80035,en,13.276971,2012-07-26,68267862.0,98.0,The Watch,5.3,899.0,2012,,,,Unknown,267862.0,True,2010,7,Summer,False
10000000.0,73567,en,6.452069,2011-09-10,3665069.0,102.0,Killer Joe,6.4,433.0,2011,,,,Unknown,-6334931.0,False,2010,9,Fall,False
,44251,ja,6.12929,1994-03-12,,48.0,Dragon Ball Z: Broly - Second Coming,6.5,102.0,1994,,,,Unknown,,,1990,3,Spring,
,39107,ja,6.778755,1995-03-04,,55.0,Dragon Ball Z: Fusion Reborn,7.3,118.0,1995,,,,Unknown,,,1990,3,Spring,
,103332,en,7.692815,2012-07-25,9128263.0,104.0,Ruby Sparks,7.0,546.0,2012,,,,Unknown,,,2010,7,Summer,False
125000000.0,64635,en,16.42635,2012-08-02,198802074.0,121.0,Total Recall,5.8,2540.0,2012,,,,Unknown,73802074.0,True,2010,8,Summer,False
,103747,en,12.807728,2012-06-01,7034007.0,101.0,The Angels' Share,7.0,142.0,2012,,,,Unknown,,,2010,6,Summer,False
,56909,it,4.00779,2011-01-21,,108.0,The Immature,6.0,167.0,2011,,,,Unknown,,,2010,1,Winter,
,39108,ja,5.264225,1995-07-15,,51.0,Dragon Ball Z: Wrath of the Dragon,6.9,102.0,1995,,,,Unknown,,,1990,7,Summer,
,8736,fr,7.348332,2006-06-21,,84.0,Dikkenek,6.8,165.0,2006,,,,Unknown,,,2000,6,Summer,
,13676,en,0.415606,2008-08-26,,77.0,The Little Mermaid: Ariel's Beginning,6.3,187.0,2008,,,,Unknown,,,2000,8,Summer,
200000000.0,37724,en,20.309585,2012-10-25,1108561013.0,143.0,Skyfall,6.9,7718.0,2012,,,,Unknown,908561013.0,True,2010,10,Fall,True
,77953,en,7.581463,2012-08-09,104907746.0,85.0,The Campaign,5.6,594.0,2012,,,,Unknown,,,2010,8,Summer,False
30000000.0,82696,en,7.255301,2012-08-07,114281051.0,100.0,Hope Springs,5.8,287.0,2012,,,,Unknown,84281051.0,True,2010,8,Summer,False
60000000.0,77174,en,10.425038,2012-08-03,107139399.0,90.0,ParaNorman,6.7,808.0,2012,,,,Unknown,47139399.0,True,2010,8,Summer,False
22000000.0,82650,en,10.225555,2012-08-02,77112176.0,94.0,Diary of a Wimpy Kid: Dog Days,6.0,229.0,2012,,,,Unknown,55112176.0,True,2010,8,Summer,False
,84184,en,6.348565,2012-08-03,3094813.0,91.0,Celeste & Jesse Forever,6.4,164.0,2012,,,,Unknown,,,2010,8,Summer,False
2000000.0,109513,en,7.148558,2012-08-22,14400000.0,100.0,Hit & Run,5.5,225.0,2012,,,,Unknown,12400000.0,True,2010,8,Summer,False
5000000.0,14128,en,8.002712,2002-02-23,,74.0,Cinderella II: Dreams Come True,5.5,265.0,2002,,,,Unknown,,,2000,2,Winter,
35000000.0,49526,en,5.654784,2012-08-24,31083599.0,91.0,Premium Rush,6.2,848.0,2012,,,,Unknown,-3916401.0,False,2010,8,Summer,False
,71864,en,5.426921,2012-08-15,51854875.0,105.0,The Odd Life of Timothy Green,6.6,392.0,2012,,,,Unknown,,,2010,8,Summer,False
26000000.0,82633,en,7.968423,2012-08-29,53676580.0,115.0,Lawless,6.8,1055.0,2012,,,,Unknown,27676580.0,True,2010,8,Summer,False
5000000.0,71668,en,5.615205,2012-05-11,8493728.0,83.0,Piranha 3DD,4.1,319.0,2012,,,,Unknown,3493728.0,True,2010,5,Spring,False
3000000.0,89691,en,8.950643,2012-02-17,3010.0,90.0,ATM,5.1,195.0,2012,,,,Unknown,-2996990.0,False,2010,2,Winter,False
,84334,en,6.245191,2012-06-30,,85.0,Searching for Sugar Man,7.9,286.0,2012,,,,Unknown,,,2010,6,Summer,
14000000.0,77883,en,7.286477,2012-08-30,85446075.0,92.0,The Possession,5.8,509.0,2012,,,,Unknown,71446075.0,True,2010,8,Summer,False
25000000.0,48034,fr,7.594334,2010-10-20,48531470.0,154.0,Little White Lies,7.1,396.0,2010,,,,Unknown,23531470.0,True,2010,10,Fall,False
17000000.0,79694,en,7.683008,2012-08-23,9627492.0,82.0,The Apparition,4.5,140.0,2012,,,,Unknown,-7372508.0,False,2010,8,Summer,False
3000000.0,84174,en,10.893224,2012-08-06,11947954.0,87.0,Bachelorette,5.3,457.0,2012,,,,Unknown,8947954.0,True,2010,8,Summer,False
6000000.0,83686,en,6.089971,2012-09-07,13231461.0,96.0,The Words,6.4,384.0,2012,,,,Unknown,7231461.0,True,2010,9,Fall,False
17000000.0,114150,en,11.03595,2012-09-28,115350426.0,112.0,Pitch Perfect,7.3,2310.0,2012,,,,Unknown,98350426.0,True,2010,9,Fall,False
20000000.0,77948,en,11.112153,2012-04-04,16863583.0,93.0,The Cold Light of Day,4.8,277.0,2012,,,,Unknown,-3136417.0,False,2010,4,Spring,False
4000000.0,89708,en,9.491177,2011-09-16,,102.0,Samsara,8.0,169.0,2011,,,,Unknown,,,2010,9,Fall,
30000000.0,59967,en,12.727269,2012-09-26,47042000.0,118.0,Looper,6.6,4777.0,2012,,,,Unknown,17042000.0,True,2010,9,Fall,False
,84188,en,7.563444,2012-08-23,319285.0,90.0,Compliance,6.3,225.0,2012,,,,Unknown,,,2010,8,Summer,False
70000000.0,87428,en,8.923755,2012-06-14,58058367.0,116.0,That's My Boy,5.5,460.0,2012,,,,Unknown,-11941633.0,False,2010,6,Summer,False
87000000.0,26505,en,9.603484,2009-11-26,,93.0,Arthur and the Revenge of Maltazard,5.3,392.0,2009,,,,Unknown,,,2000,11,Fall,
,97795,en,7.177295,2011-10-11,,80.0,Emergo,5.0,100.0,2011,,,,Unknown,,,2010,10,Fall,
2500000.0,84329,en,9.291494,2012-08-16,3325038.0,85.0,Robot & Frank,6.8,454.0,2012,,,,Unknown,825038.0,True,2010,8,Summer,False
65000000.0,71679,en,0.948759,2012-09-12,240159255.0,95.0,Resident Evil: Retribution,5.6,1618.0,2012,,,,Unknown,175159255.0,True,2010,9,Fall,False
,87825,en,6.032041,2012-09-21,,111.0,Trouble with the Curve,6.6,379.0,2012,,,,Unknown,,,2010,9,Fall,
32000000.0,68722,en,8.074218,2012-09-07,28258060.0,137.0,The Master,7.0,720.0,2012,,,,Unknown,-3741940.0,False,2010,9,Fall,False
50000000.0,49049,en,12.1524,2012-09-07,41037742.0,95.0,Dredd,6.6,1971.0,2012,,,,Unknown,-8962258.0,False,2010,9,Fall,False
12000000.0,60599,en,5.808496,2012-09-14,35485056.0,100.0,Arbitrage,6.1,300.0,2012,,,,Unknown,23485056.0,True,2010,9,Fall,False
7000000.0,77016,en,7.45279,2012-09-20,48126384.0,109.0,End of Watch,7.2,1186.0,2012,,,,Unknown,41126384.0,True,2010,9,Fall,False
,84348,en,7.820787,2012-07-28,100345.0,116.0,V/H/S,5.8,385.0,2012,,,,Unknown,,,2010,7,Summer,False
13000000.0,84892,en,12.775679,2012-09-20,33400000.0,102.0,The Perks of Being a Wallflower,7.7,3056.0,2012,,,,Unknown,20400000.0,True,2010,9,Fall,False
3800000.0,103663,da,8.462801,2012-08-28,16800000.0,115.0,The Hunt,7.9,946.0,2012,,,,Unknown,13000000.0,True,2010,8,Summer,False
,103328,en,7.34241,2012-07-02,641100.0,115.0,Holy Motors,7.0,232.0,2012,,,,Unknown,,,2010,7,Summer,False
14000000.0,75638,en,11.535478,2012-03-02,13551174.0,119.0,Red Lights,6.0,381.0,2012,,,,Unknown,-448826.0,False,2010,3,Spring,False
45000000.0,82675,en,16.376482,2012-09-27,376141306.0,91.0,Taken 2,6.1,2783.0,2012,,,,Unknown,331141306.0,True,2010,9,Fall,True
12500000.0,82390,en,5.526878,2012-09-14,1353868.0,107.0,The Paperboy,5.4,244.0,2012,,,,Unknown,-11146132.0,False,2010,9,Fall,False
8000000.0,88273,da,8.168448,2012-03-29,7594693.0,137.0,A Royal Affair,7.2,244.0,2012,,,,Unknown,-405307.0,False,2010,3,Spring,False
6900000.0,82505,en,8.513457,2012-09-21,44287131.0,101.0,House at the End of the Street,5.6,566.0,2012,,,,Unknown,37387131.0,True,2010,9,Fall,False
,85735,fr,5.019821,2011-12-10,,98.0,Love Lasts Three Years,5.8,119.0,2011,,,,Unknown,,,2010,12,Winter,
18200000.0,86597,en,7.96508,2012-03-19,,106.0,The Tall Man,5.7,339.0,2012,,,,Unknown,,,2010,3,Spring,
9500000.0,110160,fr,8.59498,2012-05-18,12250.0,168.0,Laurence Anyways,7.7,190.0,2012,,,,Unknown,-9487750.0,False,2010,5,Spring,False
11000000.0,80271,en,10.005198,2012-02-10,,97.0,LOL,5.8,905.0,2012,,,,Unknown,,,2010,2,Winter,
15400000.0,97365,fr,8.400049,2012-05-17,25762027.0,123.0,Rust and Bone,7.1,438.0,2012,,,,Unknown,10362027.0,True,2010,5,Spring,False
16600000.0,70667,en,7.83072,2012-08-24,,118.0,Kon-Tiki,7.0,248.0,2012,,,,Unknown,,,2010,8,Summer,
,90125,en,5.825337,2012-04-20,,144.0,Marley,7.5,107.0,2012,,,,Unknown,,,2010,4,Spring,
39000000.0,62214,en,10.296047,2012-10-04,35287788.0,87.0,Frankenweenie,6.6,951.0,2012,,,,Unknown,-3712212.0,False,2010,10,Fall,False
3000000.0,82507,en,12.490637,2012-03-29,77712439.0,110.0,Sinister,6.8,1611.0,2012,,,,Unknown,74712439.0,True,2010,3,Spring,False
85000000.0,76492,en,16.231945,2012-09-20,358375603.0,91.0,Hotel Transylvania,6.8,2622.0,2012,,,,Unknown,273375603.0,True,2010,9,Fall,True
,110354,en,6.337857,2012-08-19,,99.0,Side by Side,7.1,111.0,2012,,,,Unknown,,,2010,8,Summer,
44500000.0,68734,en,14.238234,2012-10-11,232324128.0,120.0,Argo,7.1,3473.0,2012,,,,Unknown,187824128.0,True,2010,10,Fall,False
15000000.0,86838,en,9.643538,2012-09-07,19422261.0,110.0,Seven Psychopaths,6.7,1224.0,2012,,,,Unknown,4422261.0,True,2010,9,Fall,False
,79697,en,8.328357,2011-09-03,175706.0,90.0,Butter,5.8,154.0,2011,,,,Unknown,,,2010,9,Fall,False
,84306,en,7.113542,2012-09-14,327345.0,97.0,Liberal Arts,6.1,179.0,2012,,,,Unknown,,,2010,9,Fall,False
30000000.0,57089,en,9.382577,2011-04-29,13521829.0,86.0,Hoodwinked Too! Hood VS. Evil,4.8,135.0,2011,,,,Unknown,-16478171.0,False,2010,4,Spring,False
7000000.0,75736,en,5.799422,2011-12-08,,93.0,Catch.44,4.8,107.0,2011,,,,Unknown,,,2010,12,Winter,
,80280,es,5.335003,2012-03-30,10158000.0,80.0,[REC]³ Genesis,4.9,360.0,2012,,,,Unknown,,,2010,3,Spring,False
61000000.0,99770,fr,9.722726,2012-10-17,,110.0,Astérix and Obélix: God Save Britannia,4.9,326.0,2012,,,,Unknown,,,2010,10,Fall,
5000000.0,82990,en,6.188286,2012-10-17,142817992.0,95.0,Paranormal Activity 4,5.2,574.0,2012,,,,Unknown,137817992.0,True,2010,10,Fall,False
45000000.0,94348,en,8.279285,2012-10-18,30353232.0,101.0,Alex Cross,5.1,303.0,2012,,,,Unknown,-14646768.0,False,2010,10,Fall,False
102000000.0,83542,en,13.494246,2012-10-26,130482868.0,172.0,Cloud Atlas,6.6,3031.0,2012,,,,Unknown,28482868.0,True,2010,10,Fall,False
20000000.0,61012,en,5.745206,2012-10-10,52302796.0,94.0,Silent Hill: Revelation 3D,5.1,435.0,2012,,,,Unknown,32302796.0,True,2010,10,Fall,False
,82684,en,8.965733,2012-10-25,,117.0,Chasing Mavericks,7.0,219.0,2012,,,,Unknown,,,2010,10,Fall,
,87826,en,13.409588,2012-10-11,73100172.0,105.0,Here Comes the Boom,6.0,598.0,2012,,,,Unknown,,,2010,10,Fall,False
15000000.0,64689,en,6.777326,2012-09-20,37930465.0,97.0,Killing Them Softly,5.8,751.0,2012,,,,Unknown,22930465.0,True,2010,9,Fall,False
,84287,en,8.970709,2012-07-13,,95.0,The Imposter,7.4,273.0,2012,,,,Unknown,,,2010,7,Summer,
1000000.0,113947,en,5.760319,2012-05-02,9138338.0,98.0,The Sessions,6.6,183.0,2012,,,,Unknown,8138338.0,True,2010,5,Spring,False
165000000.0,82690,en,13.697597,2012-11-01,471222889.0,108.0,Wreck-It Ralph,7.1,4656.0,2012,,,,Unknown,306222889.0,True,2010,11,Fall,True
21000000.0,82693,en,14.488111,2012-09-08,205738714.0,122.0,Silver Linings Playbook,7.0,4840.0,2012,,,,Unknown,184738714.0,True,2010,9,Fall,False
31000000.0,87502,en,10.973822,2012-11-02,161772375.0,138.0,Flight,6.5,2449.0,2012,,,,Unknown,130772375.0,True,2010,11,Fall,False
,96724,en,8.543311,2012-09-06,68929150.0,130.0,Anna Karenina,6.5,660.0,2012,,,,Unknown,,,2010,9,Fall,False
120000000.0,87827,en,14.045042,2012-11-20,609016565.0,127.0,Life of Pi,7.2,5912.0,2012,,,,Unknown,489016565.0,True,2010,11,Fall,True
15000000.0,97430,en,8.310945,2012-11-02,15608545.0,96.0,The Man with the Iron Fists,5.2,369.0,2012,,,,Unknown,608545.0,True,2010,11,Fall,False
,84194,en,12.493245,2012-09-12,,81.0,Excision,5.9,148.0,2012,,,,Unknown,,,2010,9,Fall,
30000000.0,118957,en,6.498141,2012-09-05,,93.0,Bait,5.4,193.0,2012,,,,Unknown,,,2010,9,Fall,
17000000.0,46429,en,5.643051,2012-10-27,,90.0,Gallowwalkers,4.0,137.0,2012,,,,Unknown,,,2010,10,Fall,
,123105,en,6.770051,2012-09-13,30668.0,84.0,The Bay,5.5,237.0,2012,,,,Unknown,,,2010,9,Fall,False
35000000.0,127493,en,7.759429,2012-05-17,2106557.0,96.0,Stolen,5.1,345.0,2012,,,,Unknown,-32893443.0,False,2010,5,Spring,False
8900000.0,86837,fr,7.663947,2012-07-01,29844753.0,127.0,Amour,7.5,413.0,2012,,,,Unknown,20944753.0,True,2010,7,Summer,False
,65851,en,10.485937,2011-08-03,,85.0,Jackass 3.5,6.0,164.0,2011,,,,Unknown,,,2010,8,Summer,
,19794,en,9.892713,2009-07-19,,89.0,Labor Pains,5.2,131.0,2009,,,,Unknown,,,2000,7,Summer,
,114606,en,11.20619,2012-08-31,,88.0,Cockneys vs Zombies,5.8,141.0,2012,,,,Unknown,,,2010,8,Summer,
,80215,en,7.843916,2012-05-18,,96.0,Indie Game: The Movie,7.4,208.0,2012,,,,Unknown,,,2010,5,Spring,
3500000.0,123025,en,12.107182,2012-09-06,,76.0,"Batman: The Dark Knight Returns, Part 1",7.7,410.0,2012,,,,Unknown,,,2010,9,Fall,
65000000.0,72976,en,10.680331,2012-11-09,275293450.0,149.0,Lincoln,6.7,1456.0,2012,,,,Unknown,210293450.0,True,2010,11,Fall,False
120000000.0,50620,en,26.080995,2012-11-13,829000000.0,115.0,The Twilight Saga: Breaking Dawn - Part 2,6.1,2641.0,2012,,,,Unknown,709000000.0,True,2010,11,Fall,True
,58547,en,8.881954,2011-09-12,201146.0,100.0,10 Years,5.7,161.0,2011,,,,Unknown,,,2010,9,Fall,False
65000000.0,60747,en,5.627787,2012-11-21,44806783.0,93.0,Red Dawn,5.3,573.0,2012,,,,Unknown,-20193217.0,False,2010,11,Fall,False
145000000.0,81188,en,10.943775,2012-11-21,306941670.0,97.0,Rise of the Guardians,7.1,1981.0,2012,,,,Unknown,161941670.0,True,2010,11,Fall,True
,101519,en,5.507377,2012-06-07,,100.0,A Fantastic Fear of Everything,5.7,102.0,2012,,,,Unknown,,,2010,6,Summer,
12000000.0,97614,en,8.435294,2012-11-08,66351.0,95.0,Deadfall,5.6,228.0,2012,,,,Unknown,-11933649.0,False,2010,11,Fall,False
10000000.0,102780,en,6.79497,2012-09-09,89237.0,118.0,Byzantium,6.1,300.0,2012,,,,Unknown,-9910763.0,False,2010,9,Fall,False
12500000.0,119431,en,7.429822,2012-10-05,,92.0,Halo 4: Forward Unto Dawn,6.4,240.0,2012,,,,Unknown,,,2010,10,Fall,
33000000.0,85446,en,7.859968,2012-07-26,140470746.0,99.0,Step Up Revolution,6.7,679.0,2012,,,,Unknown,107470746.0,True,2010,7,Summer,False
,94380,en,5.929797,2012-04-12,,90.0,Bad Ass,5.3,141.0,2012,,,,Unknown,,,2010,4,Spring,
,152795,en,8.534039,2013-05-16,455815.0,122.0,The Congress,6.4,165.0,2013,,,,Unknown,,,2010,5,Spring,False
,112336,en,10.841495,2012-11-22,23570541.0,98.0,Hitchcock,6.3,527.0,2012,,,,Unknown,,,2010,11,Fall,False
,83389,ja,8.791024,2011-07-16,,91.0,From Up on Poppy Hill,7.6,332.0,2011,,,,Unknown,,,2010,7,Summer,
250000000.0,49051,en,23.253089,2012-11-26,1021103568.0,169.0,The Hobbit: An Unexpected Journey,7.0,8427.0,2012,,,,Unknown,771103568.0,True,2010,11,Fall,True
40000000.0,97630,en,9.649303,2012-12-19,132820716.0,157.0,Zero Dark Thirty,6.7,1723.0,2012,,,,Unknown,92820716.0,True,2010,12,Winter,False
2400000.0,125490,en,10.540581,2012-09-19,,110.0,Antiviral,5.7,112.0,2012,,,,Unknown,,,2010,9,Fall,
23000000.0,11540,fr,5.665798,2004-09-17,,131.0,Adventures of Arsene Lupin,5.1,103.0,2004,,,,Unknown,,,2000,9,Fall,
7500000.0,37653,en,3.965037,1995-12-13,,105.0,The Three Brothers,7.2,119.0,1995,,,,Unknown,,,1990,12,Winter,
20000000.0,139567,en,10.999209,2012-08-31,4636169.0,97.0,Fire with Fire,5.6,223.0,2012,,,,Unknown,-15363831.0,False,2010,8,Summer,False
35000000.0,82654,en,10.430238,2013-01-31,116980662.0,97.0,Warm Bodies,6.4,2698.0,2013,,,,Unknown,81980662.0,True,2010,1,Winter,False
,83186,fr,11.349635,2012-09-05,,94.0,Wrong,6.0,105.0,2012,,,,Unknown,,,2010,9,Fall,
,116979,en,4.607816,2012-10-02,,94.0,Chained,6.3,119.0,2012,,,,Unknown,,,2010,10,Fall,
35000000.0,77875,en,13.270616,2012-11-29,,106.0,Playing for Keeps,5.4,245.0,2012,,,,Unknown,,,2010,11,Fall,
40000000.0,82687,en,7.479014,2012-12-19,41863726.0,95.0,The Guilt Trip,5.4,287.0,2012,,,,Unknown,1863726.0,True,2010,12,Winter,False
60000000.0,75780,en,12.789812,2012-12-20,218340595.0,130.0,Jack Reacher,6.3,3046.0,2012,,,,Unknown,158340595.0,True,2010,12,Winter,False
100000000.0,68718,en,19.785025,2012-12-25,425368238.0,165.0,Django Unchained,7.8,10297.0,2012,,,,Unknown,325368238.0,True,2010,12,Winter,True
35000000.0,89492,en,11.418802,2012-12-20,88058786.0,134.0,This Is 40,5.6,909.0,2012,,,,Unknown,53058786.0,True,2010,12,Winter,False
42000000.0,80278,en,10.027434,2012-09-09,180274123.0,113.0,The Impossible,7.0,2071.0,2012,,,,Unknown,138274123.0,True,2010,9,Fall,False
61000000.0,82695,en,13.52408,2012-12-18,441809770.0,157.0,Les Misérables,7.2,1925.0,2012,,,,Unknown,380809770.0,True,2010,12,Winter,True
11000000.0,121826,en,6.93228,2012-09-08,59520298.0,98.0,Quartet,6.4,141.0,2012,,,,Unknown,48520298.0,True,2010,9,Fall,False
,97051,en,8.332313,2012-10-14,,93.0,Would You Rather,5.8,289.0,2012,,,,Unknown,,,2010,10,Fall,
,44244,en,4.834304,2010-06-06,,97.0,Camp Rock 2: The Final Jam,5.8,354.0,2010,,,,Unknown,,,2010,6,Summer,
25000000.0,88042,en,11.746053,2012-12-25,119772232.0,104.0,Parental Guidance,5.8,212.0,2012,,,,Unknown,94772232.0,True,2010,12,Winter,False
,75761,en,9.143819,2012-01-23,,99.0,John Dies at the End,6.3,257.0,2012,,,,Unknown,,,2010,1,Winter,
,134597,en,8.031713,2012-09-21,6842058.0,94.0,The Collection,5.9,294.0,2012,,,,Unknown,,,2010,9,Fall,False
,127533,ja,7.916658,2012-08-25,61700000.0,134.0,Rurouni Kenshin,7.2,174.0,2012,,,,Unknown,,,2010,8,Summer,False
15000000.0,133694,en,7.06378,2012-09-23,8138788.0,106.0,Promised Land,6.0,246.0,2012,,,,Unknown,-6861212.0,False,2010,9,Fall,False
3730500.0,116613,en,5.311336,2012-09-11,6294161.0,112.0,The Sweeney,5.7,110.0,2012,,,,Unknown,2563661.0,True,2010,9,Fall,False
20000000.0,76617,en,7.214828,2013-01-03,47241945.0,92.0,Texas Chainsaw 3D,5.3,475.0,2013,,,,Unknown,27241945.0,True,2010,1,Winter,False
60000000.0,82682,en,8.581558,2013-01-10,105200903.0,113.0,Gangster Squad,6.2,1805.0,2013,,,,Unknown,45200903.0,True,2010,1,Winter,False
,87496,en,5.367502,2012-09-06,19633027.0,121.0,The Company You Keep,5.9,261.0,2012,,,,Unknown,,,2010,9,Fall,False
20000000.0,68812,en,13.132127,2012-09-01,1969193.0,105.0,The Iceman,6.4,368.0,2012,,,,Unknown,-18030807.0,False,2010,9,Fall,False
2500000.0,139038,en,6.531373,2013-01-11,60141683.0,86.0,A Haunted House,5.4,523.0,2013,,,,Unknown,57641683.0,True,2010,1,Winter,False
3500000.0,142061,en,12.576611,2013-01-18,,78.0,"Batman: The Dark Knight Returns, Part 2",7.9,426.0,2013,,,,Unknown,,,2010,1,Winter,
30000000.0,76640,en,10.691321,2013-01-12,,107.0,The Last Stand,5.7,1282.0,2013,,,,Unknown,,,2010,1,Winter,
15000000.0,132232,en,16.018525,2013-01-17,146497771.0,100.0,Mama,6.0,1452.0,2013,,,,Unknown,131497771.0,True,2010,1,Winter,False
100000.0,145197,en,8.003815,2013-04-05,444098.0,96.0,Upstream Color,6.5,277.0,2013,,,,Unknown,344098.0,True,2010,4,Spring,False
56000000.0,98357,en,12.136158,2013-01-18,19701164.0,109.0,Broken City,5.7,601.0,2013,,,,Unknown,-36298836.0,False,2010,1,Winter,False
,85872,fr,5.691572,2012-03-07,306724.0,84.0,Le Chef,5.9,173.0,2012,,,,Unknown,,,2010,3,Spring,False
6000000.0,87818,en,10.895427,2013-01-01,32438988.0,90.0,Movie 43,4.5,816.0,2013,,,,Unknown,26438988.0,True,2010,1,Winter,False
6500000.0,156717,en,8.531668,2013-01-04,,105.0,Death Race: Inferno,5.3,231.0,2013,,,,Unknown,,,2010,1,Winter,
35000000.0,119283,en,13.963892,2013-01-23,46216641.0,118.0,Parker,5.7,1467.0,2013,,,,Unknown,11216641.0,True,2010,1,Winter,False
,117974,en,9.921876,2012-11-30,61782.0,88.0,Sightseers,6.2,187.0,2012,,,,Unknown,,,2010,11,Fall,False
50000000.0,60304,en,10.337211,2013-01-17,224803475.0,88.0,Hansel & Gretel: Witch Hunters,5.7,3290.0,2013,,,,Unknown,174803475.0,True,2010,1,Winter,False
6500000.0,87499,en,6.53667,2013-05-31,2401510.0,116.0,The East,6.5,308.0,2013,,,,Unknown,-4098490.0,False,2010,5,Spring,False
60000000.0,58244,en,7.37535,2012-09-27,8106475.0,104.0,Upside Down,6.2,1094.0,2012,,,,Unknown,-51893525.0,False,2010,9,Fall,False
4000000.0,81446,en,7.379497,2012-08-27,,98.0,The Baytown Outlaws,5.9,108.0,2012,,,,Unknown,,,2010,8,Summer,
,121824,en,5.75637,2013-01-31,,95.0,Stand Up Guys,5.9,327.0,2013,,,,Unknown,,,2010,1,Winter,
,110398,es,5.97966,2012-08-07,2341226.0,118.0,No,7.0,132.0,2012,,,,Unknown,,,2010,8,Summer,False
,90369,en,5.348025,2012-05-25,,103.0,Now Is Good,7.3,379.0,2012,,,,Unknown,,,2010,5,Spring,
,150202,en,8.61296,2013-02-01,,101.0,The Haunting in Connecticut 2: Ghosts of Georgia,5.6,177.0,2013,,,,Unknown,,,2010,2,Winter,
,13648,ja,8.156555,2008-02-13,,97.0,Resident Evil: Degeneration,6.3,248.0,2008,,,,Unknown,,,2000,2,Winter,
30000000.0,109421,en,11.645847,2013-02-07,63372757.0,106.0,Side Effects,6.4,1340.0,2013,,,,Unknown,33372757.0,True,2010,2,Winter,False
35000000.0,109431,en,7.321172,2013-02-07,173965010.0,111.0,Identity Thief,5.6,1667.0,2013,,,,Unknown,138965010.0,True,2010,2,Winter,False
,87436,en,5.839324,2013-06-28,21660.0,123.0,The ABCs of Death,4.7,175.0,2013,,,,Unknown,,,2010,6,Summer,False
,133121,en,16.532373,2012-09-25,,100.0,Resident Evil: Damnation,6.3,186.0,2012,,,,Unknown,,,2010,9,Fall,
,121835,de,6.468915,2012-08-02,,108.0,Lore,7.1,104.0,2012,,,,Unknown,,,2010,8,Summer,
48000000.0,98567,cn,11.02591,2012-12-20,,120.0,Chinese Zodiac,6.0,266.0,2012,,,,Unknown,,,2010,12,Winter,
60000000.0,109491,en,20.485203,2013-02-13,60052138.0,124.0,Beautiful Creatures,5.6,1017.0,2013,,,,Unknown,52138.0,True,2010,2,Winter,False
92000000.0,47964,en,12.471865,2013-02-06,304654182.0,98.0,A Good Day to Die Hard,5.2,3519.0,2013,,,,Unknown,212654182.0,True,2010,2,Winter,True
13000000.0,107811,en,11.29356,2013-03-01,48065672.0,93.0,21 & Over,5.7,748.0,2013,,,,Unknown,35065672.0,True,2010,3,Spring,False
28000000.0,112949,en,7.598422,2013-02-07,97594140.0,115.0,Safe Haven,6.9,840.0,2013,,,,Unknown,69594140.0,True,2010,2,Winter,False
1000000.0,123678,id,6.373118,2012-08-31,444575.0,115.0,The Act of Killing,7.5,213.0,2012,,,,Unknown,-555425.0,False,2010,8,Summer,False
11500000.0,122857,en,12.887287,2012-10-04,1402307.0,114.0,Universal Soldier: Day of Reckoning,5.1,139.0,2012,,,,Unknown,-10097693.0,False,2010,10,Fall,False
,84330,en,6.154844,2012-10-26,,102.0,Room 237,6.2,212.0,2012,,,,Unknown,,,2010,10,Fall,
40000000.0,68179,en,11.617481,2013-02-14,74597643.0,89.0,Escape from Planet Earth,5.7,337.0,2013,,,,Unknown,34597643.0,True,2010,2,Winter,False
3000000.0,132344,en,11.30324,2013-04-05,11176469.0,108.0,Before Midnight,7.3,583.0,2013,,,,Unknown,8176469.0,True,2010,4,Spring,False
,89008,en,13.869345,2011-09-09,366377.0,90.0,The Oranges,5.3,149.0,2011,,,,Unknown,,,2010,9,Fall,False
,114478,en,13.357011,2012-07-21,,89.0,Starship Troopers: Invasion,5.6,139.0,2012,,,,Unknown,,,2010,7,Summer,
35000000.0,134411,en,13.542675,2013-02-21,42930462.0,112.0,Snitch,5.8,1155.0,2013,,,,Unknown,7930462.0,True,2010,2,Winter,False
,50275,en,4.02059,2013-02-08,34664.0,82.0,The Pirate Bay: Away From Keyboard,7.0,123.0,2013,,,,Unknown,,,2010,2,Winter,False
3500000.0,145135,en,26.972326,2013-02-21,25174316.0,97.0,Dark Skies,6.1,668.0,2013,,,,Unknown,21674316.0,True,2010,2,Winter,False
300000.0,130739,en,7.90622,2012-07-03,2750275.0,88.0,A Coffee in Berlin,7.0,113.0,2012,,,,Unknown,2450275.0,True,2010,7,Summer,False
195000000.0,81005,en,11.606061,2013-02-27,197687603.0,114.0,Jack the Giant Slayer,5.5,2634.0,2013,,,,Unknown,2687603.0,True,2010,2,Winter,False
5000000.0,146203,en,5.874458,2013-02-28,15179302.0,88.0,The Last Exorcism Part II,4.4,204.0,2013,,,,Unknown,10179302.0,True,2010,2,Winter,False
,129112,ar,5.451273,2012-08-31,1347747.0,98.0,Wadjda,7.2,125.0,2012,,,,Unknown,,,2010,8,Summer,False
130000000.0,72559,en,10.560608,2013-03-26,371876278.0,110.0,G.I. Joe: Retaliation,5.4,3045.0,2013,,,,Unknown,241876278.0,True,2010,3,Spring,True
12000000.0,86825,en,7.222816,2013-02-28,12077441.0,99.0,Stoker,6.5,895.0,2013,,,,Unknown,77441.0,True,2010,2,Winter,False
10000000.0,152259,en,6.651567,2013-01-03,1034589.0,99.0,Phantom,5.5,120.0,2013,,,,Unknown,-8965411.0,False,2010,1,Winter,False
200000000.0,68728,en,11.137329,2013-03-07,491868548.0,130.0,Oz: The Great and Powerful,5.7,3576.0,2013,,,,Unknown,291868548.0,True,2010,3,Spring,True
,102362,en,7.150388,2013-03-08,18074539.0,118.0,Dead Man Down,5.9,646.0,2013,,,,Unknown,,,2010,3,Spring,False
135000000.0,49519,en,14.757874,2013-03-20,585178928.0,98.0,The Croods,6.8,2447.0,2013,,,,Unknown,450178928.0,True,2010,3,Spring,True
,136403,fr,8.804555,2012-11-27,,111.0,Populaire,6.6,190.0,2012,,,,Unknown,,,2010,11,Fall,
,89185,en,5.15245,2012-02-17,,90.0,Radio Rebel,5.9,196.0,2012,,,,Unknown,,,2010,2,Winter,
,35558,en,5.458241,2010-02-14,,90.0,StarStruck,6.3,231.0,2010,,,,Unknown,,,2010,2,Winter,
,81250,en,5.04144,2011-11-11,,97.0,Geek Charming,6.0,188.0,2011,,,,Unknown,,,2010,11,Fall,
,150117,en,11.783332,2013-02-08,28234657.0,97.0,I Give It a Year,5.4,348.0,2013,,,,Unknown,,,2010,2,Winter,False
30000000.0,124459,en,9.385769,2013-03-14,27437881.0,100.0,The Incredible Burt Wonderstone,5.3,732.0,2013,,,,Unknown,-2562119.0,False,2010,3,Spring,False
5000000.0,122081,en,14.830235,2013-01-24,31724284.0,94.0,Spring Breakers,5.0,1580.0,2013,,,,Unknown,26724284.0,True,2010,1,Winter,False
5000000.0,144789,es,6.757549,2013-03-08,11724119.0,90.0,I'm So Excited!,5.8,219.0,2013,,,,Unknown,6724119.0,True,2010,3,Spring,False
13000000.0,158011,en,8.611077,2013-03-14,68572378.0,94.0,The Call,6.6,1275.0,2013,,,,Unknown,55572378.0,True,2010,3,Spring,False
70000000.0,117263,en,10.978188,2013-03-20,161025640.0,120.0,Olympus Has Fallen,6.2,3010.0,2013,,,,Unknown,91025640.0,True,2010,3,Spring,False
,84199,en,5.731701,2012-10-19,,95.0,The First Time,7.1,725.0,2012,,,,Unknown,,,2010,10,Fall,
,121875,fr,9.617662,2012-09-26,11879046.0,105.0,In the House,7.3,259.0,2012,,,,Unknown,,,2010,9,Fall,False
15000000.0,97367,en,7.492658,2013-03-20,35485608.0,140.0,The Place Beyond the Pines,6.8,1689.0,2013,,,,Unknown,20485608.0,True,2010,3,Spring,False
,127867,en,10.642891,2012-09-08,,100.0,The Brass Teapot,5.8,165.0,2012,,,,Unknown,,,2010,9,Fall,
44000000.0,72710,en,11.342024,2013-03-22,63327201.0,125.0,The Host,6.0,1859.0,2013,,,,Unknown,19327201.0,True,2010,3,Spring,False
13000000.0,144340,en,10.098539,2013-03-21,18000000.0,107.0,Admission,5.5,307.0,2013,,,,Unknown,5000000.0,True,2010,3,Spring,False
17000000.0,109428,en,12.01525,2013-04-05,97542952.0,91.0,Evil Dead,6.4,1754.0,2013,,,,Unknown,80542952.0,True,2010,4,Spring,False
20000000.0,68727,en,7.876299,2013-03-27,24261569.0,101.0,Trance,6.5,975.0,2013,,,,Unknown,4261569.0,True,2010,3,Spring,False
8500000.0,93828,en,7.67857,2013-03-15,9747.0,99.0,Welcome to the Punch,5.7,284.0,2013,,,,Unknown,-8490253.0,False,2010,3,Spring,False
,133698,fr,7.881755,2012-10-29,,104.0,Fly Me to the Moon,5.6,196.0,2012,,,,Unknown,,,2010,10,Fall,
120000000.0,75612,en,14.654053,2013-04-10,286168572.0,124.0,Oblivion,6.4,4862.0,2013,,,,Unknown,166168572.0,True,2010,4,Spring,True
,171337,it,13.631223,2013-02-27,,110.0,Siberian Education,6.7,138.0,2013,,,,Unknown,,,2010,2,Winter,
,60281,en,8.452485,2013-02-22,587615.0,112.0,To the Wonder,5.9,164.0,2013,,,,Unknown,,,2010,2,Winter,False
40000000.0,109410,en,11.637224,2013-04-12,95020213.0,128.0,42,6.8,795.0,2013,,,,Unknown,55020213.0,True,2010,4,Spring,False
,110420,ja,10.249498,2012-07-21,,117.0,Wolf Children,8.0,483.0,2012,,,,Unknown,,,2010,7,Summer,
10000000.0,127517,en,12.18812,2012-09-11,3428048.0,115.0,Disconnect,6.9,459.0,2012,,,,Unknown,-6571952.0,False,2010,9,Fall,False
20000000.0,4258,en,14.27281,2013-04-11,78378744.0,86.0,Scary Movie 5,4.6,813.0,2013,,,,Unknown,58378744.0,True,2010,4,Spring,False
25000000.0,134374,en,9.218002,2013-04-18,86175291.0,130.0,Pain & Gain,6.1,1595.0,2013,,,,Unknown,61175291.0,True,2010,4,Spring,False
,30675,en,5.769957,2010-02-02,7000000.0,81.0,Planet Hulk,6.7,108.0,2010,,,,Unknown,,,2010,2,Winter,False
,84204,en,9.609614,2012-08-10,,94.0,Grabbers,6.0,140.0,2012,,,,Unknown,,,2010,8,Summer,
12000000.0,106021,en,9.329974,2012-09-27,,100.0,Erased,5.6,251.0,2012,,,,Unknown,,,2010,9,Fall,
,76589,en,5.803594,2012-02-28,,77.0,Justice League: Doom,7.1,197.0,2012,,,,Unknown,,,2010,2,Winter,
3860000.0,44865,zh,8.959821,2013-01-08,64076736.0,130.0,The Grandmaster,6.3,280.0,2013,,,,Unknown,60216736.0,True,2010,1,Winter,False
32000000.0,109414,en,11.414048,2013-06-12,126041322.0,107.0,This Is the End,6.2,2394.0,2013,,,,Unknown,94041322.0,True,2010,6,Summer,False
200000000.0,68721,en,23.721243,2013-04-18,1215439994.0,130.0,Iron Man 3,6.8,8951.0,2013,,,,Unknown,1015439994.0,True,2010,4,Spring,True
,166076,en,7.389122,2013-05-06,2915767.0,75.0,Superman: Unbound,6.6,109.0,2013,,,,Unknown,,,2010,5,Spring,False
10000000.0,77234,en,7.112624,2013-04-18,,90.0,The Numbers Station,5.3,223.0,2013,,,,Unknown,,,2010,4,Spring,
,174321,en,9.673017,2013-05-16,104810.0,91.0,The English Teacher,5.8,117.0,2013,,,,Unknown,,,2010,5,Spring,False
10000000.0,103731,en,7.881579,2013-05-01,21587700.0,130.0,Mud,7.0,1080.0,2013,,,,Unknown,11587700.0,True,2010,5,Spring,False
105000000.0,64682,en,17.598936,2013-05-10,351040419.0,143.0,The Great Gatsby,7.3,3885.0,2013,,,,Unknown,246040419.0,True,2010,5,Spring,True
190000000.0,54138,en,15.78129,2013-05-05,467365246.0,132.0,Star Trek Into Darkness,7.4,4479.0,2013,,,,Unknown,277365246.0,True,2010,5,Spring,True
58000000.0,116741,en,0.393865,2013-06-07,44000000.0,119.0,The Internship,6.1,1691.0,2013,,,,Unknown,-14000000.0,False,2010,6,Summer,False
4800000.0,77987,en,6.069475,2013-05-30,10337387.0,90.0,Only God Forgives,5.6,886.0,2013,,,,Unknown,5537387.0,True,2010,5,Spring,False
103000000.0,109439,en,25.085639,2013-05-23,362000072.0,100.0,The Hangover Part III,6.0,2991.0,2013,,,,Unknown,259000072.0,True,2010,5,Spring,True
160000000.0,82992,en,1.657637,2013-05-06,788679850.0,130.0,Fast & Furious 6,6.7,5282.0,2013,,,,Unknown,628679850.0,True,2010,5,Spring,True
100000000.0,116711,en,11.913405,2013-05-15,268426634.0,102.0,Epic,6.4,1143.0,2013,,,,Unknown,168426634.0,True,2010,5,Spring,False
11000000.0,152780,fr,9.166555,2013-05-17,10631747.0,130.0,The Past,7.1,161.0,2013,,,,Unknown,-368253.0,False,2010,5,Spring,False
,137182,nl,12.507625,2012-10-09,5475058.0,112.0,The Broken Circle Breakdown,7.7,341.0,2012,,,,Unknown,,,2010,10,Fall,False
,121986,en,8.471415,2013-05-17,4069826.0,86.0,Frances Ha,7.3,358.0,2013,,,,Unknown,,,2010,5,Spring,False
1500000.0,104755,en,9.981121,2012-09-10,1165882.0,101.0,The Lords of Salem,5.1,244.0,2012,,,,Unknown,-334118.0,False,2010,9,Fall,False
23000000.0,119675,en,7.339451,2013-05-26,15600000.0,118.0,Behind the Candelabra,6.6,307.0,2013,,,,Unknown,-7400000.0,False,2010,5,Spring,False
2000000.0,123103,es,8.367858,2012-09-12,58510.0,89.0,Aftershock,5.3,110.0,2012,,,,Unknown,-1941490.0,False,2010,9,Fall,False
,166666,de,7.089137,2013-02-21,,111.0,3096 Days,6.6,121.0,2013,,,,Unknown,,,2010,2,Winter,
130000000.0,82700,en,10.747642,2013-05-30,243843127.0,100.0,After Earth,5.0,2579.0,2013,,,,Unknown,113843127.0,True,2010,5,Spring,False
75000000.0,75656,en,17.852022,2013-05-29,117698894.0,115.0,Now You See Me,7.3,5635.0,2013,,,,Unknown,42698894.0,True,2010,5,Spring,False
10000000.0,77805,en,6.383512,2013-08-08,1585582.0,92.0,Lovelace,6.0,234.0,2013,,,,Unknown,-8414418.0,False,2010,8,Summer,False
,184125,en,7.089715,2013-06-30,,99.0,Assault on Wall Street,5.8,215.0,2013,,,,Unknown,,,2010,6,Summer,
10000000.0,74513,fr,5.3584,2011-11-02,10759.0,109.0,Special Forces,6.4,132.0,2011,,,,Unknown,-9989241.0,False,2010,11,Fall,False
,116811,en,5.532455,2012-08-30,,92.0,Berberian Sound Studio,6.1,107.0,2012,,,,Unknown,,,2010,8,Summer,
4600000.0,147773,en,10.342737,2013-06-06,23198652.0,103.0,The Way Way Back,7.1,695.0,2013,,,,Unknown,18598652.0,True,2010,6,Summer,False
,111083,es,5.513308,2012-10-04,,108.0,The Body,7.5,233.0,2012,,,,Unknown,,,2010,10,Fall,
,91739,en,5.455903,2012-09-08,,107.0,Much Ado About Nothing,7.1,117.0,2012,,,,Unknown,,,2010,9,Fall,
225000000.0,49521,en,18.538834,2013-06-12,662845518.0,143.0,Man of Steel,6.5,6462.0,2013,,,,Unknown,437845518.0,True,2010,6,Summer,True
,156700,en,6.25805,2013-01-19,,93.0,The Kings of Summer,7.0,427.0,2013,,,,Unknown,,,2010,1,Winter,
35000000.0,87567,en,6.651605,2013-04-25,21819348.0,90.0,The Big Wedding,5.7,421.0,2013,,,,Unknown,-13180652.0,False,2010,4,Spring,False
3000000.0,158015,en,23.207663,2013-05-31,89328627.0,86.0,The Purge,6.0,2498.0,2013,,,,Unknown,86328627.0,True,2010,5,Spring,False
15000000.0,96936,en,7.913029,2013-06-12,19145732.0,90.0,The Bling Ring,5.3,1205.0,2013,,,,Unknown,4145732.0,True,2010,6,Summer,False
200000000.0,62211,en,16.267502,2013-06-20,743559607.0,104.0,Monsters University,7.0,3622.0,2013,,,,Unknown,543559607.0,True,2010,6,Summer,True
6000000.0,103620,en,8.804658,2012-12-26,31081.0,89.0,Maniac,5.9,322.0,2012,,,,Unknown,-5968919.0,False,2010,12,Winter,False
180000000.0,68726,en,33.949359,2013-07-11,407602906.0,131.0,Pacific Rim,6.7,4903.0,2013,,,,Unknown,227602906.0,True,2010,7,Summer,True
13500000.0,152742,en,8.995603,2013-01-01,19255873.0,124.0,The Best Offer,7.7,719.0,2013,,,,Unknown,5755873.0,True,2010,1,Winter,False
200000000.0,72190,en,26.114917,2013-06-20,531865000.0,116.0,World War Z,6.7,5683.0,2013,,,,Unknown,331865000.0,True,2010,6,Summer,True
115000000.0,68724,en,15.232738,2013-08-07,286140700.0,109.0,Elysium,6.4,3510.0,2013,,,,Unknown,171140700.0,True,2010,8,Summer,True
6000000.0,127373,en,8.535611,2013-05-02,1066471.0,93.0,What Maisie Knew,7.4,149.0,2013,,,,Unknown,-4933529.0,False,2010,5,Spring,False
,126277,en,9.912269,2012-05-31,,98.0,American Mary,5.8,167.0,2012,,,,Unknown,,,2010,5,Spring,
125687.0,174772,en,6.964263,2013-06-27,,90.0,Europa Report,6.2,549.0,2013,,,,Unknown,,,2010,6,Summer,
27000000.0,179826,en,7.090029,2013-04-16,,100.0,Odd Thomas,6.6,370.0,2013,,,,Unknown,,,2010,4,Spring,
76000000.0,93456,en,24.82355,2013-06-25,970761885.0,98.0,Despicable Me 2,7.0,4729.0,2013,,,,Unknown,894761885.0,True,2010,6,Summer,True
150000000.0,117251,en,9.920223,2013-06-27,205366737.0,131.0,White House Down,6.3,1910.0,2013,,,,Unknown,55366737.0,True,2010,6,Summer,False
20000000.0,107985,en,9.830382,2013-07-18,46089287.0,109.0,The World's End,6.7,1820.0,2013,,,,Unknown,26089287.0,True,2010,7,Summer,False
20000000.0,136418,en,8.801032,2013-05-07,8352885.0,100.0,Hummingbird,5.9,587.0,2013,,,,Unknown,-11647115.0,False,2010,5,Spring,False
43000000.0,136795,en,12.706403,2013-06-27,158674180.0,117.0,The Heat,6.5,1595.0,2013,,,,Unknown,115674180.0,True,2010,6,Summer,False
255000000.0,57201,en,12.729104,2013-07-03,89289910.0,149.0,The Lone Ranger,5.9,2361.0,2013,,,,Unknown,-165710090.0,False,2010,7,Summer,False
15000000.0,121936,fr,4.143244,2012-06-27,,110.0,Happiness Never Comes Alone,6.2,133.0,2012,,,,Unknown,,,2010,6,Summer,
30000000.0,109099,en,10.260026,2012-09-07,,100.0,Passion,5.1,146.0,2012,,,,Unknown,,,2010,9,Fall,
,159117,en,10.714779,2013-06-06,21833.0,95.0,V/H/S/2,6.0,300.0,2013,,,,Unknown,,,2010,6,Summer,False
2500000.0,157386,en,8.098964,2013-08-02,6854611.0,95.0,The Spectacular Now,6.8,1074.0,2013,,,,Unknown,4354611.0,True,2010,8,Summer,False
,112200,en,11.26248,2012-09-07,1065881.0,112.0,Thanks for Sharing,5.7,164.0,2012,,,,Unknown,,,2010,9,Fall,False
,157375,en,5.499664,2013-08-30,,98.0,The Lifeguard,5.2,126.0,2013,,,,Unknown,,,2010,8,Summer,
,112198,fr,7.038718,2012-04-25,,109.0,What's in a Name,7.2,433.0,2012,,,,Unknown,,,2010,4,Spring,
,127846,da,5.945296,2012-02-26,,103.0,A Hijacking,6.7,101.0,2012,,,,Unknown,,,2010,2,Winter,
1000000.0,205321,en,4.928195,2013-07-11,,86.0,Sharknado,3.8,484.0,2013,,,,Unknown,,,2010,7,Summer,
,111969,en,6.715938,2012-09-09,81071.0,97.0,Stuck in Love,7.3,657.0,2012,,,,Unknown,,,2010,9,Fall,False
,157354,en,13.305596,2013-07-25,17385830.0,85.0,Fruitvale Station,7.3,397.0,2013,,,,Unknown,,,2010,7,Summer,False
130000000.0,49524,en,9.369679,2013-07-18,61648500.0,96.0,R.I.P.D.,5.4,1280.0,2013,,,,Unknown,-68351500.0,False,2010,7,Summer,False
3500000.0,183011,en,9.527559,2013-07-28,,75.0,Justice League: The Flashpoint Paradox,7.3,458.0,2013,,,,Unknown,,,2010,7,Summer,
,182127,en,1.54105,2013-03-22,37884.0,100.0,Ip Man: The Final Fight,6.0,131.0,2013,,,,Unknown,,,2010,3,Spring,False
,77663,en,13.382027,2013-07-12,39881.0,91.0,Killing Season,5.3,425.0,2013,,,,Unknown,,,2010,7,Summer,False
13000000.0,138843,en,14.90169,2013-07-18,318000141.0,112.0,The Conjuring,7.4,3169.0,2013,,,,Unknown,305000141.0,True,2010,7,Summer,True
,51481,en,7.515436,2011-01-23,,96.0,Mean Girls 2,5.1,281.0,2011,,,,Unknown,,,2010,1,Winter,
16000000.0,178809,en,9.726664,2013-04-12,,95.0,The Colony,5.2,465.0,2013,,,,Unknown,,,2010,4,Spring,
135000000.0,77950,en,8.979753,2013-07-11,282570682.0,96.0,Turbo,6.1,1094.0,2013,,,,Unknown,147570682.0,True,2010,7,Summer,True
120000000.0,76170,en,3.918287,2013-07-23,415440673.0,126.0,The Wolverine,6.3,4110.0,2013,,,,Unknown,295440673.0,True,2010,7,Summer,True
,172533,en,7.745083,2013-08-23,343341.0,90.0,Drinking Buddies,6.0,361.0,2013,,,,Unknown,,,2010,8,Summer,False
84000000.0,146216,en,11.04233,2013-07-18,,116.0,RED 2,6.4,1548.0,2013,,,,Unknown,,,2010,7,Summer,
,180948,en,10.803734,2013-03-07,,85.0,Vehicle 19,5.0,229.0,2013,,,,Unknown,,,2010,3,Spring,
,165213,ko,5.323934,2013-02-21,,134.0,New World,7.2,119.0,2013,,,,Unknown,,,2010,2,Winter,
7700000.0,160139,en,6.976215,2013-03-07,,111.0,Night Train to Lisbon,6.4,130.0,2013,,,,Unknown,,,2010,3,Spring,
61000000.0,136400,en,13.336512,2013-08-02,131940411.0,109.0,2 Guns,6.6,1611.0,2013,,,,Unknown,70940411.0,True,2010,8,Summer,False
,168138,es,5.961623,2013-03-27,,100.0,The Last Days,5.6,103.0,2013,,,,Unknown,,,2010,3,Spring,
18000000.0,160588,en,12.61244,2013-07-25,99206215.0,98.0,Blue Jasmine,7.0,1126.0,2013,,,,Unknown,81206215.0,True,2010,7,Summer,False
12400000.0,179144,it,8.176134,2013-05-21,8371085.0,142.0,The Great Beauty,7.3,745.0,2013,,,,Unknown,-4028915.0,False,2010,5,Spring,False
90000000.0,76285,en,10.338222,2013-08-07,174578751.0,106.0,Percy Jackson: Sea of Monsters,5.9,1685.0,2013,,,,Unknown,84578751.0,True,2010,8,Summer,False
105000000.0,77931,en,10.640864,2013-07-30,347434178.0,105.0,The Smurfs 2,5.5,711.0,2013,,,,Unknown,242434178.0,True,2010,7,Summer,True
4000000.0,177699,en,10.130541,2013-07-24,9800000.0,90.0,Alan Partridge: Alpha Papa,6.5,184.0,2013,,,,Unknown,5800000.0,True,2010,7,Summer,False
25000000.0,76544,en,11.829231,2013-07-04,2054941.0,105.0,Man of Tai Chi,5.8,295.0,2013,,,,Unknown,-22945059.0,False,2010,7,Summer,False
725000.0,113148,en,6.57698,2013-02-13,,94.0,Prince Avalanche,6.0,111.0,2013,,,,Unknown,,,2010,2,Winter,
3500000.0,65291,en,7.226834,2011-04-09,,84.0,Green Lantern: Emerald Knights,6.3,123.0,2011,,,,Unknown,,,2010,4,Spring,
37000000.0,138832,en,18.474368,2013-08-07,269994119.0,110.0,We're the Millers,6.8,3053.0,2013,,,,Unknown,232994119.0,True,2010,8,Summer,False
80000000.0,109418,en,9.411725,2013-07-11,246984278.0,100.0,Grown Ups 2,5.8,1180.0,2013,,,,Unknown,166984278.0,True,2010,7,Summer,False
28000000.0,59859,en,13.570264,2013-07-17,60700000.0,103.0,Kick-Ass 2,6.3,2275.0,2013,,,,Unknown,32700000.0,True,2010,7,Summer,False
38000000.0,87421,en,9.596377,2013-09-02,98337295.0,119.0,Riddick,6.2,2066.0,2013,,,,Unknown,60337295.0,True,2010,9,Fall,False
50000000.0,151960,en,11.604181,2013-08-09,219788712.0,91.0,Planes,5.7,568.0,2013,,,,Unknown,169788712.0,True,2010,8,Summer,False
,158999,en,5.495138,2013-06-07,2063312.0,83.0,Blackfish,7.9,456.0,2013,,,,Unknown,,,2010,6,Summer,False
35000000.0,115348,en,7.249581,2013-08-14,13785015.0,106.0,Paranoia,5.6,358.0,2013,,,,Unknown,-21214985.0,False,2010,8,Summer,False
30000000.0,149870,ja,9.310866,2013-07-20,117932401.0,126.0,The Wind Rises,7.7,720.0,2013,,,,Unknown,87932401.0,True,2010,7,Summer,False
12000000.0,115782,en,14.294019,2013-08-16,35931410.0,128.0,Jobs,6.0,1183.0,2013,,,,Unknown,23931410.0,True,2010,8,Summer,False
60000000.0,123553,en,14.336187,2013-08-21,90565421.0,130.0,The Mortal Instruments: City of Bones,6.2,1649.0,2013,,,,Unknown,30565421.0,True,2010,8,Summer,False
25000000.0,132363,en,11.061894,2013-08-16,115922175.0,132.0,The Butler,7.2,1134.0,2013,,,,Unknown,90922175.0,True,2010,8,Summer,False
1000000.0,157360,en,9.769134,2013-08-09,2963902.0,93.0,In a World...,6.4,232.0,2013,,,,Unknown,1963902.0,True,2010,8,Summer,False
,152748,en,5.086013,2013-07-03,1031243.0,96.0,Ain't Them Bodies Saints,6.1,144.0,2013,,,,Unknown,,,2010,7,Summer,False
12000000.0,122906,en,11.213913,2013-08-16,87100449.0,123.0,About Time,7.8,2140.0,2013,,,,Unknown,75100449.0,True,2010,8,Summer,False
,101179,en,4.711164,2012-08-05,,95.0,Truth or Dare,5.7,119.0,2012,,,,Unknown,,,2010,8,Summer,
,30061,en,6.108241,2010-02-23,,75.0,Justice League: Crisis on Two Earths,7.1,152.0,2010,,,,Unknown,,,2010,2,Winter,
27220000.0,199373,en,12.388833,2013-07-18,5496951.0,105.0,The Frozen Ground,6.1,473.0,2013,,,,Unknown,-21723049.0,False,2010,7,Summer,False
,83899,en,6.464826,2011-09-10,14347000.0,95.0,You're Next,6.6,787.0,2011,,,,Unknown,,,2010,9,Fall,False
11000000.0,169209,en,9.003792,2013-09-03,3639345.0,94.0,Empire State,4.9,229.0,2013,,,,Unknown,-7360655.0,False,2010,9,Fall,False
16000000.0,111190,en,12.260159,2013-04-03,318982.0,100.0,Adore,6.1,296.0,2013,,,,Unknown,-15681018.0,False,2010,4,Spring,False
,118293,fr,5.496384,2012-09-26,,80.0,The Suicide Shop,6.2,169.0,2012,,,,Unknown,,,2010,9,Fall,
5500000.0,211954,es,6.507895,2013-07-20,99067206.0,115.0,Instructions Not Included,7.5,210.0,2013,,,,Unknown,93567206.0,True,2010,7,Summer,False
10000000.0,164558,en,5.988929,2013-08-28,,92.0,One Direction: This Is Us,8.0,209.0,2013,,,,Unknown,,,2010,8,Summer,
,146223,en,12.797172,2013-08-28,5750401.0,96.0,Closed Circuit,5.8,174.0,2013,,,,Unknown,,,2010,8,Summer,False
18000000.0,146227,en,13.224288,2013-08-29,10501938.0,90.0,Getaway,4.9,248.0,2013,,,,Unknown,-7498062.0,False,2010,8,Summer,False
105000000.0,49047,en,18.50194,2013-09-27,716392705.0,91.0,Gravity,7.3,5879.0,2013,,,,Unknown,611392705.0,True,2010,9,Fall,True
11000000.0,212716,en,10.841891,2013-09-07,7847000.0,93.0,What If,6.7,688.0,2013,,,,Unknown,-3153000.0,False,2010,9,Fall,False
46000000.0,146233,en,11.96262,2013-09-18,122126687.0,153.0,Prisoners,7.9,3183.0,2013,,,,Unknown,76126687.0,True,2010,9,Fall,False
22000000.0,164457,en,6.760321,2013-12-06,15400000.0,116.0,Out of the Furnace,6.5,731.0,2013,,,,Unknown,-6600000.0,False,2010,12,Winter,False
4900000.0,156711,en,8.076305,2013-08-15,2159041.0,97.0,Austenland,6.6,192.0,2013,,,,Unknown,-2740959.0,False,2010,8,Summer,False
5000000.0,91586,en,9.040324,2013-09-12,,106.0,Insidious: Chapter 2,6.5,1237.0,2013,,,,Unknown,,,2010,9,Fall,
38000000.0,96721,en,10.63552,2013-09-02,90247624.0,123.0,Rush,7.7,2310.0,2013,,,,Unknown,52247624.0,True,2010,9,Fall,False
30000000.0,112205,en,8.047735,2013-09-13,36894225.0,111.0,The Family,6.1,1052.0,2013,,,,Unknown,6894225.0,True,2010,9,Fall,False
,169813,en,12.34835,2013-08-23,1600000.0,96.0,Short Term 12,7.9,460.0,2013,,,,Unknown,,,2010,8,Summer,False
1500000.0,129139,en,7.081404,2013-07-24,3566225.0,104.0,The To Do List,5.5,348.0,2013,,,,Unknown,2066225.0,True,2010,7,Summer,False
25000000.0,136911,en,7.913726,2012-10-19,,108.0,The Factory,5.5,110.0,2012,,,,Unknown,,,2010,10,Fall,
,19458,en,5.626141,2009-06-18,,89.0,Princess Protection Program,6.2,381.0,2009,,,,Unknown,,,2000,6,Summer,
12000000.0,129670,en,11.160699,2013-09-21,17654912.0,115.0,Nebraska,7.4,648.0,2013,,,,Unknown,5654912.0,True,2010,9,Fall,False
,209263,en,6.782909,2013-09-18,25288872.0,93.0,Enough Said,6.6,351.0,2013,,,,Unknown,,,2010,9,Fall,False
6000000.0,138697,en,10.948605,2013-07-26,,90.0,Don Jon,5.9,1708.0,2013,,,,Unknown,,,2010,7,Summer,
,157820,fr,8.23984,2013-04-24,,131.0,Mood Indigo,6.0,199.0,2013,,,,Unknown,,,2010,4,Spring,
30000000.0,146238,en,8.864607,2013-09-24,62616646.0,91.0,Runner Runner,5.5,547.0,2013,,,,Unknown,32616646.0,True,2010,9,Fall,False
4300000.0,152584,fr,4.938148,2013-10-09,10165694.0,179.0,Blue Is the Warmest Color,7.2,1114.0,2013,,,,Unknown,5865694.0,True,2010,10,Fall,False
5000000.0,167032,en,15.771245,2013-10-04,,97.0,Curse of Chucky,5.6,417.0,2013,,,,Unknown,,,2010,10,Fall,
10000000.0,209262,en,6.71518,2013-10-02,653651.0,94.0,Parkland,5.8,128.0,2013,,,,Unknown,-9346349.0,False,2010,10,Fall,False
78000000.0,109451,en,14.412061,2013-09-26,248384621.0,95.0,Cloudy with a Chance of Meatballs 2,6.4,936.0,2013,,,,Unknown,170384621.0,True,2010,9,Fall,False
55000000.0,109424,en,13.776068,2013-10-10,95000000.0,134.0,Captain Phillips,7.6,2495.0,2013,,,,Unknown,40000000.0,True,2010,10,Fall,False
,198287,en,7.113372,2013-07-06,,107.0,After the Dark,6.2,283.0,2013,,,,Unknown,,,2010,7,Summer,
12000000.0,106747,en,9.251084,2013-09-12,15008161.0,107.0,Machete Kills,5.3,642.0,2013,,,,Unknown,3008161.0,True,2010,9,Fall,False
5000000.0,85889,en,14.970485,2013-09-23,9114264.0,97.0,Filth,6.8,628.0,2013,,,,Unknown,4114264.0,True,2010,9,Fall,False
,91745,en,4.494988,2013-09-12,1162635.0,118.0,Romeo & Juliet,6.6,175.0,2013,,,,Unknown,,,2010,9,Fall,False
50000000.0,107846,en,14.191611,2013-10-09,122915111.0,115.0,Escape Plan,6.7,1688.0,2013,,,,Unknown,72915111.0,True,2010,10,Fall,False
,38093,en,8.870325,2010-05-14,21520719.0,100.0,Just Wright,6.0,102.0,2010,,,,Unknown,,,2010,5,Spring,False
30000000.0,133805,en,18.399055,2013-10-16,82394288.0,100.0,Carrie,5.8,1505.0,2013,,,,Unknown,52394288.0,True,2010,10,Fall,False
28000000.0,162903,en,10.850442,2013-10-11,8555008.0,128.0,The Fifth Estate,5.7,368.0,2013,,,,Unknown,-19444992.0,False,2010,10,Fall,False
25000000.0,109091,en,14.723646,2013-10-25,71009334.0,117.0,The Counselor,5.0,724.0,2013,,,,Unknown,46009334.0,True,2010,10,Fall,False
,146015,en,7.597475,2014-04-04,200406.0,93.0,The Double,6.5,344.0,2014,,,,Unknown,,,2010,4,Spring,False
20000000.0,76203,en,30.316249,2013-10-18,187000000.0,134.0,12 Years a Slave,7.9,3787.0,2013,,,,Unknown,167000000.0,True,2010,10,Fall,False
1030064.0,157370,en,7.075031,2013-10-04,,104.0,Kill Your Darlings,7.1,455.0,2013,,,,Unknown,,,2010,10,Fall,
9000000.0,152747,en,12.74965,2013-10-18,6108720.0,106.0,All Is Lost,6.6,679.0,2013,,,,Unknown,-2891280.0,False,2010,10,Fall,False
110000000.0,80274,en,12.500305,2013-10-23,125537191.0,114.0,Ender's Game,6.6,2354.0,2013,,,,Unknown,15537191.0,True,2010,10,Fall,False
,190847,en,9.113415,2013-08-11,24084.0,98.0,The Last Days on Mars,5.2,304.0,2013,,,,Unknown,,,2010,8,Summer,False
15000000.0,208134,en,8.000867,2013-10-22,151831537.0,92.0,Bad Grandpa,6.0,688.0,2013,,,,Unknown,136831537.0,True,2010,10,Fall,False
170000000.0,76338,en,34.905447,2013-10-29,644571402.0,112.0,Thor: The Dark World,6.8,4873.0,2013,,,,Unknown,474571402.0,True,2010,10,Fall,True
5000000.0,152532,en,14.785719,2013-09-07,55198285.0,117.0,Dallas Buyers Club,7.9,2973.0,2013,,,,Unknown,50198285.0,True,2010,9,Fall,False
,97434,en,7.60849,2012-11-07,,89.0,Gambit,5.1,224.0,2012,,,,Unknown,,,2010,11,Fall,
,15709,fr,5.197678,2008-01-07,,93.0,Changing Sides,5.3,110.0,2008,,,,Unknown,,,2000,1,Winter,
,162215,en,14.21278,2013-09-10,,101.0,How I Live Now,6.4,270.0,2013,,,,Unknown,,,2010,9,Fall,
,72890,en,4.80745,2012-09-07,,103.0,Girl Most Likely,5.7,103.0,2012,,,,Unknown,,,2010,9,Fall,
4000000.0,172803,en,10.053166,2013-11-29,,97.0,Hours,6.3,272.0,2013,,,,Unknown,,,2010,11,Fall,
,121674,en,6.812108,2012-11-30,258656.0,128.0,Great Expectations,6.3,101.0,2012,,,,Unknown,,,2010,11,Fall,False
55000000.0,175574,en,7.713231,2013-10-30,110000000.0,91.0,Free Birds,5.7,259.0,2013,,,,Unknown,55000000.0,True,2010,10,Fall,False
28000000.0,137093,en,9.157369,2013-10-31,134402450.0,105.0,Last Vegas,6.4,813.0,2013,,,,Unknown,106402450.0,True,2010,10,Fall,False
4500000.0,225703,en,0.265046,2013-11-07,,83.0,The Starving Games,4.1,219.0,2013,,,,Unknown,,,2010,11,Fall,
12000000.0,205220,en,6.927182,2013-11-01,100129872.0,98.0,Philomena,7.4,588.0,2013,,,,Unknown,88129872.0,True,2010,11,Fall,False
,203833,en,16.373622,2013-11-08,76586316.0,131.0,The Book Thief,7.4,1528.0,2013,,,,Unknown,,,2010,11,Fall,False
17000000.0,146304,en,6.102021,2013-11-15,71625195.0,123.0,The Best Man Holiday,6.7,110.0,2013,,,,Unknown,54625195.0,True,2010,11,Fall,False
2159280.0,209274,pl,8.651053,2013-10-25,15298355.0,80.0,Ida,7.1,262.0,2013,,,,Unknown,13139075.0,True,2010,10,Fall,False
130000000.0,101299,en,25.309139,2013-11-15,847423452.0,146.0,The Hunger Games: Catching Fire,7.4,6656.0,2013,,,,Unknown,717423452.0,True,2010,11,Fall,True
250000000.0,57158,en,20.644776,2013-12-11,958400000.0,161.0,The Hobbit: The Desolation of Smaug,7.6,4633.0,2013,,,,Unknown,708400000.0,True,2010,12,Winter,True
175000000.0,64686,en,14.88937,2013-12-06,150962475.0,119.0,47 Ronin,5.9,1357.0,2013,,,,Unknown,-24037525.0,False,2010,12,Winter,False
,169219,en,5.771432,2013-02-27,,100.0,The Dyatlov Pass Incident,5.7,177.0,2013,,,,Unknown,,,2010,2,Winter,
26000000.0,146239,en,13.548808,2013-10-10,51164106.0,105.0,Delivery Man,6.2,561.0,2013,,,,Unknown,25164106.0,True,2010,10,Fall,False
,41602,en,9.609726,2013-02-09,11650.0,108.0,Charlie Countryman,6.4,267.0,2013,,,,Unknown,,,2010,2,Winter,False
13000000.0,121642,it,5.849716,2012-09-13,18295.0,127.0,Twice Born,6.9,142.0,2012,,,,Unknown,-12981705.0,False,2010,9,Fall,False
150000000.0,109445,en,24.248243,2013-11-27,1274219009.0,102.0,Frozen,7.3,5440.0,2013,,,,Unknown,1124219009.0,True,2010,11,Fall,True
,200713,fr,8.765334,2013-10-16,,82.0,9 Month Stretch,6.3,147.0,2013,,,,Unknown,,,2010,10,Fall,
11000000.0,86829,en,10.838063,2013-10-06,32935319.0,105.0,Inside Llewyn Davis,7.2,845.0,2013,,,,Unknown,21935319.0,True,2010,10,Fall,False
100000000.0,106646,en,16.382422,2013-12-25,392000694.0,180.0,The Wolf of Wall Street,7.9,6768.0,2013,,,,Unknown,292000694.0,True,2010,12,Winter,True
22000000.0,204082,en,9.896704,2013-11-27,43058898.0,100.0,Homefront,6.4,898.0,2013,,,,Unknown,21058898.0,True,2010,11,Fall,False
35000000.0,192136,en,11.318079,2013-12-06,27330000.0,141.0,Mandela: Long Walk to Freedom,6.5,225.0,2013,,,,Unknown,-7670000.0,False,2010,12,Winter,False
25000000.0,152737,en,6.954296,2013-12-26,74188937.0,121.0,August: Osage County,6.9,497.0,2013,,,,Unknown,49188937.0,True,2010,12,Winter,False
,134366,en,9.021941,2012-10-12,,95.0,Grave Encounters 2,5.2,251.0,2012,,,,Unknown,,,2010,10,Fall,
,75629,ja,7.764883,2012-11-17,60487945.0,106.0,Evangelion: 3.0 You Can (Not) Redo,7.4,107.0,2012,,,,Unknown,,,2010,11,Fall,False
40000000.0,168672,en,16.478036,2013-12-12,251171807.0,138.0,American Hustle,6.8,2868.0,2013,,,,Unknown,211171807.0,True,2010,12,Winter,False
90000000.0,116745,en,8.684892,2013-12-18,188133322.0,114.0,The Secret Life of Walter Mitty,7.0,3213.0,2013,,,,Unknown,98133322.0,True,2010,12,Winter,False
23000000.0,152601,en,13.829515,2013-12-18,47351251.0,126.0,Her,7.9,4215.0,2013,,,,Unknown,24351251.0,True,2010,12,Winter,False
,184314,fr,11.833023,2013-08-20,,95.0,Young & Beautiful,6.3,360.0,2013,,,,Unknown,,,2010,8,Summer,
,215830,en,5.72991,2013-08-13,,102.0,Open Grave,5.9,250.0,2013,,,,Unknown,,,2010,8,Summer,
40000000.0,193756,en,10.855502,2013-12-24,149295601.0,121.0,Lone Survivor,7.4,1549.0,2013,,,,Unknown,109295601.0,True,2010,12,Winter,False
35000000.0,140823,en,15.130888,2013-11-16,112544580.0,125.0,Saving Mr. Banks,7.3,1256.0,2013,,,,Unknown,77544580.0,True,2010,11,Fall,False
,18269,en,9.672521,2001-02-18,,69.0,Lady and the Tramp II: Scamp's Adventure,6.0,256.0,2001,,,,Unknown,,,2000,2,Winter,
30000000.0,87516,en,7.882353,2013-11-14,4861022.0,104.0,Oldboy,5.9,632.0,2013,,,,Unknown,-25138978.0,False,2010,11,Fall,False
50000000.0,109443,en,7.600751,2013-12-18,173649015.0,119.0,Anchorman 2: The Legend Continues,6.0,940.0,2013,,,,Unknown,123649015.0,True,2010,12,Winter,False
39200000.0,110415,ko,14.131906,2013-08-01,86758912.0,126.0,Snowpiercer,6.7,2910.0,2013,,,,Unknown,47558912.0,True,2010,8,Summer,False
,166271,en,8.753381,2013-10-25,,97.0,Haunter,5.9,211.0,2013,,,,Unknown,,,2010,10,Fall,
1344000.0,86331,fr,13.621581,2011-09-14,,103.0,Desire,4.1,142.0,2011,,,,Unknown,,,2010,9,Fall,
14000000.0,82679,en,6.891823,2012-10-25,11417362.0,87.0,Fun Size,5.5,139.0,2012,,,,Unknown,-2582638.0,False,2010,10,Fall,False
5000000.0,233063,de,12.957093,2013-11-07,,119.0,Fuck You Goethe,7.1,621.0,2013,,,,Unknown,,,2010,11,Fall,
32000000.0,169881,en,13.332387,2013-12-25,57284237.0,155.0,The Physician,7.2,365.0,2013,,,,Unknown,25284237.0,True,2010,12,Winter,False
,119278,en,4.871071,2012-10-12,,90.0,Smiley,4.3,109.0,2012,,,,Unknown,,,2010,10,Fall,
40000000.0,64807,en,11.655588,2013-12-25,44907260.0,113.0,Grudge Match,6.0,437.0,2013,,,,Unknown,4907260.0,True,2010,12,Winter,False
4000000.0,195269,en,6.35611,2013-06-01,,95.0,12 Rounds 2: Reloaded,5.6,101.0,2013,,,,Unknown,,,2010,6,Summer,
,115283,en,5.748809,2013-10-03,175705.0,88.0,A.C.O.D.,5.5,106.0,2013,,,,Unknown,,,2010,10,Fall,False
5000000.0,227348,en,8.898523,2014-01-01,86362372.0,84.0,Paranormal Activity: The Marked Ones,5.2,455.0,2014,,,,Unknown,81362372.0,True,2010,1,Winter,False
7000000.0,152603,en,13.594992,2013-12-12,,123.0,Only Lovers Left Alive,7.2,585.0,2013,,,,Unknown,,,2010,12,Winter,
1000000.0,191714,hi,10.766409,2013-09-19,4235151.0,104.0,The Lunchbox,7.3,226.0,2013,,,,Unknown,3235151.0,True,2010,9,Fall,False
12000000.0,245775,fr,4.726238,2014-01-08,21026290.0,106.0,Yves Saint Laurent,6.4,270.0,2014,,,,Unknown,9026290.0,True,2010,1,Winter,False
,126963,ja,10.834344,2013-03-30,50353002.0,85.0,Dragon Ball Z: Battle of Gods,6.5,370.0,2013,,,,Unknown,,,2010,3,Spring,False
22000000.0,153158,es,14.347931,2013-07-18,24000000.0,106.0,Underdogs,6.0,127.0,2013,,,,Unknown,2000000.0,True,2010,7,Summer,False
,177945,ja,7.074042,2013-09-28,19978961.0,121.0,"Like Father, Like Son",7.6,119.0,2013,,,,Unknown,,,2010,9,Fall,False
18000000.0,127560,en,6.099421,2013-12-26,22309223.0,116.0,The Railway Man,6.7,277.0,2013,,,,Unknown,4309223.0,True,2010,12,Winter,False
15000000.0,118289,en,5.348746,2013-09-19,21766271.0,113.0,Diana,5.3,180.0,2013,,,,Unknown,6766271.0,True,2010,9,Fall,False
,159128,en,7.859837,2013-09-27,81381.0,105.0,We Are What We Are,5.5,192.0,2013,,,,Unknown,,,2010,9,Fall,False
10735974.0,190880,fr,5.225386,2013-11-20,,85.0,"Me, Myself and Mum",6.6,231.0,2013,,,,Unknown,,,2010,11,Fall,
,206408,fr,9.559788,2013-12-04,,117.0,Chinese Puzzle,6.4,228.0,2013,,,,Unknown,,,2010,12,Winter,
25000000.0,168530,en,9.895752,2014-01-07,153997819.0,99.0,Ride Along,6.1,867.0,2014,,,,Unknown,128997819.0,True,2010,1,Winter,False
60000000.0,137094,en,11.234862,2014-01-15,50549107.0,105.0,Jack Ryan: Shadow Recruit,5.9,1194.0,2014,,,,Unknown,-9450893.0,False,2010,1,Winter,False
85000000.0,157350,en,21.572585,2014-03-14,288747895.0,139.0,Divergent,6.9,4784.0,2014,,,,Unknown,203747895.0,True,2010,3,Spring,True
8000000.0,240916,en,11.072355,2014-01-17,,91.0,Reasonable Doubt,5.6,236.0,2014,,,,Unknown,,,2010,1,Winter,
50000000.0,102207,fr,10.409049,2012-04-03,48600000.0,105.0,HOUBA! On the Trail of the Marsupilami,5.0,214.0,2012,,,,Unknown,-1400000.0,False,2010,4,Spring,False
7000000.0,79316,en,10.591125,2014-01-08,36433975.0,89.0,Devil's Due,4.4,218.0,2014,,,,Unknown,29433975.0,True,2010,1,Winter,False
3500000.0,217993,en,8.138622,2014-02-02,5155325.0,79.0,Justice League: War,7.0,234.0,2014,,,,Unknown,1655325.0,True,2010,2,Winter,False
12516654.0,126319,fr,7.225779,2012-12-12,8109160.0,78.0,Ernest & Celestine,7.6,148.0,2012,,,,Unknown,-4407494.0,False,2010,12,Winter,False
,173185,fr,5.616687,2013-03-06,,92.0,It Boy,6.2,332.0,2013,,,,Unknown,,,2010,3,Spring,
65000000.0,100241,en,9.415817,2014-01-22,71154592.0,92.0,"I, Frankenstein",5.1,701.0,2014,,,,Unknown,6154592.0,True,2010,1,Winter,False
,181886,en,12.66992,2013-12-31,3396726.0,91.0,Enemy,6.7,1326.0,2013,,,,Unknown,,,2010,12,Winter,False
,171540,he,4.552786,2013-04-21,33232.0,110.0,Big Bad Wolves,6.5,124.0,2013,,,,Unknown,,,2010,4,Spring,False
18000000.0,130150,en,6.108646,2013-12-27,20275812.0,111.0,Labor Day,6.7,306.0,2013,,,,Unknown,2275812.0,True,2010,12,Winter,False
,184352,fr,6.094529,2014-04-16,,105.0,Tom at the Farm,6.9,193.0,2014,,,,Unknown,,,2010,4,Spring,
,15359,en,7.306487,2009-03-03,,74.0,Wonder Woman,7.2,133.0,2009,,,,Unknown,,,2000,3,Spring,
,236399,en,5.658774,2014-01-18,,90.0,Flowers in the Attic,6.3,106.0,2014,,,,Unknown,,,2010,1,Winter,
,21435,fr,7.733817,2006-01-01,,95.0,French Fried Vacation 3,4.1,190.0,2006,,,,Unknown,,,2000,1,Winter,
33000000.0,157841,en,6.839535,2013-10-16,9494789.0,105.0,The Young and Prodigious T.S. Spivet,6.7,234.0,2013,,,,Unknown,-23505211.0,False,2010,10,Fall,False
,177888,en,4.909843,2013-07-19,,110.0,Teen Beach Movie,6.1,212.0,2013,,,,Unknown,,,2010,7,Summer,
70000000.0,152760,en,11.132411,2014-01-24,154984035.0,118.0,The Monuments Men,5.8,1545.0,2014,,,,Unknown,84984035.0,True,2010,1,Winter,False
60000000.0,137106,en,16.418133,2014-02-06,469160692.0,100.0,The Lego Movie,7.5,3127.0,2014,,,,Unknown,409160692.0,True,2010,2,Winter,True
120000000.0,97020,en,10.246549,2014-01-30,242688965.0,102.0,RoboCop,5.7,2385.0,2014,,,,Unknown,122688965.0,True,2010,1,Winter,False
,209247,en,8.436614,2013-09-11,64065.0,90.0,The Art of the Steal,6.1,221.0,2013,,,,Unknown,,,2010,9,Fall,False
,249397,da,9.594157,2013-12-25,2227167.0,123.0,Nymphomaniac: Vol. II,6.6,820.0,2013,,,,Unknown,,,2010,12,Winter,False
,219318,fr,5.289252,2013-10-02,,92.0,The Volcano,5.6,190.0,2013,,,,Unknown,,,2010,10,Fall,
,74461,en,6.281872,2013-01-21,,86.0,Knights of Badassdom,5.5,162.0,2013,,,,Unknown,,,2010,1,Winter,
35000000.0,144336,en,6.966505,2014-03-28,17508518.0,110.0,Sabotage,5.5,560.0,2014,,,,Unknown,-17491482.0,False,2010,3,Spring,False
,141043,en,10.46897,2014-03-20,7176347.0,96.0,A Long Way Down,6.2,356.0,2014,,,,Unknown,,,2010,3,Spring,False
13640000.0,246320,fr,5.084853,2014-02-12,,95.0,The Three Brothers: The Return,5.0,110.0,2014,,,,Unknown,,,2010,2,Winter,
,197082,fr,6.012005,2013-05-28,342183.0,96.0,Venus in Fur,7.2,192.0,2013,,,,Unknown,,,2010,5,Spring,False
,143049,en,4.944783,2013-04-18,,107.0,Adult World,6.2,141.0,2013,,,,Unknown,,,2010,4,Spring,
8500000.0,157834,en,10.990614,2014-01-02,770706.0,107.0,The Zero Theorem,5.9,383.0,2014,,,,Unknown,-7729294.0,False,2010,1,Winter,False
20000000.0,226857,en,8.757277,2014-02-12,34077920.0,103.0,Endless Love,6.7,555.0,2014,,,,Unknown,14077920.0,True,2010,2,Winter,False
60000000.0,137321,en,7.363527,2014-02-13,30800231.0,118.0,Winter's Tale,6.0,501.0,2014,,,,Unknown,-29199769.0,False,2010,2,Winter,False
,146375,fr,5.160049,2012-12-15,25109572.0,96.0,On the Other Side of the Tracks,5.4,204.0,2012,,,,Unknown,,,2010,12,Winter,False
4000000.0,157847,en,13.784411,2014-04-11,2365467.0,118.0,Joe,6.5,346.0,2014,,,,Unknown,-1634533.0,False,2010,4,Spring,False
,17684,fr,4.610525,2003-03-19,,105.0,Chouchou,5.3,106.0,2003,,,,Unknown,,,2000,3,Spring,
12500000.0,222899,en,9.543004,2014-02-14,49002684.0,100.0,About Last Night,6.0,217.0,2014,,,,Unknown,36502684.0,True,2010,2,Winter,False
30000000.0,120467,en,14.442048,2014-02-26,174600318.0,99.0,The Grand Budapest Hotel,8.0,4644.0,2014,,,,Unknown,144600318.0,True,2010,2,Winter,False
,201086,en,6.739737,2014-02-14,,98.0,Cuban Fury,6.0,137.0,2014,,,,Unknown,,,2010,2,Winter,
,21474,en,0.391552,2009-07-31,,102.0,Bring It On: Fight to the Finish,6.0,108.0,2009,,,,Unknown,,,2000,7,Summer,
,248507,fr,6.741118,2014-02-26,,107.0,Superchondriac,5.6,362.0,2014,,,,Unknown,,,2010,2,Winter,
,183836,fr,5.183112,2013-04-17,,95.0,The Brats,6.1,194.0,2013,,,,Unknown,,,2010,4,Spring,
,220286,en,6.801095,2013-10-11,,90.0,Grand Piano,5.9,178.0,2013,,,,Unknown,,,2010,10,Fall,
8000000.0,225565,en,8.060403,2014-01-29,26049082.0,94.0,That Awkward Moment,6.1,1020.0,2014,,,,Unknown,18049082.0,True,2010,1,Winter,False
165000000.0,157336,en,32.213481,2014-11-05,675120017.0,169.0,Interstellar,8.1,11187.0,2014,,,,Unknown,510120017.0,True,2010,11,Fall,True
28000000.0,192102,en,17.861119,2014-02-14,52597999.0,113.0,3 Days to Kill,6.0,896.0,2014,,,,Unknown,24597999.0,True,2010,2,Winter,False
3500000.0,205724,en,6.381313,2013-04-27,,95.0,Welcome to the Jungle,4.9,135.0,2013,,,,Unknown,,,2010,4,Spring,
50000000.0,225574,en,19.650229,2014-01-26,222809600.0,106.0,Non-Stop,6.8,2302.0,2014,,,,Unknown,172809600.0,True,2010,1,Winter,False
,198375,ja,11.16068,2013-05-31,,46.0,The Garden of Words,7.5,358.0,2013,,,,Unknown,,,2010,5,Spring,
110000000.0,53182,en,12.904677,2014-03-05,337580051.0,102.0,300: Rise of an Empire,6.1,2438.0,2014,,,,Unknown,227580051.0,True,2010,3,Spring,True
,202141,en,10.743115,2013-06-14,,99.0,Particle Fever,7.1,102.0,2013,,,,Unknown,,,2010,6,Summer,
,204349,en,7.220003,2013-07-07,,78.0,Contracted,5.0,140.0,2013,,,,Unknown,,,2010,7,Summer,
,242076,en,10.896238,2014-02-28,56574.0,108.0,The Bag Man,5.2,134.0,2014,,,,Unknown,,,2010,2,Winter,False
,248774,en,6.480574,2014-06-06,3123963.0,83.0,Obvious Child,6.7,190.0,2014,,,,Unknown,,,2010,6,Summer,False
,175291,en,11.311004,2013-03-08,,85.0,Cheap Thrills,6.3,156.0,2013,,,,Unknown,,,2010,3,Spring,
,196024,da,7.721255,2013-10-03,,100.0,The Keeper of Lost Causes,7.0,166.0,2013,,,,Unknown,,,2010,10,Fall,
145000000.0,82703,en,9.493838,2014-02-07,272912430.0,92.0,Mr. Peabody & Sherman,6.7,861.0,2014,,,,Unknown,127912430.0,True,2010,2,Winter,False
13300000.0,97370,en,6.707974,2014-03-14,5380251.0,108.0,Under the Skin,6.0,1118.0,2014,,,,Unknown,-7919749.0,False,2010,3,Spring,False
66000000.0,136797,en,18.271383,2014-03-13,203277636.0,130.0,Need for Speed,6.1,1560.0,2014,,,,Unknown,137277636.0,True,2010,3,Spring,False
6000000.0,242042,en,5.939334,2014-02-02,15071.0,90.0,Barefoot,6.3,210.0,2014,,,,Unknown,-5984929.0,False,2010,2,Winter,False
6000000.0,177494,en,7.510159,2014-03-13,3485127.0,107.0,Veronica Mars,6.5,482.0,2014,,,,Unknown,-2514873.0,False,2010,3,Spring,False
9500000.0,209403,en,5.847166,2013-09-06,7800000.0,88.0,Bad Words,6.4,335.0,2013,,,,Unknown,-1700000.0,False,2010,9,Fall,False
,203217,pt,4.402871,2013-06-21,,85.0,My Mom Is a Character,7.7,117.0,2013,,,,Unknown,,,2010,6,Summer,
3000000.0,236737,es,5.255451,2014-03-14,,98.0,Spanish Affair,6.8,220.0,2014,,,,Unknown,,,2010,3,Spring,
30000000.0,192577,ja,7.857666,2013-09-07,17137302.0,115.0,Space Pirate Captain Harlock,6.4,365.0,2013,,,,Unknown,-12862698.0,False,2010,9,Fall,False
10916704.0,248390,fr,4.420544,2014-02-19,,90.0,Le Crocodile du Botswanga,5.0,120.0,2014,,,,Unknown,,,2010,2,Winter,
170000000.0,100402,en,18.717704,2014-03-20,714766572.0,136.0,Captain America: The Winter Soldier,7.6,5881.0,2014,,,,Unknown,544766572.0,True,2010,3,Spring,True
,209276,en,7.047117,2013-09-09,54915.0,106.0,Starred Up,7.1,324.0,2013,,,,Unknown,,,2010,9,Fall,False
125000000.0,86834,en,14.924487,2014-03-20,362637473.0,139.0,Noah,5.5,2408.0,2014,,,,Unknown,237637473.0,True,2010,3,Spring,True
,227783,en,7.875793,2014-01-17,,85.0,The Nut Job,5.5,322.0,2014,,,,Unknown,,,2010,1,Winter,
,204668,fr,5.495053,2013-12-18,,104.0,Belle and Sebastian,6.9,144.0,2013,,,,Unknown,,,2010,12,Winter,
5000000.0,155084,en,9.067788,2014-04-18,13809.0,93.0,13 Sins,6.2,355.0,2014,,,,Unknown,-4986191.0,False,2010,4,Spring,False
70000000.0,188207,en,6.599539,2014-01-10,61279452.0,99.0,The Legend of Hercules,4.4,542.0,2014,,,,Unknown,-8720548.0,False,2010,1,Winter,False
50000000.0,145220,en,7.244956,2014-03-20,80383290.0,112.0,Muppets Most Wanted,6.2,318.0,2014,,,,Unknown,30383290.0,True,2010,3,Spring,False
,192134,en,5.713974,2013-11-15,523511.0,93.0,Dom Hemingway,5.8,213.0,2013,,,,Unknown,,,2010,11,Fall,False
25500000.0,190955,en,14.934555,2013-08-22,2415472.0,128.0,Blood Ties,6.0,175.0,2013,,,,Unknown,-23084528.0,False,2010,8,Summer,False
,208277,de,4.42564,2013-08-22,,109.0,Wetlands,5.1,103.0,2013,,,,Unknown,,,2010,8,Summer,
8358460.0,252607,fr,5.187128,2014-03-12,,95.0,Junior,5.6,238.0,2014,,,,Unknown,,,2010,3,Spring,
,174675,en,5.871579,2013-04-25,,92.0,The Machine,5.9,336.0,2013,,,,Unknown,,,2010,4,Spring,
10000000.0,256474,en,6.332859,2014-04-04,,108.0,In the Blood,5.2,116.0,2014,,,,Unknown,,,2010,4,Spring,
200000.0,193612,en,6.322844,2014-04-01,17834867.0,98.0,The Quiet Ones,5.1,253.0,2014,,,,Unknown,17634867.0,True,2010,4,Spring,False
25000000.0,200505,en,5.596449,2014-04-11,28831145.0,109.0,Draft Day,6.5,309.0,2014,,,,Unknown,3831145.0,True,2010,4,Spring,False
4500000.0,180299,id,8.434884,2014-03-27,2627209.0,150.0,The Raid 2,7.6,832.0,2014,,,,Unknown,-1872791.0,False,2010,3,Spring,False
200000000.0,102382,en,26.23687,2014-04-16,705717432.0,142.0,The Amazing Spider-Man 2,6.5,4274.0,2014,,,,Unknown,505717432.0,True,2010,4,Spring,True
,251519,en,12.317738,2014-04-20,,74.0,Son of Batman,6.8,299.0,2014,,,,Unknown,,,2010,4,Spring,
,157832,en,11.033403,2014-04-11,,100.0,Calvary,7.1,334.0,2014,,,,Unknown,,,2010,4,Spring,
5000000.0,157547,en,8.698043,2013-09-08,44030246.0,104.0,Oculus,6.3,1079.0,2013,,,,Unknown,39030246.0,True,2010,9,Fall,False
17000000.0,249660,en,6.097499,2014-03-21,29789000.0,113.0,God's Not Dead,5.9,242.0,2014,,,,Unknown,12789000.0,True,2010,3,Spring,False
,244509,en,7.327216,2014-05-23,427418.0,109.0,Cold in July,6.3,265.0,2014,,,,Unknown,,,2010,5,Spring,False
33000000.0,197796,fr,19.628834,2014-02-12,49100000.0,112.0,Beauty and the Beast,5.8,669.0,2014,,,,Unknown,16100000.0,True,2010,2,Winter,False
8000000.0,179538,es,13.515614,2013-09-20,,104.0,Witching & Bitching,6.0,182.0,2013,,,,Unknown,,,2010,9,Fall,
103000000.0,172385,en,8.18534,2014-03-19,500188435.0,102.0,Rio 2,6.3,997.0,2014,,,,Unknown,397188435.0,True,2010,3,Spring,True
1000000.0,226448,en,8.448518,2014-04-20,,105.0,In Your Eyes,7.1,275.0,2014,,,,Unknown,,,2010,4,Spring,
,214030,en,9.596119,2013-09-07,2681345.0,90.0,Fading Gigolo,5.9,219.0,2013,,,,Unknown,,,2010,9,Fall,False
100000000.0,157353,en,9.730176,2014-04-16,103039258.0,119.0,Transcendence,5.9,2339.0,2014,,,,Unknown,3039258.0,True,2010,4,Spring,False
12000000.0,236751,en,7.88371,2014-04-16,101332962.0,99.0,Heaven is for Real,6.1,234.0,2014,,,,Unknown,89332962.0,True,2010,4,Spring,False
40000000.0,193610,en,9.389354,2014-04-16,196781193.0,109.0,The Other Woman,6.2,1467.0,2014,,,,Unknown,156781193.0,True,2010,4,Spring,False
,184345,en,8.172603,2014-04-17,,87.0,A Haunted House 2,5.4,352.0,2014,,,,Unknown,,,2010,4,Spring,
,12242,en,7.424487,2004-11-03,,79.0,Mulan II,6.0,450.0,2004,,,,Unknown,,,2000,11,Fall,
,203739,en,12.227198,2014-02-07,,104.0,Vampire Academy,5.8,603.0,2014,,,,Unknown,,,2010,2,Winter,
28000000.0,254473,en,7.482959,2014-04-22,68896829.0,90.0,Brick Mansions,5.7,628.0,2014,,,,Unknown,40896829.0,True,2010,4,Spring,False
15000000.0,152792,en,5.988507,2013-05-09,,114.0,Devil's Knot,5.7,205.0,2013,,,,Unknown,,,2010,5,Spring,
9250000.0,145247,sv,5.434306,2013-12-25,,114.0,The 100 Year-Old Man Who Climbed Out the Window and Disappeared,6.7,351.0,2013,,,,Unknown,,,2010,12,Winter,
2000000.0,210479,en,12.792394,2014-04-10,4635300.0,85.0,Locke,6.9,780.0,2014,,,,Unknown,2635300.0,True,2010,4,Spring,False
21000000.0,242310,en,12.397494,2014-05-09,,98.0,Rage,5.1,292.0,2014,,,,Unknown,,,2010,5,Spring,
130000000.0,76649,en,12.204174,2014-02-18,117831631.0,105.0,Pompeii,5.2,1294.0,2014,,,,Unknown,-12168369.0,False,2010,2,Winter,False
,44269,fr,4.930447,2010-03-24,,100.0,All That Glitters,6.4,179.0,2010,,,,Unknown,,,2010,3,Spring,
18000000.0,195589,en,11.90575,2014-05-08,268157400.0,96.0,Neighbors,6.2,2773.0,2014,,,,Unknown,250157400.0,True,2010,5,Spring,False
,191720,en,6.18442,2013-08-30,,90.0,Jodorowsky's Dune,8.1,172.0,2013,,,,Unknown,,,2010,8,Summer,
,174316,en,5.819403,2013-11-06,4187.0,91.0,A Case of You,5.4,108.0,2013,,,,Unknown,,,2010,11,Fall,False
10900000.0,205601,en,13.454169,2013-09-08,16505460.0,105.0,Belle,7.2,230.0,2013,,,,Unknown,5605460.0,True,2010,9,Fall,False
16000000.0,152599,en,6.985915,2013-07-03,5867686.0,117.0,The Immigrant,6.2,256.0,2013,,,,Unknown,-10132314.0,False,2010,7,Summer,False
,262338,en,6.965686,2014-09-26,,90.0,Good People,5.2,187.0,2014,,,,Unknown,,,2010,9,Fall,
5000000.0,252680,en,6.127302,2014-03-25,10429707.0,98.0,Moms' Night Out,5.5,122.0,2014,,,,Unknown,5429707.0,True,2010,3,Spring,False
40000000.0,240832,en,36.447603,2014-07-14,126546825.0,89.0,Lucy,6.3,6048.0,2014,,,,Unknown,86546825.0,True,2010,7,Summer,False
250000000.0,127585,en,26.058586,2014-05-15,747862775.0,131.0,X-Men: Days of Future Past,7.5,6155.0,2014,,,,Unknown,497862775.0,True,2010,5,Spring,True
160000000.0,124905,en,14.019239,2014-05-14,529076069.0,123.0,Godzilla,6.1,3232.0,2014,,,,Unknown,369076069.0,True,2010,5,Spring,True
15000000.0,187596,en,7.844705,2014-05-02,59209.0,95.0,Walk of Shame,5.8,561.0,2014,,,,Unknown,-14940791.0,False,2010,5,Spring,False
,188166,en,11.509412,2014-04-25,258384.0,90.0,Blue Ruin,6.9,464.0,2014,,,,Unknown,,,2010,4,Spring,False
,192132,en,7.261527,2014-05-09,,100.0,Palo Alto,6.4,356.0,2014,,,,Unknown,,,2010,5,Spring,
11000000.0,212778,en,8.720309,2014-05-08,45967935.0,114.0,Chef,7.2,1203.0,2014,,,,Unknown,34967935.0,True,2010,5,Spring,False
,113833,en,12.661286,2014-05-25,,133.0,The Normal Heart,7.9,320.0,2014,,,,Unknown,,,2010,5,Spring,
318000.0,210947,en,8.93232,2014-04-04,121179.0,85.0,Afflicted,6.4,210.0,2014,,,,Unknown,-196821.0,False,2010,4,Spring,False
40000000.0,232672,en,10.395472,2014-05-21,123494610.0,117.0,Blended,6.6,1028.0,2014,,,,Unknown,83494610.0,True,2010,5,Spring,False
8000000.0,198277,en,10.289628,2013-09-07,63464861.0,104.0,Begin Again,7.3,1285.0,2013,,,,Unknown,55464861.0,True,2010,9,Fall,False
180000000.0,102651,en,19.467404,2014-05-28,758539785.0,97.0,Maleficent,7.0,4607.0,2014,,,,Unknown,578539785.0,True,2010,5,Spring,True
,192149,en,10.652311,2014-05-16,4507463.0,96.0,The Two Faces of January,5.5,265.0,2014,,,,Unknown,,,2010,5,Spring,False
,254474,en,5.599039,2014-10-20,14947.0,85.0,Zombeavers,4.8,213.0,2014,,,,Unknown,,,2010,10,Fall,False
,209249,en,6.136853,2013-09-12,,94.0,The Love Punch,5.7,139.0,2013,,,,Unknown,,,2010,9,Fall,
,188161,en,10.38391,2014-05-22,,116.0,A Million Ways to Die in the West,5.8,1494.0,2014,,,,Unknown,,,2010,5,Spring,
178000000.0,137113,en,31.982986,2014-05-27,370541256.0,113.0,Edge of Tomorrow,7.6,4979.0,2014,,,,Unknown,192541256.0,True,2010,5,Spring,True
13000000.0,262391,fr,10.926965,2014-04-16,,94.0,Serial (Bad) Weddings,6.9,1114.0,2014,,,,Unknown,,,2010,4,Spring,
,203819,en,0.239993,2014-03-06,4878242.0,112.0,Tracks,7.0,190.0,2014,,,,Unknown,,,2010,3,Spring,False
150000000.0,177677,en,17.836882,2015-07-23,682330139.0,131.0,Mission: Impossible - Rogue Nation,7.1,3274.0,2015,,,,Unknown,532330139.0,True,2010,7,Summer,True
25000000.0,198185,en,9.453942,2014-05-09,38307627.0,124.0,Million Dollar Arm,6.6,264.0,2014,,,,Unknown,13307627.0,True,2010,5,Spring,False
,174323,en,0.265042,2013-10-20,,92.0,G.B.F.,6.0,144.0,2013,,,,Unknown,,,2010,10,Fall,
,82657,en,5.265969,2014-05-16,,97.0,Flight 7500,4.3,208.0,2014,,,,Unknown,,,2010,5,Spring,
12000000.0,222935,en,16.274653,2014-05-16,307166834.0,125.0,The Fault in Our Stars,7.6,3868.0,2014,,,,Unknown,295166834.0,True,2010,5,Spring,True
12700000.0,209185,en,15.108283,2014-05-30,3430018.0,112.0,The Grand Seduction,6.7,109.0,2014,,,,Unknown,-9269982.0,False,2010,5,Spring,False
19700000.0,140870,xx,6.583428,2013-11-17,30000000.0,89.0,Minuscule: Valley of the Lost Ants,6.6,128.0,2013,,,,Unknown,10300000.0,True,2010,11,Fall,False
,157851,en,9.431879,2014-05-21,1338365.0,112.0,Maps to the Stars,5.8,398.0,2014,,,,Unknown,,,2010,5,Spring,False
,218425,en,4.701726,2013-09-27,,105.0,Frequencies,6.6,156.0,2013,,,,Unknown,,,2010,9,Fall,
,93837,en,4.783716,2012-01-01,,94.0,So Undercover,5.8,298.0,2012,,,,Unknown,,,2010,1,Winter,
4357373.0,227700,en,10.860471,2013-10-13,1200000.0,99.0,Mindscape,6.5,202.0,2013,,,,Unknown,-3157373.0,False,2010,10,Fall,False
50000000.0,187017,en,10.901496,2014-06-05,188441614.0,112.0,22 Jump Street,7.0,3375.0,2014,,,,Unknown,138441614.0,True,2010,6,Summer,False
6000000.0,244088,it,7.217205,2014-01-09,5809330.0,111.0,Human Capital,7.4,201.0,2014,,,,Unknown,-190670.0,False,2010,1,Winter,False
55000000.0,156022,en,17.618057,2014-09-24,192330738.0,132.0,The Equalizer,7.1,2997.0,2014,,,,Unknown,137330738.0,True,2010,9,Fall,False
145000000.0,82702,en,12.256689,2014-06-12,609123048.0,102.0,How to Train Your Dragon 2,7.6,3163.0,2014,,,,Unknown,464123048.0,True,2010,6,Summer,True
18000000.0,194662,en,18.193263,2014-08-27,103215094.0,119.0,Birdman,7.4,4657.0,2014,,,,Unknown,85215094.0,True,2010,8,Summer,False
4141459.0,87368,fr,5.109329,2011-06-13,201607.0,87.0,17 Girls,5.6,103.0,2011,,,,Unknown,-3939852.0,False,2010,6,Summer,False
,146243,en,10.964552,2014-02-19,,86.0,Haunt,5.1,101.0,2014,,,,Unknown,,,2010,2,Winter,
4000000.0,85350,en,6.430591,2014-06-05,44349000.0,164.0,Boyhood,7.5,2008.0,2014,,,,Unknown,40349000.0,True,2010,6,Summer,False
24000000.0,184098,en,7.576924,2014-06-20,70181428.0,105.0,Think Like a Man Too,6.3,229.0,2014,,,,Unknown,46181428.0,True,2010,6,Summer,False
40000000.0,209451,en,6.447072,2014-06-05,67347013.0,134.0,Jersey Boys,6.8,257.0,2014,,,,Unknown,27347013.0,True,2010,6,Summer,False
,250658,en,6.114898,2014-06-27,48911.0,105.0,The Internet's Own Boy: The Story of Aaron Swartz,7.8,180.0,2014,,,,Unknown,,,2010,6,Summer,False
210000000.0,91314,en,18.495599,2014-06-25,1091405097.0,165.0,Transformers: Age of Extinction,5.8,3136.0,2014,,,,Unknown,881405097.0,True,2010,6,Summer,True
,169607,en,7.035082,2014-03-28,1503616.0,83.0,Finding Vivian Maier,7.8,112.0,2014,,,,Unknown,,,2010,3,Spring,False
,206192,en,5.654098,2014-04-08,,100.0,Perfect Sisters,5.5,103.0,2014,,,,Unknown,,,2010,4,Spring,
,171372,en,5.847845,2014-05-02,645186.0,95.0,Frank,6.8,667.0,2014,,,,Unknown,,,2010,5,Spring,False
,70706,en,12.32849,2013-01-22,,91.0,Very Good Girls,5.9,145.0,2013,,,,Unknown,,,2010,1,Winter,
,180296,en,9.139015,2014-06-27,,84.0,They Came Together,5.3,173.0,2014,,,,Unknown,,,2010,6,Summer,
50000000.0,218836,en,7.579855,2014-07-17,151165787.0,83.0,Planes: Fire & Rescue,5.8,286.0,2014,,,,Unknown,101165787.0,True,2010,7,Summer,False
20000000.0,226486,en,7.359522,2014-07-02,100525432.0,97.0,Tammy,5.0,508.0,2014,,,,Unknown,80525432.0,True,2010,7,Summer,False
2000000.0,242224,en,8.832788,2014-05-22,6676471.0,93.0,The Babadook,6.5,1890.0,2014,,,,Unknown,4676471.0,True,2010,5,Spring,False
2200000.0,267999,hu,6.313465,2014-06-12,282358.0,121.0,White God,6.6,105.0,2014,,,,Unknown,-1917642.0,False,2010,6,Summer,False
3300000.0,244786,en,64.29999,2014-10-10,13092000.0,105.0,Whiplash,8.3,4376.0,2014,,,,Unknown,9792000.0,True,2010,10,Fall,False
61000000.0,210577,en,154.801009,2014-10-01,369330363.0,145.0,Gone Girl,7.9,6023.0,2014,,,,Unknown,308330363.0,True,2010,10,Fall,True
,152790,en,9.911949,2014-05-23,,84.0,The Angriest Man in Brooklyn,5.5,179.0,2014,,,,Unknown,,,2010,5,Spring,
,250766,en,7.615552,2014-07-04,,120.0,Life Itself,7.7,160.0,2014,,,,Unknown,,,2010,7,Summer,
170000000.0,119450,en,75.385211,2014-06-26,710644566.0,130.0,Dawn of the Planet of the Apes,7.3,4511.0,2014,,,,Unknown,540644566.0,True,2010,6,Summer,True
2900000.0,123109,en,7.202832,2013-03-09,74918.0,86.0,No One Lives,5.5,173.0,2013,,,,Unknown,-2825082.0,False,2010,3,Spring,False
30000000.0,184346,en,8.536777,2014-07-01,,118.0,Deliver Us from Evil,5.9,705.0,2014,,,,Unknown,,,2010,7,Summer,
18000000.0,253235,en,7.69684,2014-07-20,25312387.0,94.0,And So It Goes,5.7,166.0,2014,,,,Unknown,7312387.0,True,2010,7,Summer,False
,253310,en,6.322381,2014-07-02,,93.0,Premature,5.4,120.0,2014,,,,Unknown,,,2010,7,Summer,
40000000.0,225886,en,27.470696,2014-07-17,126069509.0,97.0,Sex Tape,5.2,1733.0,2014,,,,Unknown,86069509.0,True,2010,7,Summer,False
,244267,en,11.901185,2014-07-18,336472.0,106.0,I Origins,7.5,1089.0,2014,,,,Unknown,,,2010,7,Summer,False
9000000.0,238636,en,27.756026,2014-07-17,108782847.0,104.0,The Purge: Anarchy,6.6,2008.0,2014,,,,Unknown,99782847.0,True,2010,7,Summer,False
170000000.0,118340,en,53.291601,2014-07-30,773328629.0,121.0,Guardians of the Galaxy,7.9,10014.0,2014,,,,Unknown,603328629.0,True,2010,7,Summer,True
4000000.0,242095,en,8.536786,2014-03-15,600896.0,95.0,The Signal,5.8,639.0,2014,,,,Unknown,-3399104.0,False,2010,3,Spring,False
,185460,en,8.742454,2013-05-02,,80.0,Willow Creek,5.0,116.0,2013,,,,Unknown,,,2010,5,Spring,
90000000.0,138103,en,14.753545,2014-08-04,206172544.0,127.0,The Expendables 3,6.1,1830.0,2014,,,,Unknown,116172544.0,True,2010,8,Summer,False
100000000.0,184315,en,19.606895,2014-07-23,243400000.0,99.0,Hercules,5.6,1707.0,2014,,,,Unknown,143400000.0,True,2010,7,Summer,False
15000000.0,157849,en,10.432407,2014-07-25,31554855.0,121.0,A Most Wanted Man,6.5,545.0,2014,,,,Unknown,16554855.0,True,2010,7,Summer,False
5500000.0,231576,en,6.149295,2014-01-18,5483299.0,120.0,Wish I Was Here,6.4,304.0,2014,,,,Unknown,-16701.0,False,2010,1,Winter,False
,242088,en,5.61555,2014-04-24,,108.0,The Trip to Italy,6.4,100.0,2014,,,,Unknown,,,2010,4,Spring,
13000000.0,238603,en,12.412221,2014-06-14,45300000.0,89.0,Earth to Echo,5.7,294.0,2014,,,,Unknown,32300000.0,True,2010,6,Summer,False
21169000.0,57331,fr,6.643015,2011-02-16,,119.0,Largo Winch II,5.9,127.0,2011,,,,Unknown,,,2010,2,Winter,
45000000.0,243683,en,8.588926,2014-07-16,86165646.0,112.0,Step Up All In,6.7,649.0,2014,,,,Unknown,41165646.0,True,2010,7,Summer,False
2400000.0,244566,en,5.486893,2014-08-15,88273.0,90.0,Life After Beth,5.0,235.0,2014,,,,Unknown,-2311727.0,False,2010,8,Summer,False
12250000.0,157845,en,6.561373,2014-05-18,2295423.0,103.0,The Rover,6.1,295.0,2014,,,,Unknown,-9954577.0,False,2010,5,Spring,False
,239566,en,7.92736,2014-08-01,31911598.0,139.0,Get on Up,6.4,158.0,2014,,,,Unknown,,,2010,8,Summer,False
16800000.0,229297,en,6.626077,2014-07-25,51029361.0,97.0,Magic in the Moonlight,6.5,749.0,2014,,,,Unknown,34229361.0,True,2010,7,Summer,False
,265169,tr,11.32208,2014-06-13,,196.0,Winter Sleep,7.6,132.0,2014,,,,Unknown,,,2010,6,Summer,
4161012.0,252822,no,5.480099,2014-02-21,,115.0,In Order of Disappearance,7.0,142.0,2014,,,,Unknown,,,2010,2,Winter,
,253306,en,5.343018,2014-09-04,,109.0,Housebound,6.5,362.0,2014,,,,Unknown,,,2010,9,Fall,
22000000.0,228194,en,14.466789,2014-08-06,88880821.0,122.0,The Hundred-Foot Journey,7.3,516.0,2014,,,,Unknown,66880821.0,True,2010,8,Summer,False
,242643,en,6.0955,2014-08-12,4571025.0,75.0,Batman: Assault on Arkham,7.3,298.0,2014,,,,Unknown,,,2010,8,Summer,False
,244610,en,7.752544,2013-12-12,,81.0,The Den,6.2,123.0,2013,,,,Unknown,,,2010,12,Winter,
176000003.0,76757,en,21.463465,2015-02-04,183987723.0,124.0,Jupiter Ascending,5.2,2816.0,2015,,,,Unknown,7987720.0,True,2010,2,Winter,False
125000000.0,98566,en,22.337973,2014-08-07,477200000.0,101.0,Teenage Mutant Ninja Turtles,5.8,2677.0,2014,,,,Unknown,352200000.0,True,2010,8,Summer,True
25000000.0,227156,en,12.472206,2014-08-11,66980456.0,94.0,The Giver,6.4,1859.0,2014,,,,Unknown,41980456.0,True,2010,8,Summer,False
17000000.0,193893,en,15.962793,2014-08-13,136621271.0,104.0,Let's Be Cops,6.4,1234.0,2014,,,,Unknown,119621271.0,True,2010,8,Summer,False
,269650,ja,3.770032,2014-05-28,,90.0,Appleseed Alpha,6.4,154.0,2014,,,,Unknown,,,2010,5,Spring,
,242022,en,6.3567,2014-08-06,,96.0,The Inbetweeners 2,6.1,214.0,2014,,,,Unknown,,,2010,8,Summer,
4000000.0,211067,en,5.350658,2013-09-02,9221.0,99.0,The Sacrament,5.6,139.0,2013,,,,Unknown,-3990779.0,False,2010,9,Fall,False
65000000.0,189,en,20.623642,2014-08-20,39407616.0,102.0,Sin City: A Dame to Kill For,6.3,1314.0,2014,,,,Unknown,-25592384.0,False,2010,8,Summer,False
11000000.0,249164,en,9.659244,2014-08-21,78874843.0,106.0,If I Stay,7.3,1415.0,2014,,,,Unknown,67874843.0,True,2010,8,Summer,False
,265010,en,12.352907,2014-10-10,,92.0,The Canal,5.7,139.0,2014,,,,Unknown,,,2010,10,Fall,
,157823,en,6.35282,2014-04-23,,112.0,Night Moves,5.8,110.0,2014,,,,Unknown,,,2010,4,Spring,
,209244,en,10.10786,2013-09-07,,114.0,Are You Here,5.0,108.0,2013,,,,Unknown,,,2010,9,Fall,
7000000.0,221902,fr,6.868022,2014-05-21,6860853.0,95.0,"Two Days, One Night",6.8,327.0,2014,,,,Unknown,-139147.0,False,2010,5,Spring,False
,220289,en,6.851243,2013-09-19,102617.0,89.0,Coherence,7.2,653.0,2013,,,,Unknown,,,2010,9,Fall,False
6500000.0,282813,en,9.312354,2014-12-04,13865435.0,89.0,The Pyramid,4.6,365.0,2014,,,,Unknown,7365435.0,True,2010,12,Winter,False
12000000.0,209189,en,17.788579,2013-09-14,265452.0,94.0,Life of Crime,5.5,144.0,2013,,,,Unknown,-11734548.0,False,2010,9,Fall,False
5000000.0,256274,en,10.846585,2014-08-14,40100000.0,93.0,"As Above, So Below",6.1,788.0,2014,,,,Unknown,35100000.0,True,2010,8,Summer,False
,242090,en,5.34697,2014-08-08,,91.0,The One I Love,6.8,259.0,2014,,,,Unknown,,,2010,8,Summer,
5000000.0,241848,en,6.441964,2014-09-17,2367161.0,99.0,The Guest,6.5,661.0,2014,,,,Unknown,-2632839.0,False,2010,9,Fall,False
22000000.0,204922,en,14.921298,2014-09-03,15447154.0,92.0,Before I Go to Sleep,6.2,672.0,2014,,,,Unknown,-6552846.0,False,2010,9,Fall,False
,234200,en,9.111867,2014-09-12,7523634.0,119.0,Pride,7.7,457.0,2014,,,,Unknown,,,2010,9,Fall,False
50000000.0,216282,en,9.092925,2014-08-06,160602194.0,89.0,Into the Storm,5.8,829.0,2014,,,,Unknown,110602194.0,True,2010,8,Summer,False
28000000.0,192145,en,8.808328,2013-09-09,1749201.0,137.0,Third Person,5.8,218.0,2013,,,,Unknown,-26250799.0,False,2010,9,Fall,False
1000000.0,254191,en,6.107378,2014-09-12,9318.0,87.0,Honeymoon,5.4,261.0,2014,,,,Unknown,-990682.0,False,2010,9,Fall,False
12600000.0,154400,en,11.695036,2014-09-12,19054534.0,106.0,The Drop,6.7,859.0,2014,,,,Unknown,6454534.0,True,2010,9,Fall,False
,244772,en,9.44394,2014-01-18,5284309.0,90.0,The Skeleton Twins,6.7,294.0,2014,,,,Unknown,,,2010,1,Winter,False
,287590,ja,6.751603,2014-06-21,,93.0,Saint Seiya: Legend of Sanctuary,5.0,162.0,2014,,,,Unknown,,,2010,6,Summer,
34000000.0,198663,en,76.93789,2014-09-10,348319861.0,113.0,The Maze Runner,7.0,5540.0,2014,,,,Unknown,314319861.0,True,2010,9,Fall,True
13200000.0,136835,en,24.644321,2014-09-10,53830415.0,83.0,No Good Deed,5.6,182.0,2014,,,,Unknown,40630415.0,True,2010,9,Fall,False
1000000.0,244506,en,11.153327,2014-10-17,59744.0,117.0,Camp X-Ray,6.7,395.0,2014,,,,Unknown,-940256.0,False,2010,10,Fall,False
,248504,en,5.281329,2014-07-30,,86.0,Sharknado 2: The Second One,4.5,192.0,2014,,,,Unknown,,,2010,7,Summer,
,270302,en,6.967835,2014-09-19,2146041.0,107.0,The Riot Club,5.9,378.0,2014,,,,Unknown,,,2010,9,Fall,False
28000000.0,169917,en,14.914924,2014-09-18,53181600.0,113.0,A Walk Among the Tombstones,6.2,1145.0,2014,,,,Unknown,25181600.0,True,2010,9,Fall,False
5000000.0,282296,en,11.127162,2014-09-09,7527232.0,107.0,My Old Lady,6.1,100.0,2014,,,,Unknown,2527232.0,True,2010,9,Fall,False
,244264,en,12.938085,2014-09-25,1066981.0,100.0,Laggies,6.1,432.0,2014,,,,Unknown,,,2010,9,Fall,False
,276843,en,11.576578,2014-09-26,1289998.0,95.0,What We Did on Our Holiday,6.7,179.0,2014,,,,Unknown,,,2010,9,Fall,False
,265189,sv,12.165685,2014-08-15,1359497.0,118.0,Force Majeure,6.8,255.0,2014,,,,Unknown,,,2010,8,Summer,False
16000000.0,264656,en,7.375146,2014-05-18,3442853.0,122.0,The Homesman,6.4,262.0,2014,,,,Unknown,-12557147.0,False,2010,5,Spring,False
15000000.0,254904,en,13.310556,2014-08-27,32556119.0,108.0,The November Man,6.0,645.0,2014,,,,Unknown,17556119.0,True,2010,8,Summer,False
,157825,en,12.898498,2014-08-14,33821.0,91.0,White Bird in a Blizzard,6.1,289.0,2014,,,,Unknown,,,2010,8,Summer,False
,284427,de,13.001155,2014-09-25,,105.0,Who Am I,7.6,430.0,2014,,,,Unknown,,,2010,9,Fall,
60000000.0,170687,en,11.563909,2014-09-10,108255770.0,97.0,The Boxtrolls,6.6,689.0,2014,,,,Unknown,48255770.0,True,2010,9,Fall,False
49300000.0,149871,ja,7.566053,2013-11-23,24186232.0,137.0,The Tale of the Princess Kaguya,8.0,350.0,2013,,,,Unknown,-25113768.0,False,2010,11,Fall,False
19800000.0,239678,en,11.313659,2014-09-10,41296320.0,103.0,This Is Where I Leave You,6.5,512.0,2014,,,,Unknown,21496320.0,True,2010,9,Fall,False
58800000.0,190859,en,19.228561,2014-12-11,542307423.0,133.0,American Sniper,7.4,4600.0,2014,,,,Unknown,483507423.0,True,2010,12,Winter,True
2800000.0,246403,en,6.820925,2014-09-19,1826705.0,102.0,Tusk,5.1,374.0,2014,,,,Unknown,-973295.0,False,2010,9,Fall,False
,254375,en,12.330898,2014-08-14,1124445.0,114.0,Hector and the Search for Happiness,6.9,317.0,2014,,,,Unknown,,,2010,8,Summer,False
,149509,en,8.363417,2013-09-06,,120.0,Horns,6.2,878.0,2013,,,,Unknown,,,2010,9,Fall,
6500000.0,250546,en,23.242452,2014-10-02,255273813.0,99.0,Annabelle,5.5,1588.0,2014,,,,Unknown,248773813.0,True,2010,10,Fall,False
,151368,en,12.294525,2014-07-04,,101.0,Open Windows,5.1,190.0,2014,,,,Unknown,,,2010,7,Summer,
,286554,en,6.788822,2014-09-26,18612.0,86.0,Two Night Stand,6.3,690.0,2014,,,,Unknown,,,2010,9,Fall,False
70000000.0,49017,en,16.316318,2014-10-01,215529201.0,92.0,Dracula Untold,6.2,2439.0,2014,,,,Unknown,145529201.0,True,2010,10,Fall,False
,227300,en,5.700006,2014-10-14,,94.0,Stretch,6.1,263.0,2014,,,,Unknown,,,2010,10,Fall,
7000000.0,262543,en,13.973689,2014-10-09,,110.0,Automata,5.6,677.0,2014,,,,Unknown,,,2010,10,Fall,
18000000.0,241254,en,16.219485,2014-08-22,266586800.0,93.0,The Prince,4.6,218.0,2014,,,,Unknown,248586800.0,True,2010,8,Summer,False
,244761,en,14.623692,2014-06-10,1075178.0,112.0,The Captive,5.8,334.0,2014,,,,Unknown,,,2010,6,Summer,False
5500000.0,206487,en,10.524204,2014-08-28,3000000.0,97.0,Predestination,7.3,1971.0,2014,,,,Unknown,-2500000.0,False,2010,8,Summer,False
,246741,en,10.504198,2014-06-19,3333000.0,86.0,What We Do in the Shadows,7.4,779.0,2014,,,,Unknown,,,2010,6,Summer,False
26000000.0,239571,en,8.196975,2014-10-16,35926213.0,117.0,The Best of Me,7.2,777.0,2014,,,,Unknown,9926213.0,True,2010,10,Fall,False
20000000.0,245891,en,183.870374,2014-10-22,88761661.0,101.0,John Wick,7.0,5499.0,2014,,,,Unknown,68761661.0,True,2010,10,Fall,False
50000000.0,205587,en,17.887943,2014-10-08,83719388.0,141.0,The Judge,7.2,1433.0,2014,,,,Unknown,33719388.0,True,2010,10,Fall,False
,157829,en,6.266831,2014-05-14,985007.0,119.0,The Disappearance of Eleanor Rigby: Them,6.2,106.0,2014,,,,Unknown,,,2010,5,Spring,False
,244268,en,6.15698,2014-02-07,2262223.0,98.0,Love Is Strange,6.4,111.0,2014,,,,Unknown,,,2010,2,Winter,False
68000000.0,228150,en,36.713807,2014-10-15,211817906.0,135.0,Fury,7.4,4028.0,2014,,,,Unknown,143817906.0,True,2010,10,Fall,False
10500000.0,266285,da,8.253705,2014-05-22,42070000.0,100.0,The Salvation,6.2,285.0,2014,,,,Unknown,31570000.0,True,2010,5,Spring,False
30000000.0,215211,en,6.773278,2014-05-14,,103.0,Grace of Monaco,5.8,201.0,2014,,,,Unknown,,,2010,5,Spring,
13000000.0,239563,en,13.655752,2014-10-09,54837234.0,102.0,St. Vincent,7.1,770.0,2014,,,,Unknown,41837234.0,True,2010,10,Fall,False
,215379,en,5.916252,2014-06-28,,100.0,Young Ones,5.8,109.0,2014,,,,Unknown,,,2010,6,Summer,
28000000.0,218778,en,7.861004,2014-10-08,100654149.0,81.0,"Alexander and the Terrible, Horrible, No Good, Very Bad Day",6.1,502.0,2014,,,,Unknown,72654149.0,True,2010,10,Fall,False
16000000.0,218043,en,11.519053,2014-10-03,19682924.0,110.0,Left Behind,3.7,396.0,2014,,,,Unknown,3682924.0,True,2010,10,Fall,False
,265016,en,10.457657,2014-10-17,,101.0,Extraterrestrial,4.8,183.0,2014,,,,Unknown,,,2010,10,Fall,
,289727,en,6.253843,2014-06-15,4453524.0,107.0,The Rewrite,5.8,192.0,2014,,,,Unknown,,,2010,6,Summer,False
,258193,en,5.991675,2014-04-04,,85.0,Alien Abduction,4.8,102.0,2014,,,,Unknown,,,2010,4,Spring,
5000000.0,242512,en,13.288564,2014-10-24,103590271.0,89.0,Ouija,4.9,1006.0,2014,,,,Unknown,98590271.0,True,2010,10,Fall,False
8500000.0,242582,en,21.277073,2014-10-23,38697217.0,117.0,Nightcrawler,7.6,3475.0,2014,,,,Unknown,30197217.0,True,2010,10,Fall,False
165000000.0,177572,en,213.849907,2014-10-24,652105443.0,102.0,Big Hero 6,7.8,6289.0,2014,,,,Unknown,487105443.0,True,2010,10,Fall,True
4000000.0,236735,es,11.127717,2014-09-25,5169755.0,105.0,Marshland,7.1,255.0,2014,,,,Unknown,1169755.0,True,2010,9,Fall,False
50000000.0,228326,en,10.337994,2014-10-01,97437106.0,95.0,The Book of Life,7.3,778.0,2014,,,,Unknown,47437106.0,True,2010,10,Fall,False
,200727,en,14.566103,2014-10-16,4439431.0,102.0,"Love, Rosie",7.7,1660.0,2014,,,,Unknown,,,2010,10,Fall,False
,273271,en,9.646738,2014-05-24,,104.0,Time Lapse,6.4,383.0,2014,,,,Unknown,,,2010,5,Spring,
15000000.0,264660,en,14.14078,2015-01-21,36869414.0,108.0,Ex Machina,7.6,4862.0,2015,,,,Unknown,21869414.0,True,2010,1,Winter,False
,245700,en,6.328696,2014-10-31,5405500.0,150.0,Mr. Turner,6.3,207.0,2014,,,,Unknown,,,2010,10,Fall,False
,199575,en,6.732991,2014-07-31,,87.0,These Final Hours,6.4,176.0,2014,,,,Unknown,,,2010,7,Summer,
,244563,en,4.580804,2015-02-20,,105.0,"Kumiko, the Treasure Hunter",6.4,104.0,2015,,,,Unknown,,,2010,2,Winter,
,265180,ru,6.312412,2014-09-24,,140.0,Leviathan,7.3,219.0,2014,,,,Unknown,,,2010,9,Fall,
24000000.0,87492,en,8.10357,2014-05-19,12096300.0,134.0,Foxcatcher,6.5,965.0,2014,,,,Unknown,-11903700.0,False,2010,5,Spring,False
8000000.0,199534,en,6.842107,2013-08-30,9630444.0,106.0,Wolf Creek 2,5.9,156.0,2013,,,,Unknown,1630444.0,True,2010,8,Summer,False
16000000.0,185567,en,6.826661,2013-12-04,,110.0,Zulu,6.7,176.0,2013,,,,Unknown,,,2010,12,Winter,
80000000.0,77951,en,8.883866,2013-12-18,126546518.0,87.0,Walking With Dinosaurs,5.2,136.0,2013,,,,Unknown,46546518.0,True,2010,12,Winter,False
,75258,en,9.32058,2012-08-17,,92.0,Secret of the Wings,6.5,303.0,2012,,,,Unknown,,,2010,8,Summer,
,25475,en,10.200558,2009-09-03,,81.0,Tinker Bell and the Lost Treasure,6.4,230.0,2009,,,,Unknown,,,2000,9,Fall,
,290542,en,6.800456,2014-10-10,11486.0,104.0,You're Not You,7.3,247.0,2014,,,,Unknown,,,2010,10,Fall,False
,207933,en,21.991755,2014-09-11,,112.0,Stonehearst Asylum,6.6,427.0,2014,,,,Unknown,,,2010,9,Fall,
,260001,en,4.782116,2014-12-05,8265.0,95.0,Life Partners,6.1,108.0,2014,,,,Unknown,,,2010,12,Winter,False
,272692,en,3.964299,2014-08-22,,83.0,The Possession of Michael King,5.7,129.0,2014,,,,Unknown,,,2010,8,Summer,
,167581,de,5.98915,2013-05-27,,100.0,Free Fall,7.3,164.0,2013,,,,Unknown,,,2010,5,Spring,
,241842,no,10.287127,2014-02-12,37473.0,100.0,Dead Snow 2: Red vs. Dead,6.7,199.0,2014,,,,Unknown,,,2010,2,Winter,False
,164251,en,7.381098,2014-10-12,176391.0,102.0,Serena,5.3,299.0,2014,,,,Unknown,,,2010,10,Fall,False
14000000.0,205596,en,31.59594,2014-11-14,233555708.0,113.0,The Imitation Game,8.0,5895.0,2014,,,,Unknown,219555708.0,True,2010,11,Fall,False
20000000.0,171274,en,13.52638,2014-12-25,11110975.0,148.0,Inherent Vice,6.5,852.0,2014,,,,Unknown,-8889025.0,False,2010,12,Winter,False
,287495,de,9.046751,2014-09-06,794452.0,122.0,Labyrinth of Lies,7.3,199.0,2014,,,,Unknown,,,2010,9,Fall,False
,262551,fr,6.694707,2014-04-16,,85.0,Babysitting,6.9,591.0,2014,,,,Unknown,,,2010,4,Spring,
5000000.0,244403,en,10.964584,2014-10-17,,105.0,Rudderless,7.4,106.0,2014,,,,Unknown,,,2010,10,Fall,
125000000.0,131631,en,147.098006,2014-11-18,752100229.0,123.0,The Hunger Games: Mockingjay - Part 1,6.6,5767.0,2014,,,,Unknown,627100229.0,True,2010,11,Fall,True
,288281,en,9.30854,2014-10-03,,103.0,A Good Marriage,5.1,119.0,2014,,,,Unknown,,,2010,10,Fall,
,237791,pt,5.711274,2014-03-28,,100.0,The Way He Looks,8.1,262.0,2014,,,,Unknown,,,2010,3,Spring,
,140222,en,6.617821,2013-03-22,,92.0,Love and Honor,5.8,135.0,2013,,,,Unknown,,,2010,3,Spring,
,188538,en,11.190606,2013-04-21,,96.0,Remember Sunday,7.0,131.0,2013,,,,Unknown,,,2010,4,Spring,
7000000.0,186161,fr,4.617478,2013-04-19,,90.0,The Gilded Cage,6.8,118.0,2013,,,,Unknown,,,2010,4,Spring,
140000000.0,147441,en,16.320249,2014-12-03,268031828.0,150.0,Exodus: Gods and Kings,5.6,1957.0,2014,,,,Unknown,128031828.0,True,2010,12,Winter,False
,206563,pt,7.346304,2014-10-09,,112.0,Trash,7.1,243.0,2014,,,,Unknown,,,2010,10,Fall,
,265195,es,8.764888,2014-08-21,27007072.0,125.0,Wild Tales,7.7,878.0,2014,,,,Unknown,,,2010,8,Summer,False
,250657,en,6.133204,2014-05-09,,92.0,Fed Up,7.4,108.0,2014,,,,Unknown,,,2010,5,Spring,
40000000.0,100042,en,15.402597,2014-11-12,169837010.0,110.0,Dumb and Dumber To,5.4,1140.0,2014,,,,Unknown,129837010.0,True,2010,11,Fall,False
,206821,en,5.680194,2014-09-05,,86.0,The Longest Week,5.0,116.0,2014,,,,Unknown,,,2010,9,Fall,
1000000.0,114750,en,5.546847,2014-10-17,,108.0,Dear White People,6.2,222.0,2014,,,,Unknown,,,2010,10,Fall,
,209361,en,5.89288,2013-09-09,10900434.0,103.0,One Chance,6.5,112.0,2013,,,,Unknown,,,2010,9,Fall,False
15000000.0,266856,en,11.85302,2014-11-26,123726688.0,123.0,The Theory of Everything,7.8,3403.0,2014,,,,Unknown,108726688.0,True,2010,11,Fall,False
15000000.0,232679,en,6.617708,2014-08-22,30127963.0,115.0,When the Game Stands Tall,6.3,134.0,2014,,,,Unknown,15127963.0,True,2010,8,Summer,False
,283726,fr,5.518654,2014-09-06,,105.0,The New Girlfriend,5.9,100.0,2014,,,,Unknown,,,2010,9,Fall,
,289153,fr,6.837575,2014-10-01,,95.0,"Sex, Love & Therapy",4.9,107.0,2014,,,,Unknown,,,2010,10,Fall,
,267806,en,8.918611,2014-10-23,2756.0,81.0,V/H/S: Viral,4.5,164.0,2014,,,,Unknown,,,2010,10,Fall,False
,254194,en,10.926642,2014-07-29,,98.0,Starry Eyes,5.9,128.0,2014,,,,Unknown,,,2010,7,Summer,
,242828,ja,9.342061,2014-07-19,561085.0,103.0,When Marnie Was There,7.8,345.0,2014,,,,Unknown,,,2010,7,Summer,False
,110416,en,6.967358,2014-09-06,857522.0,93.0,Song of the Sea,8.1,420.0,2014,,,,Unknown,,,2010,9,Fall,False
7000000.0,241771,en,6.293515,2014-09-10,14618727.0,116.0,Beyond the Lights,7.0,139.0,2014,,,,Unknown,7618727.0,True,2010,9,Fall,False
,159121,fr,6.031147,2013-01-16,29494.0,87.0,Paulette,6.3,138.0,2013,,,,Unknown,,,2010,1,Winter,False
100000000.0,205775,en,11.696923,2015-11-20,93820758.0,122.0,In the Heart of the Sea,6.5,1300.0,2015,,,,Unknown,-6179242.0,False,2010,11,Fall,False
,66129,fr,4.454853,2011-06-30,,95.0,Les Tuche,6.1,283.0,2011,,,,Unknown,,,2010,6,Summer,
150000000.0,135397,en,32.790475,2015-06-09,1513528810.0,124.0,Jurassic World,6.5,8842.0,2015,,,,Unknown,1363528810.0,True,2010,6,Summer,True
,293310,en,6.584217,2014-10-10,3003169.0,114.0,Citizenfour,7.9,516.0,2014,,,,Unknown,,,2010,10,Fall,False
,21861,fr,6.011605,2008-06-06,,103.0,LOL (Laughing Out Loud),6.5,380.0,2008,,,,Unknown,,,2000,6,Summer,
30000000.0,170522,fr,8.411263,2014-11-26,,85.0,Asterix: The Mansions of the Gods,6.7,401.0,2014,,,,Unknown,,,2010,11,Fall,
,297608,en,5.418357,2014-10-21,,90.0,The Taking of Deborah Logan,6.0,327.0,2014,,,,Unknown,,,2010,10,Fall,
42000000.0,227159,en,20.903362,2014-11-26,107670357.0,108.0,Horrible Bosses 2,6.1,1575.0,2014,,,,Unknown,65670357.0,True,2010,11,Fall,False
132000000.0,270946,en,22.201607,2014-11-22,373552094.0,92.0,Penguins of Madagascar,6.5,1375.0,2014,,,,Unknown,241552094.0,True,2010,11,Fall,True
9000000.0,253331,en,10.763583,2014-09-06,21571189.0,121.0,Black or White,6.5,119.0,2014,,,,Unknown,12571189.0,True,2010,9,Fall,False
,252178,en,7.08055,2014-10-10,1625847.0,99.0,'71,6.7,414.0,2014,,,,Unknown,,,2010,10,Fall,False
22500000.0,256917,en,9.615664,2014-12-25,15520023.0,112.0,The Water Diviner,6.8,439.0,2014,,,,Unknown,-6979977.0,False,2010,12,Winter,False
5000000.0,284293,en,8.823253,2014-12-05,43884652.0,99.0,Still Alice,7.5,1126.0,2014,,,,Unknown,38884652.0,True,2010,12,Winter,False
55000000.0,116149,en,15.686837,2014-11-27,259207227.0,95.0,Paddington,7.0,899.0,2014,,,,Unknown,204207227.0,True,2010,11,Fall,False
,203834,en,6.757875,2014-08-29,,90.0,Jessabelle,5.1,265.0,2014,,,,Unknown,,,2010,8,Summer,
61000000.0,294254,en,41.225769,2015-09-09,311256926.0,132.0,Maze Runner: The Scorch Trials,6.5,3148.0,2015,,,,Unknown,250256926.0,True,2010,9,Fall,True
,244458,en,9.104429,2014-01-19,,101.0,The Voices,6.2,578.0,2014,,,,Unknown,,,2010,1,Winter,
6600000.0,246860,en,8.151346,2014-08-20,1851517.0,124.0,Clouds of Sils Maria,6.7,267.0,2014,,,,Unknown,-4748483.0,False,2010,8,Summer,False
15000000.0,297596,en,14.059259,2014-12-04,,94.0,Dying of the Light,4.5,118.0,2014,,,,Unknown,,,2010,12,Winter,
,210908,en,6.007987,2013-10-31,,89.0,All Cheerleaders Die,5.1,124.0,2013,,,,Unknown,,,2010,10,Fall,
5000000.0,245916,en,13.524048,2014-10-09,2450846.0,112.0,Kill the Messenger,6.6,359.0,2014,,,,Unknown,-2549154.0,False,2010,10,Fall,False
,74018,en,5.899663,2011-09-05,,88.0,A Cinderella Story: Once Upon a Song,6.1,282.0,2011,,,,Unknown,,,2010,9,Fall,
,15261,en,0.252987,2007-12-12,,90.0,Bring It On: In It To Win It,5.9,114.0,2007,,,,Unknown,,,2000,12,Winter,
,38366,it,4.815947,1996-01-01,,91.0,The Cyclone,6.6,129.0,1996,,,,Unknown,,,1990,1,Winter,
250000000.0,122917,en,31.718977,2014-12-10,956019788.0,144.0,The Hobbit: The Battle of the Five Armies,7.1,4884.0,2014,,,,Unknown,706019788.0,True,2010,12,Winter,True
20000000.0,273895,en,7.107071,2014-12-25,66787908.0,127.0,Selma,7.4,835.0,2014,,,,Unknown,46787908.0,True,2010,12,Winter,False
65000000.0,227306,en,10.543955,2014-12-25,163442937.0,137.0,Unbroken,7.3,1437.0,2014,,,,Unknown,98442937.0,True,2010,12,Winter,False
,246080,en,9.989679,2014-12-05,1171559.0,115.0,Black Sea,6.2,410.0,2014,,,,Unknown,,,2010,12,Winter,False
,250538,en,10.831362,2014-09-09,,110.0,The Good Lie,7.3,210.0,2014,,,,Unknown,,,2010,9,Fall,
,277547,en,9.689284,2014-09-26,,94.0,Playing It Cool,5.6,258.0,2014,,,,Unknown,,,2010,9,Fall,
1000000.0,252171,en,6.039895,2014-01-19,395000.0,99.0,A Girl Walks Home Alone at Night,6.9,258.0,2014,,,,Unknown,-605000.0,False,2010,1,Winter,False
4900000.0,265177,en,14.876086,2014-05-22,3494070.0,138.0,Mommy,8.2,734.0,2014,,,,Unknown,-1405930.0,False,2010,5,Spring,False
20000000.0,241239,en,17.187708,2014-12-30,12007070.0,125.0,A Most Violent Year,6.5,550.0,2014,,,,Unknown,-7992930.0,False,2010,12,Winter,False
15000000.0,228970,en,11.209154,2014-12-05,52501541.0,115.0,Wild,7.0,961.0,2014,,,,Unknown,37501541.0,True,2010,12,Winter,False
,284296,en,7.355355,2014-12-12,25434291.0,102.0,Top Five,6.3,212.0,2014,,,,Unknown,,,2010,12,Winter,False
2700000.0,190469,en,6.174324,2014-01-10,,99.0,Redirected,5.7,162.0,2014,,,,Unknown,,,2010,1,Winter,
10000000.0,87093,en,7.412826,2014-12-24,28883511.0,105.0,Big Eyes,6.8,1236.0,2014,,,,Unknown,18883511.0,True,2010,12,Winter,False
50000000.0,224141,en,9.580785,2014-12-25,212902372.0,125.0,Into the Woods,5.6,1688.0,2014,,,,Unknown,162902372.0,True,2010,12,Winter,False
,243684,en,6.785735,2014-10-17,461162.0,116.0,"Men, Women & Children",6.4,323.0,2014,,,,Unknown,,,2010,10,Fall,False
44000000.0,228967,en,14.526049,2014-12-25,12342632.0,112.0,The Interview,6.1,2340.0,2014,,,,Unknown,-31657368.0,False,2010,12,Winter,False
81000000.0,207703,en,28.224212,2015-01-29,414351546.0,130.0,Kingsman: The Secret Service,7.6,6069.0,2015,,,,Unknown,333351546.0,True,2010,1,Winter,True
127000000.0,181533,en,19.539436,2014-12-17,349424282.0,97.0,Night at the Museum: Secret of the Tomb,6.1,1893.0,2014,,,,Unknown,222424282.0,True,2010,12,Winter,True
,259018,en,6.010463,2014-04-14,,92.0,Behaving Badly,4.9,198.0,2014,,,,Unknown,,,2010,4,Spring,
,277368,fr,6.339846,2014-07-09,,97.0,Nicholas on Holiday,5.2,120.0,2014,,,,Unknown,,,2010,7,Summer,
95000000.0,68737,en,15.297821,2014-12-12,114178613.0,102.0,Seventh Son,5.2,980.0,2014,,,,Unknown,19178613.0,True,2010,12,Winter,False
950000.0,271185,en,4.977232,2014-04-19,,100.0,Ask Me Anything,5.5,158.0,2014,,,,Unknown,,,2010,4,Spring,
,92321,ja,0.005007,2011-09-17,,45.0,Hotarubi no Mori e,8.0,105.0,2011,,,,Unknown,,,2010,9,Fall,
65000000.0,196867,en,13.275529,2014-12-19,133821816.0,119.0,Annie,6.0,472.0,2014,,,,Unknown,68821816.0,True,2010,12,Winter,False
13000000.0,297222,hi,12.58752,2014-12-18,120000000.0,153.0,PK,7.7,262.0,2014,,,,Unknown,107000000.0,True,2010,12,Winter,False
,276908,en,6.93232,2014-12-05,,91.0,Comet,6.8,150.0,2014,,,,Unknown,,,2010,12,Winter,
8000000.0,303542,it,4.349915,2014-12-18,,95.0,The Invisible Boy,6.0,170.0,2014,,,,Unknown,,,2010,12,Winter,
49000000.0,198184,en,30.206365,2015-03-04,104399548.0,120.0,Chappie,6.6,3124.0,2015,,,,Unknown,55399548.0,True,2010,3,Spring,False
,265297,fr,5.154091,2014-09-27,1059804.0,109.0,The Salt of the Earth,8.1,146.0,2014,,,,Unknown,,,2010,9,Fall,False
48000000.0,260346,en,18.081483,2014-12-16,325771424.0,109.0,Taken 3,6.1,2225.0,2014,,,,Unknown,277771424.0,True,2010,12,Winter,True
70000000.0,201088,en,14.932368,2015-01-13,17752940.0,133.0,Blackhat,5.1,842.0,2015,,,,Unknown,-52247060.0,False,2010,1,Winter,False
,294652,en,12.756464,2014-10-16,,108.0,Son of a Gun,6.1,284.0,2014,,,,Unknown,,,2010,10,Fall,
155000000.0,87101,en,30.188198,2015-06-23,440603537.0,126.0,Terminator Genisys,5.8,3677.0,2015,,,,Unknown,285603537.0,True,2010,6,Summer,True
1000000.0,288158,en,6.942139,2014-12-30,26501323.0,90.0,The Woman in Black 2: Angel of Death,5.0,389.0,2014,,,,Unknown,25501323.0,True,2010,12,Winter,False
,13654,en,10.398905,2003-01-21,,70.0,101 Dalmatians II: Patch's London Adventure,5.7,231.0,2003,,,,Unknown,,,2000,1,Winter,
13000000.0,54518,en,5.892524,2011-02-11,98441954.0,105.0,Justin Bieber: Never Say Never,4.8,156.0,2011,,,,Unknown,85441954.0,True,2010,2,Winter,False
,19824,en,8.30643,2009-06-02,,100.0,Van Wilder: Freshman Year,5.2,122.0,2009,,,,Unknown,,,2000,6,Summer,
,230222,en,8.651247,2013-07-25,,94.0,Tarzan,5.5,223.0,2013,,,,Unknown,,,2010,7,Summer,
,85373,en,5.728471,2012-03-30,,85.0,StreetDance 2,5.3,110.0,2012,,,,Unknown,,,2010,3,Spring,
,244688,en,6.125484,2014-02-01,,86.0,The Hungover Games,4.3,148.0,2014,,,,Unknown,,,2010,2,Winter,
,125509,en,10.556938,2012-10-23,,91.0,Wrong Turn 5: Bloodlines,4.7,225.0,2012,,,,Unknown,,,2010,10,Fall,
10500000.0,121734,es,11.003515,2012-08-31,23000000.0,90.0,"Tad, the Lost Explorer",5.6,136.0,2012,,,,Unknown,12500000.0,True,2010,8,Summer,False
2000000.0,270303,en,20.359336,2015-02-04,14674076.0,100.0,It Follows,6.6,1894.0,2015,,,,Unknown,12674076.0,True,2010,2,Winter,False
,269173,en,13.860922,2014-06-19,,97.0,The Anomaly,4.8,145.0,2014,,,,Unknown,,,2010,6,Summer,
,287084,en,8.494374,2014-10-16,,85.0,The Town that Dreaded Sundown,5.7,167.0,2014,,,,Unknown,,,2010,10,Fall,
,15671,en,13.415919,2008-07-13,,92.0,Picture This,5.4,109.0,2008,,,,Unknown,,,2000,7,Summer,
,254188,en,4.964202,2014-03-09,,91.0,At the Devil's Door,4.7,100.0,2014,,,,Unknown,,,2010,3,Spring,
,109689,es,7.78818,2012-06-22,,75.0,I Want You,6.6,317.0,2012,,,,Unknown,,,2010,6,Summer,
150000000.0,76341,en,29.36178,2015-05-13,378858340.0,120.0,Mad Max: Fury Road,7.3,9629.0,2015,,,,Unknown,228858340.0,True,2010,5,Spring,True
10000000.0,280092,en,10.098792,2015-06-04,104303851.0,97.0,Insidious: Chapter 3,6.3,1005.0,2015,,,,Unknown,94303851.0,True,2010,6,Summer,False
245000000.0,140607,en,31.626013,2015-12-15,2068223624.0,136.0,Star Wars: The Force Awakens,7.5,7993.0,2015,,,,Unknown,1823223624.0,True,2010,12,Winter,True
100000000.0,271969,en,11.51021,2016-08-17,94061311.0,125.0,Ben-Hur,5.3,642.0,2016,,,,Unknown,-5938689.0,False,2010,8,Summer,False
160000000.0,68735,en,12.572718,2016-05-25,433677183.0,123.0,Warcraft,6.3,2325.0,2016,,,,Unknown,273677183.0,True,2010,5,Spring,True
280000000.0,99861,en,37.37942,2015-04-22,1405403694.0,141.0,Avengers: Age of Ultron,7.3,6908.0,2015,,,,Unknown,1125403694.0,True,2010,4,Spring,True
230000000.0,166426,en,133.82782,2017-05-23,794191988.0,129.0,Pirates of the Caribbean: Dead Men Tell No Tales,6.6,2814.0,2017,,,,Unknown,564191988.0,True,2010,5,Spring,True
130000000.0,102899,en,26.882388,2015-07-14,519311965.0,117.0,Ant-Man,7.0,6029.0,2015,,,,Unknown,389311965.0,True,2010,7,Summer,True
120000000.0,166424,en,17.246484,2015-08-05,167977596.0,100.0,Fantastic Four,4.4,2322.0,2015,,,,Unknown,47977596.0,True,2010,8,Summer,False
58000000.0,293660,en,187.860492,2016-02-09,783112979.0,108.0,Deadpool,7.4,11444.0,2016,,,,Unknown,725112979.0,True,2010,2,Winter,True
200000000.0,283995,en,185.330992,2017-04-19,863416141.0,137.0,Guardians of the Galaxy Vol. 2,7.6,4858.0,2017,,,,Unknown,663416141.0,True,2010,4,Spring,True
250000000.0,271110,en,145.882135,2016-04-27,1153304495.0,147.0,Captain America: Civil War,7.1,7462.0,2016,,,,Unknown,903304495.0,True,2010,4,Spring,True
165000000.0,284052,en,43.847654,2016-10-25,677718395.0,115.0,Doctor Strange,7.1,5880.0,2016,,,,Unknown,512718395.0,True,2010,10,Fall,True
178000000.0,246655,en,28.712522,2016-05-18,543934787.0,144.0,X-Men: Apocalypse,6.4,4831.0,2016,,,,Unknown,365934787.0,True,2010,5,Spring,True
,133790,en,7.864289,2013-08-10,,100.0,Clear History,6.2,122.0,2013,,,,Unknown,,,2010,8,Summer,
,270343,fr,8.569586,2014-08-20,23598.0,98.0,Love at First Fight,6.3,153.0,2014,,,,Unknown,,,2010,8,Summer,False
7000000.0,284276,en,10.197503,2014-09-07,2360281.0,102.0,Cake,6.2,371.0,2014,,,,Unknown,-4639719.0,False,2010,9,Fall,False
25000000.0,284536,en,8.728556,2014-12-25,39171130.0,111.0,The Gambler,5.7,550.0,2014,,,,Unknown,14171130.0,True,2010,12,Winter,False
3500000.0,297556,en,6.012379,2015-01-27,,72.0,Justice League: Throne of Atlantis,6.5,222.0,2015,,,,Unknown,,,2010,1,Winter,
60000000.0,210860,en,10.241861,2015-01-21,30418560.0,106.0,Mortdecai,5.4,1078.0,2015,,,,Unknown,-29581440.0,False,2010,1,Winter,False
40000000.0,216015,en,33.068431,2015-02-11,571006128.0,125.0,Fifty Shades of Grey,5.2,3350.0,2015,,,,Unknown,531006128.0,True,2010,2,Winter,True
,305932,en,9.323591,2014-12-12,,85.0,Expelled,6.2,187.0,2014,,,,Unknown,,,2010,12,Winter,
10000000.0,250066,en,6.278168,2014-09-11,,94.0,American Heist,4.3,160.0,2014,,,,Unknown,,,2010,9,Fall,
,302429,en,10.192407,2015-01-23,13603453.0,99.0,Strange Magic,6.2,105.0,2015,,,,Unknown,,,2010,1,Winter,False
8500000.0,272693,en,8.592449,2015-02-20,43528634.0,100.0,The DUFF,6.8,1372.0,2015,,,,Unknown,35028634.0,True,2010,2,Winter,False
,277355,en,13.145621,2015-01-23,,90.0,Everly,5.2,231.0,2015,,,,Unknown,,,2010,1,Winter,
,276844,en,5.593682,2014-06-13,,96.0,The Little Death,6.5,167.0,2014,,,,Unknown,,,2010,6,Summer,
24000000.0,9948,en,7.432461,2006-11-09,,69.0,The Fox and the Hound 2,5.6,115.0,2006,,,,Unknown,,,2000,11,Fall,
,199661,fr,4.870482,2013-06-19,,88.0,Josephine,6.0,109.0,2013,,,,Unknown,,,2010,6,Summer,
,1871,fr,5.870813,1964-11-04,,99.0,Fantomas,6.8,125.0,1964,,,,Unknown,,,1960,11,Fall,
,72478,pl,3.742632,2011-03-04,,110.0,@Suicide Room,7.7,113.0,2011,,,,Unknown,,,2010,3,Spring,
12000000.0,227719,en,9.363482,2015-01-29,32248241.0,106.0,Project Almanac,6.4,953.0,2015,,,,Unknown,20248241.0,True,2010,1,Winter,False
11000000.0,167073,en,7.991613,2015-10-20,62076141.0,111.0,Brooklyn,7.2,1235.0,2015,,,,Unknown,51076141.0,True,2010,10,Fall,False
,249688,en,9.201378,2015-07-31,3002884.0,106.0,The End of the Tour,7.3,210.0,2015,,,,Unknown,,,2010,7,Summer,False
,309299,en,5.112935,2015-10-16,,97.0,Experimenter,6.8,166.0,2015,,,,Unknown,,,2010,10,Fall,
,309581,en,7.283158,2015-07-31,,94.0,Lila & Eve,5.4,107.0,2015,,,,Unknown,,,2010,7,Summer,
,309242,en,6.054981,2015-07-04,130541.0,108.0,Mississippi Grind,5.9,137.0,2015,,,,Unknown,,,2010,7,Summer,False
,309245,en,6.969947,2015-08-14,2500431.0,84.0,Mistress America,6.4,200.0,2015,,,,Unknown,,,2010,8,Summer,False
8000000.0,232572,en,12.019571,2015-09-02,35991087.0,104.0,A Walk in the Woods,5.7,266.0,2015,,,,Unknown,27991087.0,True,2010,9,Fall,False
,245706,en,7.87202,2015-04-17,4719695.0,100.0,True Story,6.2,536.0,2015,,,,Unknown,,,2010,4,Spring,False
,288036,en,8.844452,2015-06-26,3214116.0,100.0,Sleeping with Other People,6.2,309.0,2015,,,,Unknown,,,2010,6,Summer,False
,319075,en,6.516131,2015-03-23,,132.0,Cobain: Montage of Heck,7.5,284.0,2015,,,,Unknown,,,2010,3,Spring,
,318224,en,5.887113,2015-01-25,,119.0,Going Clear: Scientology and the Prison of Belief,7.7,306.0,2015,,,,Unknown,,,2010,1,Winter,
,318044,en,4.507082,2015-01-22,,101.0,"What Happened, Miss Simone?",7.7,111.0,2015,,,,Unknown,,,2010,1,Winter,
8000000.0,283235,en,6.60913,2014-10-09,1411927.0,112.0,99 Homes,6.8,240.0,2014,,,,Unknown,-6588073.0,False,2010,10,Fall,False
,266082,fr,4.220318,2014-06-27,60765.0,112.0,Girlhood,6.5,111.0,2014,,,,Unknown,,,2010,6,Summer,False
3500000.0,308453,en,5.353826,2016-01-22,615816.0,108.0,The Bronze,5.5,112.0,2016,,,,Unknown,-2884184.0,False,2010,1,Winter,False
2000000.0,250124,en,14.986654,2015-08-07,1477002.0,98.0,The Diary of a Teenage Girl,6.8,286.0,2015,,,,Unknown,-522998.0,False,2010,8,Summer,False
700000.0,308639,en,7.948581,2015-06-19,17986781.0,103.0,Dope,7.2,698.0,2015,,,,Unknown,17286781.0,True,2010,6,Summer,False
,308369,en,12.503333,2015-06-12,,105.0,Me and Earl and the Dying Girl,7.7,962.0,2015,,,,Unknown,,,2010,6,Summer,
,308024,en,7.834161,2015-06-19,1100000.0,80.0,The Overnight,6.1,131.0,2015,,,,Unknown,,,2010,6,Summer,False
,308032,en,4.833182,2015-07-17,643557.0,122.0,The Stanford Prison Experiment,6.8,254.0,2015,,,,Unknown,,,2010,7,Summer,False
,193687,en,5.30588,2015-08-13,121461.0,97.0,Z for Zachariah,5.6,278.0,2015,,,,Unknown,,,2010,8,Summer,False
,110390,sv,6.572818,2014-10-24,,100.0,A Pigeon Sat on a Branch Reflecting on Existence,6.6,107.0,2014,,,,Unknown,,,2010,10,Fall,
14000000.0,72784,en,14.443362,2014-10-14,10076790.0,108.0,The Loft,6.4,500.0,2014,,,,Unknown,-3923210.0,False,2010,10,Fall,False
,185341,es,7.328242,2014-09-09,190000.0,95.0,[REC]⁴ Apocalypse,5.2,269.0,2014,,,,Unknown,,,2010,9,Fall,False
10000000.0,307663,en,19.236571,2015-01-16,,96.0,Vice,4.1,245.0,2015,,,,Unknown,,,2010,1,Winter,
,278468,en,5.658089,2007-09-23,,48.0,Family Guy Presents: Blue Harvest,7.2,117.0,2007,,,,Unknown,,,2000,9,Fall,
2000000.0,167810,en,6.640704,2015-04-08,45431.0,95.0,Lost River,5.8,228.0,2015,,,,Unknown,-1954569.0,False,2010,4,Spring,False
1816720.0,320316,it,3.782108,2015-01-29,4541800.0,90.0,Italiano medio,6.0,142.0,2015,,,,Unknown,2725080.0,True,2010,1,Winter,False
44000000.0,273248,en,20.328822,2015-12-25,155760117.0,167.0,The Hateful Eight,7.6,4405.0,2015,,,,Unknown,111760117.0,True,2010,12,Winter,False
30000000.0,265208,en,16.451228,2015-01-14,,92.0,Wild Card,5.4,665.0,2015,,,,Unknown,,,2010,1,Winter,
12000000.0,286565,en,9.662731,2015-06-18,85512300.0,109.0,Paper Towns,6.1,1997.0,2015,,,,Unknown,73512300.0,True,2010,6,Summer,False
23000000.0,252838,en,12.21459,2015-01-16,79799880.0,101.0,The Wedding Ringer,6.5,632.0,2015,,,,Unknown,56799880.0,True,2010,1,Winter,False
,290999,en,6.635569,2014-09-19,,98.0,Wyrmwood: Road Of The Dead,6.3,173.0,2014,,,,Unknown,,,2010,9,Fall,
4000000.0,241251,en,10.200398,2015-01-23,52425855.0,91.0,The Boy Next Door,4.1,1034.0,2015,,,,Unknown,48425855.0,True,2010,1,Winter,False
,86835,en,6.88947,2015-02-08,566006.0,118.0,Knight of Cups,5.7,198.0,2015,,,,Unknown,,,2010,2,Winter,False
,311291,en,6.645078,2015-08-28,4250507.0,95.0,45 Years,6.3,259.0,2015,,,,Unknown,,,2010,8,Summer,False
,320007,de,8.247275,2015-06-11,3191998.0,138.0,Victoria,7.9,388.0,2015,,,,Unknown,,,2010,6,Summer,False
3000000.0,276839,en,8.504655,2015-03-13,,98.0,Home Sweet Hell,5.0,187.0,2015,,,,Unknown,,,2010,3,Spring,
,265228,fr,5.091194,2014-12-10,1076075.0,95.0,Timbuktu,6.9,152.0,2014,,,,Unknown,,,2010,12,Winter,False
6350000.0,248933,de,5.617232,2014-02-14,,115.0,The Dark Valley,7.1,113.0,2014,,,,Unknown,,,2010,2,Winter,
,206296,en,5.02494,2014-11-03,,94.0,The Last Five Years,5.5,145.0,2014,,,,Unknown,,,2010,11,Fall,
55000000.0,201085,en,13.492684,2015-10-13,74679822.0,119.0,Crimson Peak,6.4,1494.0,2015,,,,Unknown,19679822.0,True,2010,10,Fall,False
7000000.0,11425,en,5.744183,1997-03-18,,74.0,"Honey, We Shrunk Ourselves",5.1,142.0,1997,,,,Unknown,,,1990,3,Spring,
,15567,en,5.872797,2003-08-26,,60.0,Stitch! The Movie,6.2,112.0,2003,,,,Unknown,,,2000,8,Summer,
14000000.0,243938,en,6.575393,2015-02-20,12314651.0,93.0,Hot Tub Time Machine 2,5.0,360.0,2015,,,,Unknown,-1685349.0,False,2010,2,Winter,False
,286873,en,16.388563,2014-09-27,,97.0,Northmen: A Viking Saga,5.3,127.0,2014,,,,Unknown,,,2010,9,Fall,
50100000.0,256591,en,10.035362,2015-02-25,153962963.0,105.0,Focus,6.7,2588.0,2015,,,,Unknown,103862963.0,True,2010,2,Winter,False
74000000.0,228165,en,12.334689,2015-02-05,311594032.0,93.0,The SpongeBob Movie: Sponge Out of Water,5.7,733.0,2015,,,,Unknown,237594032.0,True,2010,2,Winter,True
3000000.0,234212,en,9.234943,2015-02-12,3387000.0,83.0,Demonic,5.0,153.0,2015,,,,Unknown,387000.0,True,2010,2,Winter,False
10000000.0,268238,en,5.204474,2015-02-26,85978266.0,122.0,The Second Best Exotic Marigold Hotel,6.3,277.0,2015,,,,Unknown,75978266.0,True,2010,2,Winter,False
11000000.0,290764,en,9.056173,2015-01-15,593683.0,94.0,Tracers,5.9,437.0,2015,,,,Unknown,-10406317.0,False,2010,1,Winter,False
,228203,en,6.894606,2015-02-20,45710059.0,128.0,"McFarland, USA",7.4,216.0,2015,,,,Unknown,,,2010,2,Winter,False
38000000.0,309302,zh,6.542647,2015-02-19,123205624.0,116.0,Wolf Totem,6.4,137.0,2015,,,,Unknown,85205624.0,True,2010,2,Winter,False
3300000.0,243940,en,5.840554,2015-01-29,64110728.0,83.0,The Lazarus Effect,5.1,517.0,2015,,,,Unknown,60810728.0,True,2010,1,Winter,False
,38396,it,4.800415,1998-01-01,,108.0,That's Life,7.5,206.0,1998,,,,Unknown,,,1990,1,Winter,
,50531,it,4.288138,2000-12-15,,95.0,Chiedimi se sono felice,7.5,273.0,2000,,,,Unknown,,,2000,12,Winter,
35000000.0,239573,en,10.24952,2015-03-05,14431253.0,91.0,Unfinished Business,5.0,322.0,2015,,,,Unknown,-20568747.0,False,2010,3,Spring,False
26000000.0,197950,fr,6.231766,2014-12-03,,135.0,The Connection,7.1,259.0,2014,,,,Unknown,,,2010,12,Winter,
50000000.0,241554,en,16.838145,2015-03-11,71561644.0,114.0,Run All Night,6.3,1169.0,2015,,,,Unknown,21561644.0,True,2010,3,Spring,False
35000000.0,265712,ja,6.493765,2014-08-08,83061158.0,90.0,Stand by Me Doraemon,7.0,103.0,2014,,,,Unknown,48061158.0,True,2010,8,Summer,False
,112454,en,6.428814,2014-11-13,,100.0,Clown,5.3,372.0,2014,,,,Unknown,,,2010,11,Fall,
95000000.0,150689,en,19.801128,2015-03-12,543514353.0,105.0,Cinderella,6.7,2426.0,2015,,,,Unknown,448514353.0,True,2010,3,Spring,True
,228968,en,10.588578,2015-03-12,2633527.0,95.0,Kidnapping Mr. Heineken,5.8,193.0,2015,,,,Unknown,,,2010,3,Spring,False
,238215,en,8.144255,2014-09-11,,98.0,The Cobbler,5.5,565.0,2014,,,,Unknown,,,2010,9,Fall,
,175774,de,8.582533,2013-03-14,,122.0,Ruby Red,6.6,330.0,2013,,,,Unknown,,,2010,3,Spring,
35000000.0,243688,en,15.968492,2015-05-20,95437994.0,93.0,Poltergeist,5.0,924.0,2015,,,,Unknown,60437994.0,True,2010,5,Spring,False
150000000.0,266647,en,11.30428,2015-09-24,128388320.0,111.0,Pan,5.9,979.0,2015,,,,Unknown,-21611680.0,False,2010,9,Fall,False
10000000.0,252512,en,9.42755,2015-04-03,7587485.0,97.0,While We're Young,5.8,387.0,2015,,,,Unknown,-2412515.0,False,2010,4,Spring,False
15000000.0,271674,en,5.02124,2014-11-05,9104716.0,107.0,Suite Française,7.1,284.0,2014,,,,Unknown,-5895284.0,False,2010,11,Fall,False
110000000.0,262500,en,27.887186,2015-03-18,295238201.0,119.0,Insurgent,6.2,3921.0,2015,,,,Unknown,185238201.0,True,2010,3,Spring,True
8500000.0,230179,en,6.911759,2014-09-05,7500000.0,90.0,Big Game,5.3,387.0,2014,,,,Unknown,-1000000.0,False,2010,9,Fall,False
,113082,ja,10.862777,2012-02-03,,76.0,Berserk: The Golden Age Arc 1 - The Egg of the King,7.1,105.0,2012,,,,Unknown,,,2010,2,Winter,
,271724,fr,5.647722,2014-09-03,,101.0,Hippocrates,6.3,150.0,2014,,,,Unknown,,,2010,9,Fall,
135000000.0,228161,en,13.422713,2015-03-18,368871007.0,94.0,Home,6.8,1539.0,2015,,,,Unknown,233871007.0,True,2010,3,Spring,True
18000000.0,245703,en,12.682927,2016-02-18,6212282.0,112.0,Midnight Special,6.2,705.0,2016,,,,Unknown,-11787718.0,False,2010,2,Winter,False
40000000.0,266396,en,11.429831,2015-02-16,13644292.0,115.0,The Gunman,5.5,397.0,2015,,,,Unknown,-26355708.0,False,2010,2,Winter,False
17000000.0,255343,en,12.543659,2014-10-11,3758328.0,120.0,Escobar: Paradise Lost,6.1,281.0,2014,,,,Unknown,-13241672.0,False,2010,10,Fall,False
,244063,nl,5.653371,2014-01-08,,78.0,Boys,7.5,122.0,2014,,,,Unknown,,,2010,1,Winter,
190000000.0,168259,en,27.275687,2015-04-01,1506249360.0,137.0,Furious 7,7.3,4253.0,2015,,,,Unknown,1316249360.0,True,2010,4,Spring,True
1000000.0,277685,en,10.07817,2015-04-17,62882090.0,82.0,Unfriended,5.5,1092.0,2015,,,,Unknown,61882090.0,True,2010,4,Spring,False
,228973,en,8.101355,2015-03-20,,92.0,Backcountry,5.8,159.0,2015,,,,Unknown,,,2010,3,Spring,
,291272,en,8.100029,2015-06-05,,84.0,We Are Still Here,5.6,191.0,2015,,,,Unknown,,,2010,6,Summer,
,293970,en,6.679341,2015-10-09,,91.0,The Final Girls,6.6,371.0,2015,,,,Unknown,,,2010,10,Fall,
,241855,en,6.976514,2014-03-20,49970.0,109.0,Spring,6.5,186.0,2014,,,,Unknown,,,2010,3,Spring,False
50000000.0,181283,en,17.608346,2015-03-15,3324330.0,137.0,Child 44,6.1,565.0,2015,,,,Unknown,-46675670.0,False,2010,3,Spring,False
,283227,en,7.579751,2014-09-13,,117.0,A Little Chaos,6.0,250.0,2014,,,,Unknown,,,2010,9,Fall,
40000000.0,257091,en,8.178015,2015-03-26,111811453.0,100.0,Get Hard,5.9,961.0,2015,,,,Unknown,71811453.0,True,2010,3,Spring,False
8000000.0,16119,en,6.961912,2007-02-06,,74.0,Cinderella III: A Twist in Time,6.0,244.0,2007,,,,Unknown,,,2000,2,Winter,
,21385,en,7.673021,2004-08-04,,68.0,"Mickey, Donald, Goofy: The Three Musketeers",6.3,162.0,2004,,,,Unknown,,,2000,8,Summer,
,254578,de,5.298121,2014-09-25,3184472.0,98.0,Phoenix,6.4,147.0,2014,,,,Unknown,,,2010,9,Fall,False
,328595,en,4.081263,2015-03-01,,83.0,Parallels,6.2,148.0,2015,,,,Unknown,,,2010,3,Spring,
,293771,en,9.559969,2015-03-27,,118.0,Dead Rising: Watchtower,5.0,143.0,2015,,,,Unknown,,,2010,3,Spring,
,10010,en,10.861154,2006-08-17,,73.0,Brother Bear 2,6.3,318.0,2006,,,,Unknown,,,2000,8,Summer,
25000000.0,290864,cn,6.636514,2014-10-31,129115.0,100.0,Kung Fu Jungle,6.5,117.0,2014,,,,Unknown,-24870885.0,False,2010,10,Fall,False
,237756,en,11.616811,2015-04-10,,90.0,Kill Me Three Times,5.5,171.0,2015,,,,Unknown,,,2010,4,Spring,
,221731,ja,10.9506,2014-08-01,,138.0,Rurouni Kenshin: Kyoto Inferno,7.4,113.0,2014,,,,Unknown,,,2010,8,Summer,
,299551,en,4.551561,2015-01-20,,92.0,The Atticus Institute,5.6,143.0,2015,,,,Unknown,,,2010,1,Winter,
6900000.0,146229,en,9.159818,2014-08-07,,86.0,Kristy,5.9,115.0,2014,,,,Unknown,,,2010,8,Summer,
,263109,en,9.961184,2015-02-05,59700000.0,85.0,Shaun the Sheep Movie,6.9,456.0,2015,,,,Unknown,,,2010,2,Winter,False
6700000.0,244539,en,6.502973,2014-01-18,1430655.0,87.0,Infinitely Polar Bear,6.9,135.0,2014,,,,Unknown,-5269345.0,False,2010,1,Winter,False
,308504,en,14.619519,2015-04-03,3643591.0,115.0,Last Knights,6.2,348.0,2015,,,,Unknown,,,2010,4,Spring,False
,321528,en,5.48942,2015-04-14,,72.0,Batman vs. Robin,6.8,218.0,2015,,,,Unknown,,,2010,4,Spring,
11000000.0,304357,en,11.61,2015-04-10,61619773.0,120.0,Woman in Gold,7.3,454.0,2015,,,,Unknown,50619773.0,True,2010,4,Spring,False
20000000.0,269148,fr,11.024334,2014-10-15,151530.0,118.0,Samba,6.4,393.0,2014,,,,Unknown,-19848470.0,False,2010,10,Fall,False
,228108,en,10.968889,2014-10-24,,100.0,The Road Within,6.7,110.0,2014,,,,Unknown,,,2010,10,Fall,
,65218,en,5.196496,2011-04-15,,106.0,Lemonade Mouth,7.1,184.0,2011,,,,Unknown,,,2010,4,Spring,
190000000.0,158852,en,22.296076,2015-05-19,209154322.0,130.0,Tomorrowland,6.2,2904.0,2015,,,,Unknown,19154322.0,True,2010,5,Spring,False
,255157,en,7.490615,2014-09-10,,95.0,The Forger,5.4,124.0,2014,,,,Unknown,,,2010,9,Fall,
,253626,en,8.35399,2015-04-09,316472.0,104.0,Good Kill,5.9,210.0,2015,,,,Unknown,,,2010,4,Spring,False
38000000.0,256961,en,17.02038,2015-04-16,107597242.0,94.0,Paul Blart: Mall Cop 2,5.0,576.0,2015,,,,Unknown,69597242.0,True,2010,4,Spring,False
,270400,fr,4.832606,2014-09-04,,91.0,Breathe,7.2,156.0,2014,,,,Unknown,,,2010,9,Fall,
25000000.0,289720,en,9.029641,2014-09-26,,98.0,Outcast,4.5,140.0,2014,,,,Unknown,,,2010,9,Fall,
34000000.0,228205,en,10.264416,2015-04-09,63013281.0,128.0,The Longest Ride,7.3,1083.0,2015,,,,Unknown,29013281.0,True,2010,4,Spring,False
,284289,en,10.072918,2014-09-06,45895.0,95.0,Beyond the Reach,5.5,138.0,2014,,,,Unknown,,,2010,9,Fall,False
25000000.0,293863,en,10.542026,2015-04-16,65663276.0,112.0,The Age of Adaline,7.4,2052.0,2015,,,,Unknown,40663276.0,True,2010,4,Spring,False
10000000.0,256924,en,16.903373,2015-03-19,10835752.0,107.0,Danny Collins,6.6,187.0,2015,,,,Unknown,835752.0,True,2010,3,Spring,False
600000.0,309304,en,4.565414,2015-06-04,7087452.0,78.0,Grandma,6.1,143.0,2015,,,,Unknown,6487452.0,True,2010,6,Summer,False
6000000.0,250349,fr,4.707275,2014-04-30,14348529.0,98.0,Barbecue,5.8,217.0,2014,,,,Unknown,8348529.0,True,2010,4,Spring,False
,297270,en,8.106333,2014-12-12,,77.0,Tinker Bell and the Legend of the NeverBeast,7.0,270.0,2014,,,,Unknown,,,2010,12,Winter,
,175112,en,12.796484,2014-02-13,20300000.0,78.0,Tinker Bell and the Pirate Fairy,6.5,286.0,2014,,,,Unknown,,,2010,2,Winter,False
,269258,de,5.4192,2014-12-25,,139.0,Head Full of Honey,7.5,118.0,2014,,,,Unknown,,,2010,12,Winter,
11000000.0,101669,en,5.165083,2010-09-23,,112.0,Mother's Day,6.3,126.0,2010,,,,Unknown,,,2010,9,Fall,
,332340,en,11.879205,2015-05-29,,88.0,Man Up,6.5,395.0,2015,,,,Unknown,,,2010,5,Spring,
110000000.0,254128,en,20.547925,2015-05-27,470490832.0,114.0,San Andreas,6.0,3017.0,2015,,,,Unknown,360490832.0,True,2010,5,Spring,True
,241257,en,10.03628,2015-10-01,17671101.0,106.0,Regression,5.3,600.0,2015,,,,Unknown,,,2010,10,Fall,False
,284537,en,7.143088,2014-09-05,,105.0,Welcome to Me,5.7,140.0,2014,,,,Unknown,,,2010,9,Fall,
,284689,en,7.046825,2014-10-14,1822250.0,129.0,Testament of Youth,7.2,259.0,2014,,,,Unknown,,,2010,10,Fall,False
,250734,en,7.832484,2015-04-23,30229977.0,119.0,Far from the Madding Crowd,6.8,346.0,2015,,,,Unknown,,,2010,4,Spring,False
34000000.0,202575,en,11.249956,2013-12-24,,85.0,Thunder and the House of Magic,6.3,125.0,2013,,,,Unknown,,,2010,12,Winter,
1200000.0,259072,en,7.445236,2014-08-22,,91.0,Wrong Turn 6: Last Resort,4.6,171.0,2014,,,,Unknown,,,2010,8,Summer,
,15165,en,6.665069,2004-09-28,,85.0,Barbie as The Princess & the Pauper,6.9,193.0,2004,,,,Unknown,,,2000,9,Fall,
,13284,en,7.097884,2005-03-08,,70.0,Barbie: Fairytopia,5.7,115.0,2005,,,,Unknown,,,2000,3,Spring,
,15016,en,6.456991,2003-09-28,,81.0,Barbie of Swan Lake,6.6,191.0,2003,,,,Unknown,,,2000,9,Fall,
,13002,en,5.956719,2006-09-19,,83.0,Barbie in the 12 Dancing Princesses,6.9,135.0,2006,,,,Unknown,,,2000,9,Fall,
,15015,en,6.507867,2002-10-01,,84.0,Barbie as Rapunzel,6.4,182.0,2002,,,,Unknown,,,2000,10,Fall,
,15906,en,6.966851,2005-10-05,,85.0,Barbie and the Magic of Pegasus 3-D,6.2,100.0,2005,,,,Unknown,,,2000,10,Fall,
11000000.0,304410,fr,7.943506,2014-12-17,,105.0,The Bélier Family,7.0,789.0,2014,,,,Unknown,,,2010,12,Winter,
35000000.0,249070,en,10.721799,2015-08-20,81967450.0,96.0,Hitman: Agent 47,5.5,1183.0,2015,,,,Unknown,46967450.0,True,2010,8,Summer,False
,44683,en,5.963431,2010-08-13,,76.0,Tinker Bell and the Great Fairy Rescue,6.3,225.0,2010,,,,Unknown,,,2010,8,Summer,
18000000.0,275601,en,16.778946,2015-07-10,41325328.0,100.0,Ricki and the Flash,5.6,273.0,2015,,,,Unknown,23325328.0,True,2010,7,Summer,False
,301728,en,12.592801,2015-05-08,,110.0,Infini,5.1,157.0,2015,,,,Unknown,,,2010,5,Spring,
,284305,es,6.319326,2014-09-26,,90.0,Shrew's Nest,6.6,100.0,2014,,,,Unknown,,,2010,9,Fall,
29000000.0,254470,en,15.862632,2015-05-07,287506194.0,115.0,Pitch Perfect 2,6.8,1997.0,2015,,,,Unknown,258506194.0,True,2010,5,Spring,True
,258099,en,6.528444,2014-04-24,,95.0,Just Before I Go,6.3,122.0,2014,,,,Unknown,,,2010,4,Spring,
11800000.0,258480,en,8.364201,2015-11-20,40272135.0,118.0,Carol,7.3,1014.0,2015,,,,Unknown,28472135.0,True,2010,11,Fall,False
,145221,en,12.648061,2014-10-09,,119.0,Monsters: Dark Continent,4.2,104.0,2014,,,,Unknown,,,2010,10,Fall,
4000000.0,254320,en,11.223033,2015-10-08,15656193.0,118.0,The Lobster,6.7,1340.0,2015,,,,Unknown,11656193.0,True,2010,10,Fall,False
4000000.0,287424,en,12.020933,2015-05-08,187112.0,95.0,Maggie,5.2,604.0,2015,,,,Unknown,-3812888.0,False,2010,5,Spring,False
35000000.0,268920,en,6.90658,2015-05-08,51680201.0,87.0,Hot Pursuit,5.4,659.0,2015,,,,Unknown,16680201.0,True,2010,5,Spring,False
,223485,en,10.132064,2015-04-16,229094.0,84.0,Slow West,6.6,371.0,2015,,,,Unknown,,,2010,4,Spring,False
,94365,en,5.360948,2015-05-22,,103.0,The Human Centipede 3 (Final Sequence),3.7,159.0,2015,,,,Unknown,,,2010,5,Spring,
5000000.0,171424,en,9.336019,2014-09-04,6833445.0,100.0,The Green Inferno,5.0,359.0,2014,,,,Unknown,1833445.0,True,2010,9,Fall,False
,248574,en,11.009871,2015-04-30,6075.0,96.0,Barely Lethal,5.5,352.0,2015,,,,Unknown,,,2010,4,Spring,False
,292040,en,10.199449,2015-04-11,1473809.0,104.0,Spooks: The Greater Good,5.9,203.0,2015,,,,Unknown,,,2010,4,Spring,False
,283704,it,4.735656,2014-10-16,,137.0,Leopardi,6.6,167.0,2014,,,,Unknown,,,2010,10,Fall,
108000000.0,286217,en,25.62993,2015-09-30,630161890.0,141.0,The Martian,7.6,7442.0,2015,,,,Unknown,522161890.0,True,2010,9,Fall,True
,333381,en,5.814583,2015-05-31,,95.0,Return to Sender,5.0,140.0,2015,,,,Unknown,,,2010,5,Spring,
13360000.0,310593,it,8.717661,2015-05-20,2000000.0,118.0,Youth,6.7,625.0,2015,,,,Unknown,-11360000.0,False,2010,5,Spring,False
20000000.0,334074,en,15.033568,2015-05-21,,96.0,Survivor,5.4,407.0,2015,,,,Unknown,,,2010,5,Spring,
,318256,en,5.352415,2015-05-29,,84.0,Hot Girls Wanted,5.9,198.0,2015,,,,Unknown,,,2010,5,Spring,
65000000.0,238713,en,13.257467,2015-05-06,235666219.0,120.0,Spy,6.9,2590.0,2015,,,,Unknown,170666219.0,True,2010,5,Spring,False
48000000.0,13179,en,9.066971,2008-10-27,,78.0,Tinker Bell,6.5,319.0,2008,,,,Unknown,,,2000,10,Fall,
35000000.0,271718,en,17.310647,2015-07-17,140795793.0,125.0,Trainwreck,5.9,1193.0,2015,,,,Unknown,105795793.0,True,2010,7,Summer,False
,328720,it,4.369253,2015-03-11,,95.0,Ma che bella sorpresa,5.9,105.0,2015,,,,Unknown,,,2010,3,Spring,
37000000.0,222936,en,8.451297,2015-05-27,26250020.0,105.0,Aloha,5.2,704.0,2015,,,,Unknown,-10749980.0,False,2010,5,Spring,False
,250235,it,4.221003,2014-01-23,,120.0,Tutta colpa di Freud,6.5,162.0,2014,,,,Unknown,,,2010,1,Winter,
,231176,it,5.52971,2013-10-31,,87.0,Sole a catinelle,6.6,348.0,2013,,,,Unknown,,,2010,10,Fall,
6000000.0,53319,it,3.793012,2011-01-05,,97.0,What a Beautiful Day,6.3,281.0,2011,,,,Unknown,,,2010,1,Winter,
,245906,en,7.032964,2014-10-27,111996.0,93.0,She's Funny That Way,5.8,238.0,2014,,,,Unknown,,,2010,10,Fall,False
,239877,it,7.791341,2013-11-28,,90.0,The Mafia Kills Only in Summer,7.4,299.0,2013,,,,Unknown,,,2010,11,Fall,
,320006,fa,4.440102,2015-04-15,,82.0,Taxi,6.8,107.0,2015,,,,Unknown,,,2010,4,Spring,
65000000.0,300168,zh,5.462048,2015-02-19,121545703.0,127.0,Dragon Blade,5.9,146.0,2015,,,,Unknown,56545703.0,True,2010,2,Winter,False
30000000.0,188222,en,14.013413,2015-06-03,49263404.0,104.0,Entourage,6.2,502.0,2015,,,,Unknown,19263404.0,True,2010,6,Summer,False
175000000.0,150540,en,23.985587,2015-06-09,857611174.0,94.0,Inside Out,7.9,6737.0,2015,,,,Unknown,682611174.0,True,2010,6,Summer,True
,307931,en,5.416273,2015-06-12,1301696.0,89.0,The Wolfpack,6.7,116.0,2015,,,,Unknown,,,2010,6,Summer,False
,271714,en,10.444048,2015-05-29,28641776.0,120.0,Love & Mercy,7.3,246.0,2015,,,,Unknown,,,2010,5,Spring,False
160000000.0,131634,en,26.628178,2015-11-18,653428261.0,137.0,The Hunger Games: Mockingjay - Part 2,6.6,4117.0,2015,,,,Unknown,493428261.0,True,2010,11,Fall,True
20000000.0,272878,en,7.987747,2015-06-26,43967255.0,111.0,Max,6.8,282.0,2015,,,,Unknown,23967255.0,True,2010,6,Summer,False
88000000.0,257344,en,21.14796,2015-07-16,243637091.0,105.0,Pixels,5.6,2564.0,2015,,,,Unknown,155637091.0,True,2010,7,Summer,False
110000000.0,262504,en,18.386172,2016-03-09,179246868.0,121.0,Allegiant,5.9,2064.0,2016,,,,Unknown,69246868.0,True,2010,3,Spring,False
180000000.0,259316,en,41.051421,2016-11-16,809342332.0,133.0,Fantastic Beasts and Where to Find Them,7.2,5612.0,2016,,,,Unknown,629342332.0,True,2010,11,Fall,True
,280996,en,19.256859,2015-06-19,29355203.0,103.0,Mr. Holmes,6.5,686.0,2015,,,,Unknown,,,2010,6,Summer,False
75000000.0,328111,en,11.01395,2016-06-18,875457937.0,87.0,The Secret Life of Pets,5.9,3536.0,2016,,,,Unknown,800457937.0,True,2010,6,Summer,True
5000000.0,85739,it,8.842243,2012-01-27,,112.0,A.C.A.B.: All Cops Are Bastards,6.7,163.0,2012,,,,Unknown,,,2010,1,Winter,
20000000.0,256962,en,11.946728,2015-04-23,6485961.0,106.0,Little Boy,7.0,190.0,2015,,,,Unknown,-13514039.0,False,2010,4,Spring,False
26000000.0,238615,en,25.301568,2015-07-10,30523226.0,116.0,Self/less,6.3,1122.0,2015,,,,Unknown,4523226.0,True,2010,7,Summer,False
31500000.0,302156,en,10.038581,2016-04-14,14708696.0,113.0,Criminal,5.8,566.0,2016,,,,Unknown,-16791304.0,False,2010,4,Spring,False
90000000.0,274854,en,13.412445,2015-10-21,146936910.0,106.0,The Last Witch Hunter,5.7,1345.0,2015,,,,Unknown,56936910.0,True,2010,10,Fall,False
15000000.0,287903,en,15.553313,2015-11-26,61548707.0,98.0,Krampus,5.9,601.0,2015,,,,Unknown,46548707.0,True,2010,11,Fall,False
175000000.0,297761,en,42.965027,2016-08-02,745600054.0,123.0,Suicide Squad,5.9,7717.0,2016,,,,Unknown,570600054.0,True,2010,8,Summer,True
165000000.0,47933,en,16.993841,2016-06-22,389681935.0,120.0,Independence Day: Resurgence,4.9,2550.0,2016,,,,Unknown,224681935.0,True,2010,6,Summer,True
185000000.0,188927,en,20.659284,2016-07-07,343471816.0,122.0,Star Trek Beyond,6.6,2636.0,2016,,,,Unknown,158471816.0,True,2010,7,Summer,True
,277558,en,6.082415,2015-04-14,,90.0,Final Girl,5.0,205.0,2015,,,,Unknown,,,2010,4,Spring,
15000000.0,293452,en,13.288704,2016-09-09,,92.0,The Disappointments Room,4.3,144.0,2016,,,,Unknown,,,2010,9,Fall,
3000000.0,70006,en,7.964291,2011-09-13,,90.0,Never Back Down 2: The Beatdown,5.8,138.0,2011,,,,Unknown,,,2010,9,Fall,
68000000.0,214756,en,42.061481,2015-06-25,217022588.0,115.0,Ted 2,6.2,2524.0,2015,,,,Unknown,149022588.0,True,2010,6,Summer,False
,86828,en,14.998954,2015-06-26,7200039.0,85.0,Absolutely Anything,5.7,410.0,2015,,,,Unknown,,,2010,6,Summer,False
74000000.0,211672,en,547.488298,2015-06-17,1156730962.0,91.0,Minions,6.4,4729.0,2015,,,,Unknown,1082730962.0,True,2010,6,Summer,True
175000000.0,105864,en,12.319595,2015-11-14,331926147.0,93.0,The Good Dinosaur,6.6,1782.0,2015,,,,Unknown,156926147.0,True,2010,11,Fall,True
53000000.0,261023,en,10.61072,2015-09-04,98837872.0,122.0,Black Mass,6.3,1262.0,2015,,,,Unknown,45837872.0,True,2010,9,Fall,False
245000000.0,206647,en,24.926577,2015-10-26,880674609.0,148.0,Spectre,6.3,4552.0,2015,,,,Unknown,635674609.0,True,2010,10,Fall,True
,310569,pt,5.458754,2015-02-08,,110.0,The Second Mother,7.8,169.0,2015,,,,Unknown,,,2010,2,Winter,
,331446,en,4.354938,2015-07-22,,88.0,Sharknado 3: Oh Hell No!,4.4,137.0,2015,,,,Unknown,,,2010,7,Summer,
,14092,ja,8.820107,2008-07-12,,85.0,Ghost in the Shell 2.0,7.4,117.0,2008,,,,Unknown,,,2000,7,Summer,
30000000.0,321697,en,16.224866,2015-10-09,34441873.0,122.0,Steve Jobs,6.8,1608.0,2015,,,,Unknown,4441873.0,True,2010,10,Fall,False
15000000.0,225728,en,12.493466,2015-08-16,12601706.0,113.0,Macbeth,6.4,497.0,2015,,,,Unknown,-2398294.0,False,2010,8,Summer,False
31000000.0,296099,en,11.33038,2015-07-28,104384188.0,99.0,Vacation,6.1,1218.0,2015,,,,Unknown,73384188.0,True,2010,7,Summer,False
,250574,en,8.411803,2014-06-23,,82.0,Creep,6.1,246.0,2014,,,,Unknown,,,2010,6,Summer,
8000000.0,317744,en,6.88876,2015-05-06,,91.0,Careful What You Wish For,5.8,116.0,2015,,,,Unknown,,,2010,5,Spring,
,276488,en,4.931539,2014-04-17,,88.0,Let Us Prey,5.5,106.0,2014,,,,Unknown,,,2010,4,Spring,
21000000.0,240483,en,6.184303,2015-01-29,,90.0,Robot Overlords,4.8,109.0,2015,,,,Unknown,,,2010,1,Winter,
250000000.0,209112,en,31.435879,2016-03-23,873260194.0,151.0,Batman v Superman: Dawn of Justice,5.7,7189.0,2016,,,,Unknown,623260194.0,True,2010,3,Spring,True
,130267,en,5.074995,2012-11-04,,90.0,Seal Team Six: The Raid on Osama Bin Laden,5.9,109.0,2012,,,,Unknown,,,2010,11,Fall,
,317144,en,9.079974,2015-01-15,,62.0,Cyberbully,6.5,106.0,2015,,,,Unknown,,,2010,1,Winter,
,331781,en,11.12024,2015-07-03,8413144.0,128.0,Amy,7.5,482.0,2015,,,,Unknown,,,2010,7,Summer,False
,115290,en,10.751964,2012-06-16,,85.0,Blue Lagoon: The Awakening,6.2,294.0,2012,,,,Unknown,,,2010,6,Summer,
14800000.0,264999,en,8.76993,2015-07-01,122513057.0,115.0,Magic Mike XXL,6.2,716.0,2015,,,,Unknown,107713057.0,True,2010,7,Summer,False
175000000.0,278927,en,17.432758,2016-04-07,966550600.0,106.0,The Jungle Book,6.7,2977.0,2016,,,,Unknown,791550600.0,True,2010,4,Spring,True
5000000.0,303857,ja,11.350372,2015-04-18,61768190.0,93.0,Dragon Ball Z: Resurrection 'F',6.8,377.0,2015,,,,Unknown,56768190.0,True,2010,4,Spring,False
75000000.0,203801,en,14.656875,2015-08-13,108145109.0,116.0,The Man from U.N.C.L.E.,7.1,2306.0,2015,,,,Unknown,33145109.0,True,2010,8,Summer,False
,323027,en,5.778906,2015-07-28,,76.0,Justice League: Gods and Monsters,6.9,151.0,2015,,,,Unknown,,,2010,7,Summer,
,255798,en,5.702937,2014-09-04,,89.0,Burying the Ex,5.5,136.0,2014,,,,Unknown,,,2010,9,Fall,
,287689,en,8.323292,2015-07-11,,43.0,7 Days in Hell,6.4,132.0,2015,,,,Unknown,,,2010,7,Summer,
35000000.0,285783,en,9.425787,2015-09-30,61181942.0,123.0,The Walk,6.9,1151.0,2015,,,,Unknown,26181942.0,True,2010,9,Fall,False
50000000.0,300671,en,18.022579,2016-01-13,69411370.0,144.0,13 Hours: The Secret Soldiers of Benghazi,7.0,963.0,2016,,,,Unknown,19411370.0,True,2010,1,Winter,False
,324670,en,9.117924,2016-12-09,,108.0,Spectral,6.3,453.0,2016,,,,Unknown,,,2010,12,Winter,
5000000.0,273169,fr,6.976069,2014-06-04,12058187.0,116.0,French Women,5.6,127.0,2014,,,,Unknown,7058187.0,True,2010,6,Summer,False
6000000.0,85038,it,5.219214,2012-01-18,35000000.0,110.0,Welcome to the North,5.6,276.0,2012,,,,Unknown,29000000.0,True,2010,1,Winter,False
,58444,it,4.812756,2011-02-04,,98.0,Women Vs Men,5.3,133.0,2011,,,,Unknown,,,2010,2,Winter,
,56014,it,5.146043,2010-10-27,,113.0,Men Vs Women,5.5,149.0,2010,,,,Unknown,,,2010,10,Fall,
,59570,it,4.832601,2011-03-18,,95.0,Escort in love,6.0,107.0,2011,,,,Unknown,,,2010,3,Spring,
,58013,it,3.670624,2010-12-17,,100.0,The Santa Claus Gang,5.8,185.0,2010,,,,Unknown,,,2010,12,Winter,
,178915,it,4.709454,2013-03-19,9500000.0,100.0,Welcome Mr. President!,6.1,133.0,2013,,,,Unknown,,,2010,3,Spring,False
,182415,it,5.665259,2013-04-02,,95.0,"Bianca come il latte, rossa come il sangue",6.3,153.0,2013,,,,Unknown,,,2010,4,Spring,
2000000.0,250219,it,6.592949,2014-02-06,,100.0,I Can Quit Whenever I Want,7.4,327.0,2014,,,,Unknown,,,2010,2,Winter,
,247218,it,4.40496,2014-01-01,,95.0,Un boss in salotto,6.0,111.0,2014,,,,Unknown,,,2010,1,Winter,
,57112,it,5.038131,2004-12-15,,95.0,Tu la conosci Claudia?,6.6,183.0,2004,,,,Unknown,,,2000,12,Winter,
10000000.0,15681,it,5.048144,2009-02-06,,120.0,Ex,5.4,101.0,2009,,,,Unknown,,,2000,2,Winter,
,35554,it,6.40477,2009-11-27,,99.0,Cado dalle nubi,6.5,299.0,2009,,,,Unknown,,,2000,11,Fall,
100000.0,299245,en,7.51505,2015-07-10,42664410.0,87.0,The Gallows,4.9,370.0,2015,,,,Unknown,42564410.0,True,2010,7,Summer,False
,133469,fr,5.159723,2012-09-24,,97.0,The Dream Team,4.9,199.0,2012,,,,Unknown,,,2010,9,Fall,
20000000.0,182560,en,9.188583,2015-03-31,208588.0,113.0,Dark Places,5.7,488.0,2015,,,,Unknown,-19791412.0,False,2010,3,Spring,False
1300000.0,336804,tr,6.49255,2015-06-17,250000.0,97.0,Mustang,8.0,378.0,2015,,,,Unknown,-1050000.0,False,2010,6,Summer,False
14000000.0,348892,hi,6.31224,2015-07-17,98000000.0,163.0,Bajrangi Bhaijaan,7.7,165.0,2015,,,,Unknown,84000000.0,True,2010,7,Summer,False
135000000.0,281957,en,23.501228,2015-12-25,532950503.0,156.0,The Revenant,7.3,6558.0,2015,,,,Unknown,397950503.0,True,2010,12,Winter,True
,24169,it,3.935385,2008-12-19,,100.0,Il cosmo sul comò,5.0,156.0,2008,,,,Unknown,,,2000,12,Winter,
11000000.0,282984,en,6.862812,2015-07-17,27391084.0,95.0,Irrational Man,6.3,600.0,2015,,,,Unknown,16391084.0,True,2010,7,Summer,False
12000000.0,314405,en,10.95023,2015-05-14,,125.0,Tale of Tales,6.1,403.0,2015,,,,Unknown,,,2010,5,Spring,
,317952,en,4.889765,2015-07-03,,100.0,Cartel Land,7.4,160.0,2015,,,,Unknown,,,2010,7,Summer,
40000000.0,256040,te,11.80967,2015-07-10,100000000.0,159.0,Baahubali: The Beginning,7.5,138.0,2015,,,,Unknown,60000000.0,True,2010,7,Summer,False
30000000.0,307081,en,12.370126,2015-06-15,91709827.0,123.0,Southpaw,7.3,2112.0,2015,,,,Unknown,61709827.0,True,2010,6,Summer,False
30000000.0,273481,en,19.511221,2015-09-17,84025816.0,121.0,Sicario,7.2,2465.0,2015,,,,Unknown,54025816.0,True,2010,9,Fall,False
,284303,de,5.399896,2014-08-29,1178196.0,100.0,Goodnight Mommy,6.6,344.0,2014,,,,Unknown,,,2010,8,Summer,False
,342878,fr,7.862844,2015-06-24,,105.0,One Wild Moment,5.8,293.0,2015,,,,Unknown,,,2010,6,Summer,
,278236,en,12.714642,2015-03-13,,111.0,X+Y,6.5,210.0,2015,,,,Unknown,,,2010,3,Spring,
,283350,en,9.526911,2014-09-11,37151.0,89.0,Before We Go,6.5,490.0,2014,,,,Unknown,,,2010,9,Fall,False
,80015,fr,4.511758,2011-12-07,,107.0,Hollywoo,5.4,183.0,2011,,,,Unknown,,,2010,12,Winter,
8000000.0,291270,en,10.428421,2015-12-30,5659286.0,90.0,Anomalisa,6.9,472.0,2015,,,,Unknown,-2340714.0,False,2010,12,Winter,False
14000000.0,318781,en,10.156891,2016-02-18,3621046.0,120.0,Colonia,7.4,566.0,2016,,,,Unknown,-10378954.0,False,2010,2,Winter,False
,298614,fr,5.756279,2014-12-31,,79.0,Do Not Disturb,5.3,113.0,2014,,,,Unknown,,,2010,12,Winter,
,253344,en,8.410855,2015-07-16,,99.0,Some Kind of Beautiful,5.5,171.0,2015,,,,Unknown,,,2010,7,Summer,
13000000.0,157544,en,5.149301,2015-07-24,1784763.0,91.0,The Vatican Tapes,4.6,248.0,2015,,,,Unknown,-11215237.0,False,2010,7,Summer,False
35000000.0,257211,en,15.651705,2015-09-24,194564672.0,121.0,The Intern,7.1,1926.0,2015,,,,Unknown,159564672.0,True,2010,9,Fall,False
,338676,en,6.171657,2015-08-07,,110.0,Extinction,5.5,207.0,2015,,,,Unknown,,,2010,8,Summer,
,277217,en,12.603719,2015-07-31,,112.0,Descendants,6.7,505.0,2015,,,,Unknown,,,2010,7,Summer,
3000000.0,292431,en,2.328321,2015-07-06,249083.0,134.0,Love,5.2,449.0,2015,,,,Unknown,-2750917.0,False,2010,7,Summer,False
6000000.0,264644,en,12.443291,2015-10-16,35401758.0,117.0,Room,8.1,2838.0,2015,,,,Unknown,29401758.0,True,2010,10,Fall,False
,15657,en,6.668987,2005-06-13,,72.0,Tarzan II,6.0,231.0,2005,,,,Unknown,,,2000,6,Summer,
5000000.0,328425,en,8.585856,2015-07-30,58978653.0,108.0,The Gift,6.7,1077.0,2015,,,,Unknown,53978653.0,True,2010,7,Summer,False
3500000.0,310131,en,11.840138,2016-02-19,40423945.0,92.0,The Witch,6.3,1471.0,2016,,,,Unknown,36923945.0,True,2010,2,Winter,False
,351964,en,6.791697,2015-06-15,,88.0,The Escort,6.0,117.0,2015,,,,Unknown,,,2010,6,Summer,
,278604,en,8.266563,2009-10-17,,44.0,"Family Guy Presents: Something, Something, Something, Dark Side",7.2,110.0,2009,,,,Unknown,,,2000,10,Fall,
5000000.0,298312,en,15.021058,2015-09-10,98450062.0,94.0,The Visit,6.0,1405.0,2015,,,,Unknown,93450062.0,True,2010,9,Fall,False
19500000.0,290751,en,6.79115,2015-10-14,34854990.0,111.0,Secret in Their Eyes,6.2,341.0,2015,,,,Unknown,15354990.0,True,2010,10,Fall,False
10000000.0,283445,en,17.602928,2015-08-19,52882018.0,97.0,Sinister 2,5.5,605.0,2015,,,,Unknown,42882018.0,True,2010,8,Summer,False
28000000.0,261392,en,9.534828,2015-08-19,27139524.0,96.0,American Ultra,6.0,1099.0,2015,,,,Unknown,-860476.0,False,2010,8,Summer,False
5000000.0,192141,en,14.13262,2015-08-26,54418872.0,103.0,No Escape,6.7,798.0,2015,,,,Unknown,49418872.0,True,2010,8,Summer,False
28000000.0,277216,en,21.183077,2015-08-13,201634991.0,147.0,Straight Outta Compton,7.7,1381.0,2015,,,,Unknown,173634991.0,True,2010,8,Summer,False
,310133,en,11.070889,2015-08-07,134552.0,86.0,Cop Car,5.8,301.0,2015,,,,Unknown,,,2010,8,Summer,False
,40205,en,4.869925,2010-06-25,,90.0,16 Wishes,5.5,283.0,2010,,,,Unknown,,,2010,6,Summer,
,253687,fr,3.973512,2014-04-02,,90.0,Smart Ass,6.3,109.0,2014,,,,Unknown,,,2010,4,Spring,
,295830,ja,8.118506,2015-08-12,,90.0,Attack on Titan,5.3,183.0,2015,,,,Unknown,,,2010,8,Summer,
100000.0,308084,en,4.832631,2015-07-10,702354.0,87.0,Tangerine,6.9,166.0,2015,,,,Unknown,602354.0,True,2010,7,Summer,False
,284674,en,9.698415,2015-08-14,,94.0,Air,4.8,217.0,2015,,,,Unknown,,,2010,8,Summer,
,319340,fr,10.415724,2015-01-28,,98.0,I Kissed a Girl,5.9,108.0,2015,,,,Unknown,,,2010,1,Winter,
,298729,it,4.265142,2014-11-20,,106.0,Do You See Me?,6.1,126.0,2014,,,,Unknown,,,2010,11,Fall,
60000000.0,274479,en,12.975936,2015-12-24,101134059.0,124.0,Joy,6.4,1619.0,2015,,,,Unknown,41134059.0,True,2010,12,Winter,False
40000000.0,228066,en,9.447808,2015-11-10,34227298.0,109.0,Victor Frankenstein,5.6,697.0,2015,,,,Unknown,-5772702.0,False,2010,11,Fall,False
7000000.0,354556,ru,10.830129,2017-02-14,,100.0,Guardians,4.4,128.0,2017,,,,Unknown,,,2010,2,Winter,
70200000.0,42949,en,11.371222,2010-08-22,,101.0,Arthur 3: The War of the Two Worlds,5.4,371.0,2010,,,,Unknown,,,2010,8,Summer,
,318922,en,5.846711,2015-11-06,,100.0,Kill Your Friends,5.9,121.0,2015,,,,Unknown,,,2010,11,Fall,
16000000.0,301875,en,19.803969,2015-07-15,2084628.0,101.0,Equals,5.9,386.0,2015,,,,Unknown,-13915372.0,False,2010,7,Summer,False
15000000.0,273477,en,20.683405,2015-10-23,14860766.0,93.0,Scouts Guide to the Zombie Apocalypse,6.2,526.0,2015,,,,Unknown,-139234.0,False,2010,10,Fall,False
14000000.0,245168,en,8.093442,2015-10-16,16002420.0,106.0,Suffragette,7.1,440.0,2015,,,,Unknown,2002420.0,True,2010,10,Fall,False
,12448,en,7.758492,2002-02-05,,68.0,The Hunchback of Notre Dame II,5.1,156.0,2002,,,,Unknown,,,2000,2,Winter,
,310135,en,16.304654,2015-08-14,,95.0,Turbo Kid,6.8,231.0,2015,,,,Unknown,,,2010,8,Summer,
6000000.0,301351,en,9.023686,2015-08-26,11122090.0,96.0,We Are Your Friends,6.3,673.0,2015,,,,Unknown,5122090.0,True,2010,8,Summer,False
,16366,en,7.18782,2000-11-07,,74.0,Joseph: King of Dreams,6.4,167.0,2000,,,,Unknown,,,2000,11,Fall,
25000000.0,276907,en,11.187833,2015-09-09,42972994.0,131.0,Legend,6.7,994.0,2015,,,,Unknown,17972994.0,True,2010,9,Fall,False
,306943,en,10.591249,2017-04-14,,95.0,The Outcasts,7.1,141.0,2017,,,,Unknown,,,2010,4,Spring,
,323373,en,7.391953,2015-08-28,,86.0,Deathgasm,6.4,172.0,2015,,,,Unknown,,,2010,8,Summer,
15000000.0,306819,en,11.245661,2015-11-27,64191523.0,120.0,The Danish Girl,7.4,1689.0,2015,,,,Unknown,49191523.0,True,2010,11,Fall,False
5000000.0,57876,en,6.055594,2015-05-15,,91.0,Area 51,4.3,157.0,2015,,,,Unknown,,,2010,5,Spring,
,241843,en,7.350821,2014-10-10,581011.0,88.0,Cooties,5.4,216.0,2014,,,,Unknown,,,2010,10,Fall,False
,324308,en,5.019486,2015-08-07,494506.0,129.0,Steve Jobs: The Man in the Machine,6.4,134.0,2015,,,,Unknown,,,2010,8,Summer,False
5000000.0,313922,en,8.4702,2016-04-15,3220371.0,95.0,Green Room,6.7,696.0,2016,,,,Unknown,-1779629.0,False,2010,4,Spring,False
6000000.0,283587,en,11.732546,2015-09-11,9077700.0,137.0,Beasts of No Nation,7.6,476.0,2015,,,,Unknown,3077700.0,True,2010,9,Fall,False
6000000.0,328589,en,5.799373,2015-11-13,41387687.0,104.0,The Lady in the Van,6.0,225.0,2015,,,,Unknown,35387687.0,True,2010,11,Fall,False
,323674,en,4.075159,2015-08-18,,84.0,6 Years,5.5,306.0,2015,,,,Unknown,,,2010,8,Summer,
25000000.0,287948,en,11.007319,2015-09-03,72629670.0,96.0,The Transporter Refueled,5.3,573.0,2015,,,,Unknown,47629670.0,True,2010,9,Fall,False
,342474,en,4.886524,2015-07-31,,94.0,Jenny's Wedding,5.3,145.0,2015,,,,Unknown,,,2010,7,Summer,
,310137,en,4.393241,2015-06-26,,80.0,Bound to Vengeance,5.6,110.0,2015,,,,Unknown,,,2010,6,Summer,
2500000.0,263472,en,11.898793,2015-06-26,6341684.0,99.0,Knock Knock,4.9,880.0,2015,,,,Unknown,3841684.0,True,2010,6,Summer,False
12000000.0,300153,en,11.256619,2015-07-24,,112.0,Life,5.9,128.0,2015,,,,Unknown,,,2010,7,Summer,
,319341,fr,8.307255,2015-02-04,,85.0,Daddy or Mommy,6.1,397.0,2015,,,,Unknown,,,2010,2,Winter,
10000000.0,303991,en,6.925667,2016-04-06,1978592.0,101.0,Demolition,6.6,661.0,2016,,,,Unknown,-8021408.0,False,2010,4,Spring,False
28000000.0,10317,en,12.158176,2015-09-11,7002261.0,108.0,Our Brand Is Crisis,5.8,196.0,2015,,,,Unknown,-20997739.0,False,2010,9,Fall,False
15000000.0,253450,zh,6.294815,2015-08-27,632542.0,105.0,The Assassin,6.6,158.0,2015,,,,Unknown,-14367458.0,False,2010,8,Summer,False
,254302,en,18.947206,2015-11-22,346472.0,119.0,High-Rise,5.3,355.0,2015,,,,Unknown,,,2010,11,Fall,False
25000000.0,296100,en,10.516094,2015-11-20,52395996.0,101.0,The Night Before,6.1,548.0,2015,,,,Unknown,27395996.0,True,2010,11,Fall,False
,334538,en,7.54965,2016-06-03,,101.0,Into the Forest,5.6,165.0,2016,,,,Unknown,,,2010,6,Summer,
,322125,fr,7.500331,2015-03-18,,103.0,A Perfect Man,7.0,141.0,2015,,,,Unknown,,,2010,3,Spring,
55000000.0,253412,en,10.758754,2015-09-10,203427584.0,121.0,Everest,6.7,1805.0,2015,,,,Unknown,148427584.0,True,2010,9,Fall,False
8555500.0,330764,fr,6.488451,2015-09-02,,105.0,The Brand New Testament,6.4,435.0,2015,,,,Unknown,,,2010,9,Fall,
20000000.0,314365,en,14.63239,2015-11-06,88346473.0,128.0,Spotlight,7.8,2751.0,2015,,,,Unknown,68346473.0,True,2010,11,Fall,False
1000000.0,336050,hu,6.403937,2015-06-11,1777043.0,107.0,Son of Saul,7.1,285.0,2015,,,,Unknown,777043.0,True,2010,6,Summer,False
,333674,en,5.428567,2016-01-15,,90.0,Intruders,5.7,153.0,2016,,,,Unknown,,,2010,1,Winter,
19000000.0,245698,en,7.399209,2015-09-16,5578519.0,115.0,Pawn Sacrifice,6.7,272.0,2015,,,,Unknown,-13421481.0,False,2010,9,Fall,False
10000000.0,325348,en,14.544852,2015-09-12,14333790.0,97.0,Hardcore Henry,6.2,780.0,2015,,,,Unknown,4333790.0,True,2010,9,Fall,False
20000000.0,295964,en,8.066726,2015-10-02,36606743.0,100.0,Burnt,6.3,974.0,2015,,,,Unknown,16606743.0,True,2010,10,Fall,False
,353686,en,5.4314,2015-08-28,,80.0,Visions,5.2,130.0,2015,,,,Unknown,,,2010,8,Summer,
,296065,en,5.347371,2014-10-25,,88.0,Last Shift,5.7,156.0,2014,,,,Unknown,,,2010,10,Fall,
,329263,de,9.221178,2015-09-10,83027924.0,115.0,Fuck You Goethe 2,6.6,286.0,2015,,,,Unknown,,,2010,9,Fall,False
,290637,en,7.935683,2015-09-16,2160298.0,94.0,Pay the Ghost,5.1,204.0,2015,,,,Unknown,,,2010,9,Fall,False
,271736,en,5.607543,2015-09-16,3286448.0,103.0,The Program,6.1,176.0,2015,,,,Unknown,,,2010,9,Fall,False
,311539,en,6.848664,2015-07-20,,99.0,A Christmas Horror Story,5.5,100.0,2015,,,,Unknown,,,2010,7,Summer,
,457,de,11.02505,1955-12-22,,102.0,Sissi,7.3,109.0,1955,,,,Unknown,,,1950,12,Winter,
80000000.0,159824,en,11.760218,2015-09-21,473226958.0,89.0,Hotel Transylvania 2,6.7,1528.0,2015,,,,Unknown,393226958.0,True,2010,9,Fall,True
,360784,en,8.644392,2015-09-15,,83.0,Hidden,6.5,189.0,2015,,,,Unknown,,,2010,9,Fall,
7000000.0,306745,en,4.955317,2015-10-02,573335.0,103.0,Freeheld,7.1,168.0,2015,,,,Unknown,-6426665.0,False,2010,10,Fall,False
10000000.0,314385,en,12.61223,2015-11-12,3727746.0,122.0,By the Sea,5.4,159.0,2015,,,,Unknown,-6272254.0,False,2010,11,Fall,False
64000000.0,309809,en,11.376954,2015-07-29,97571250.0,92.0,The Little Prince,7.6,771.0,2015,,,,Unknown,33571250.0,True,2010,7,Summer,False
,330112,en,5.159349,2015-04-19,4631.0,102.0,Ashby,6.2,191.0,2015,,,,Unknown,,,2010,4,Spring,False
,314402,fr,5.752416,2015-08-26,248392.0,115.0,Dheepan,6.8,135.0,2015,,,,Unknown,,,2010,8,Summer,False
,361931,en,6.339693,2015-11-09,,92.0,Ronaldo,6.4,119.0,2015,,,,Unknown,,,2010,11,Fall,
149000000.0,297762,en,294.337037,2017-05-30,820580447.0,141.0,Wonder Woman,7.2,5025.0,2017,,,,Unknown,671580447.0,True,2010,5,Spring,True
18000000.0,339988,en,88.439243,2017-04-27,20497844.0,110.0,The Circle,5.4,1015.0,2017,,,,Unknown,2497844.0,True,2010,4,Spring,False
46000000.0,68730,en,14.16938,2016-12-22,23737523.0,161.0,Silence,7.0,754.0,2016,,,,Unknown,-22262477.0,False,2010,12,Winter,False
,352161,es,7.78904,2015-08-13,20381995.0,110.0,The Clan,6.4,120.0,2015,,,,Unknown,,,2010,8,Summer,False
40000000.0,296098,en,13.707888,2015-10-15,165478348.0,141.0,Bridge of Spies,7.2,2633.0,2015,,,,Unknown,125478348.0,True,2010,10,Fall,False
,324807,en,12.945544,2015-11-26,1982505.0,120.0,A Bigger Splash,6.0,158.0,2015,,,,Unknown,,,2010,11,Fall,False
,352208,en,5.251621,2015-12-23,,120.0,Where to Invade Next,7.3,153.0,2015,,,,Unknown,,,2010,12,Winter,
,306947,en,9.248388,2015-08-05,231737.0,100.0,The Invitation,6.4,486.0,2015,,,,Unknown,,,2010,8,Summer,False
,315872,it,8.120076,2015-04-16,,106.0,Mia Madre,6.3,109.0,2015,,,,Unknown,,,2010,4,Spring,
22000000.0,270487,en,11.241366,2016-02-05,63647656.0,106.0,"Hail, Caesar!",5.7,1338.0,2016,,,,Unknown,41647656.0,True,2010,2,Winter,False
,39285,en,5.794289,2010-07-20,,83.0,Beauty & the Briefcase,5.2,148.0,2010,,,,Unknown,,,2010,7,Summer,
3196621.0,318917,de,6.704659,2015-10-08,25513752.0,116.0,Look Who's Back,6.8,462.0,2015,,,,Unknown,22317131.0,True,2010,10,Fall,False
,325848,fr,4.476741,2015-04-29,,80.0,"Connasse, Princesse des cœurs",5.9,215.0,2015,,,,Unknown,,,2010,4,Spring,
5000000.0,329819,fr,4.206655,2015-05-13,26144.0,119.0,Standing Tall,7.3,149.0,2015,,,,Unknown,-4973856.0,False,2010,5,Spring,False
,50479,en,4.96893,2010-11-12,,60.0,Avalon High,5.8,146.0,2010,,,,Unknown,,,2010,11,Fall,
,335866,en,6.735649,2015-10-02,,87.0,Circle,6.0,342.0,2015,,,,Unknown,,,2010,10,Fall,
58000000.0,257445,en,12.365292,2015-08-05,158162788.0,103.0,Goosebumps,6.2,1022.0,2015,,,,Unknown,100162788.0,True,2010,8,Summer,False
190000.0,330127,en,4.8954,2015-10-20,,95.0,Back in Time,6.1,116.0,2015,,,,Unknown,,,2010,10,Fall,
,329712,fr,4.778045,2015-03-16,106498.0,93.0,The Measure of a Man,6.2,107.0,2015,,,,Unknown,,,2010,3,Spring,False
,290762,en,7.634145,2015-09-12,,112.0,Miss You Already,7.3,232.0,2015,,,,Unknown,,,2010,9,Fall,
12000000.0,304372,en,7.607052,2015-09-11,60273173.0,100.0,The Perfect Guy,5.6,162.0,2015,,,,Unknown,48273173.0,True,2010,9,Fall,False
15000000.0,253414,en,10.394389,2015-10-22,3020664.0,100.0,Rock the Kasbah,5.2,102.0,2015,,,,Unknown,-11979336.0,False,2010,10,Fall,False
,218784,en,8.515073,2015-10-30,70958.0,92.0,Freaks of Nature,5.7,146.0,2015,,,,Unknown,,,2010,10,Fall,False
20000000.0,346808,en,7.895442,2015-08-01,133332.0,96.0,Momentum,5.9,168.0,2015,,,,Unknown,-19866668.0,False,2010,8,Summer,False
,306964,en,5.784778,2015-10-16,,90.0,Tales of Halloween,5.4,115.0,2015,,,,Unknown,,,2010,10,Fall,
1800000.0,294963,en,10.480166,2015-10-23,,132.0,Bone Tomahawk,6.6,511.0,2015,,,,Unknown,,,2010,10,Fall,
10000000.0,146301,en,9.185701,2015-10-21,78096553.0,88.0,Paranormal Activity: The Ghost Dimension,5.0,435.0,2015,,,,Unknown,68096553.0,True,2010,10,Fall,False
5000000.0,266639,en,5.394112,2015-10-22,2333684.0,119.0,Jem and the Holograms,5.4,132.0,2015,,,,Unknown,-2666316.0,False,2010,10,Fall,False
25000000.0,293646,en,8.383246,2015-08-06,24902723.0,120.0,The 33,6.0,386.0,2015,,,,Unknown,-97277.0,False,2010,8,Summer,False
7000000.0,356296,it,9.391527,2015-10-14,,130.0,Suburra,7.4,296.0,2015,,,,Unknown,,,2010,10,Fall,
,301846,en,6.844863,2015-10-01,,89.0,Howl,5.0,133.0,2015,,,,Unknown,,,2010,10,Fall,
2240000.0,254172,en,6.758038,2015-10-01,,116.0,Fathers and Daughters,7.2,262.0,2015,,,,Unknown,,,2010,10,Fall,
11930000.0,298382,en,7.95686,2015-10-01,18340000.0,118.0,The Dressmaker,6.9,419.0,2015,,,,Unknown,6410000.0,True,2010,10,Fall,False
,254201,da,12.635996,2014-10-02,,119.0,The Absent One,7.0,153.0,2014,,,,Unknown,,,2010,10,Fall,
15000000.0,294016,en,7.358726,2015-10-27,8235661.0,124.0,Trumbo,7.3,507.0,2015,,,,Unknown,-6764339.0,False,2010,10,Fall,False
,352157,fr,4.391441,2015-09-16,497323.0,127.0,Marguerite,6.4,100.0,2015,,,,Unknown,,,2010,9,Fall,False
,74945,fr,8.028926,2011-09-20,,100.0,War of the Buttons,5.8,119.0,2011,,,,Unknown,,,2010,9,Fall,
,310126,it,4.213349,2014-12-11,,95.0,"Il ricco, il povero e il maggiordomo",5.6,178.0,2014,,,,Unknown,,,2010,12,Winter,
35000000.0,321741,en,7.739783,2015-11-12,50363790.0,123.0,Concussion,7.0,844.0,2015,,,,Unknown,15363790.0,True,2010,11,Fall,False
99000000.0,227973,en,12.338346,2015-11-05,246233113.0,88.0,The Peanuts Movie,6.5,608.0,2015,,,,Unknown,147233113.0,True,2010,11,Fall,False
,325690,it,4.206606,2015-02-19,,115.0,The Legendary Giulia and Other Miracles,7.1,116.0,2015,,,,Unknown,,,2010,2,Winter,
,312831,en,8.613908,2015-11-06,,97.0,The Hallow,5.2,209.0,2015,,,,Unknown,,,2010,11,Fall,
,315465,ja,6.900285,2015-07-11,490643.0,119.0,The Boy and the Beast,7.9,304.0,2015,,,,Unknown,,,2010,7,Summer,False
,306952,en,6.347034,2015-09-18,,89.0,Naomi and Ely's No Kiss List,5.9,272.0,2015,,,,Unknown,,,2010,9,Fall,
,364137,fr,6.811994,2015-11-04,,95.0,All Three of Us,7.8,139.0,2015,,,,Unknown,,,2010,11,Fall,
37000000.0,312221,en,33.449723,2015-11-25,173567581.0,133.0,Creed,7.3,1963.0,2015,,,,Unknown,136567581.0,True,2010,11,Fall,False
,4727,fr,6.479033,1964-09-08,,89.0,The Gendarme of St. Tropez,6.8,132.0,1964,,,,Unknown,,,1960,9,Fall,
,339527,en,12.642675,2015-09-03,22586863.0,101.0,Solace,6.2,740.0,2015,,,,Unknown,,,2010,9,Fall,False
8900000.0,336004,en,8.476315,2015-11-13,4100000.0,93.0,Heist,5.6,322.0,2015,,,,Unknown,-4800000.0,False,2010,11,Fall,False
,332502,en,6.133899,2015-10-29,,91.0,400 Days,4.2,193.0,2015,,,,Unknown,,,2010,10,Fall,
17000000.0,333348,en,5.660649,2015-11-12,42426912.0,107.0,Love the Coopers,5.4,169.0,2015,,,,Unknown,25426912.0,True,2010,11,Fall,False
,19100,en,6.414934,2006-06-28,,103.0,Those Happy Days,7.4,225.0,2006,,,,Unknown,,,2000,6,Summer,
,169020,fr,5.081131,2013-02-19,,95.0,Vive la France,4.9,124.0,2013,,,,Unknown,,,2010,2,Winter,
,321751,en,9.786662,2015-08-28,1702433.0,106.0,A Perfect Day,6.6,194.0,2015,,,,Unknown,,,2010,8,Summer,False
7000000.0,334527,en,12.579261,2015-11-20,,94.0,Criminal Activities,5.8,111.0,2015,,,,Unknown,,,2010,11,Fall,
105000000.0,257088,en,7.291872,2015-12-03,133718711.0,114.0,Point Break,5.5,795.0,2015,,,,Unknown,28718711.0,True,2010,12,Winter,False
,348060,fr,5.748885,2015-08-19,,92.0,Antigang,5.8,105.0,2015,,,,Unknown,,,2010,8,Summer,
38000000.0,299687,en,10.788263,2016-01-14,109906372.0,112.0,The 5th Wave,5.6,1993.0,2016,,,,Unknown,71906372.0,True,2010,1,Winter,False
,364067,en,6.007801,2015-12-04,,56.0,A Very Murray Christmas,5.2,149.0,2015,,,,Unknown,,,2010,12,Winter,
,341744,es,4.778359,2015-10-30,9027600.0,108.0,Truman,7.0,101.0,2015,,,,Unknown,,,2010,10,Fall,False
5904067.0,336882,no,6.982302,2015-08-28,12975143.0,104.0,The Wave,6.5,317.0,2015,,,,Unknown,7071076.0,True,2010,8,Summer,False
,331836,fr,5.901413,2015-12-02,,93.0,Babysitting 2,6.6,368.0,2015,,,,Unknown,,,2010,12,Winter,
9600000.0,300693,en,6.133745,2015-09-12,2541554.0,121.0,Truth,6.5,165.0,2015,,,,Unknown,-7058446.0,False,2010,9,Fall,False
28000000.0,318846,en,13.143061,2015-12-11,133346506.0,130.0,The Big Short,7.3,2679.0,2015,,,,Unknown,105346506.0,True,2010,12,Winter,False
60000000.0,347969,en,6.287086,2015-12-11,,119.0,The Ridiculous 6,4.9,397.0,2015,,,,Unknown,,,2010,12,Winter,
,26736,en,5.206696,2009-08-28,,94.0,Wizards of Waverly Place: The Movie,6.0,323.0,2009,,,,Unknown,,,2000,8,Summer,
,326425,en,8.075504,2015-12-18,16775.0,83.0,Extraction,4.3,102.0,2015,,,,Unknown,,,2010,12,Winter,False
50000000.0,329833,en,10.155109,2016-02-06,55969000.0,100.0,Zoolander 2,4.7,814.0,2016,,,,Unknown,5969000.0,True,2010,2,Winter,False
38000000.0,259694,en,8.898988,2016-01-21,112343513.0,110.0,How to Be Single,5.9,1225.0,2016,,,,Unknown,74343513.0,True,2010,1,Winter,False
,279690,en,6.78295,2015-03-17,,99.0,He Never Died,6.3,144.0,2015,,,,Unknown,,,2010,3,Spring,
20000000.0,351819,en,6.785049,2016-01-28,21164799.0,92.0,Fifty Shades of Black,4.3,337.0,2016,,,,Unknown,1164799.0,True,2010,1,Winter,False
22500000.0,340666,en,18.908782,2016-11-04,29252978.0,116.0,Nocturnal Animals,7.2,1990.0,2016,,,,Unknown,6752978.0,True,2010,11,Fall,False
50000000.0,274167,en,8.009226,2015-12-25,242786137.0,96.0,Daddy's Home,5.8,870.0,2015,,,,Unknown,192786137.0,True,2010,12,Winter,False
30000000.0,266294,en,13.799419,2015-12-18,105011053.0,118.0,Sisters,5.8,593.0,2015,,,,Unknown,75011053.0,True,2010,12,Winter,False
145000000.0,140300,en,14.696548,2016-01-23,521170825.0,95.0,Kung Fu Panda 3,6.7,1630.0,2016,,,,Unknown,376170825.0,True,2010,1,Winter,True
,315319,it,4.833239,2015-01-02,,110.0,We Accept Miracles,5.6,128.0,2015,,,,Unknown,,,2010,1,Winter,
,347201,ja,7.245984,2015-08-07,,100.0,Boruto: Naruto the Movie,7.7,162.0,2015,,,,Unknown,,,2010,8,Summer,
,317442,ja,5.294086,2014-12-06,,114.0,The Last: Naruto the Movie,7.3,154.0,2014,,,,Unknown,,,2010,12,Winter,
28000000.0,58431,en,7.954623,2016-02-04,16374328.0,108.0,Pride and Prejudice and Zombies,5.5,662.0,2016,,,,Unknown,-11625672.0,False,2010,2,Winter,False
10000000.0,374416,it,5.18624,2016-01-01,,86.0,Quo vado?,6.8,460.0,2016,,,,Unknown,,,2010,1,Winter,
,354216,en,9.968649,2017-03-17,,90.0,The Devil's Candy,6.4,114.0,2017,,,,Unknown,,,2010,3,Spring,
25000000.0,174751,en,8.826071,2016-01-01,1397284.0,98.0,Jane Got a Gun,5.4,293.0,2016,,,,Unknown,-23602716.0,False,2010,1,Winter,False
10000000.0,329440,en,7.384688,2016-01-07,40055439.0,95.0,The Forest,4.8,478.0,2016,,,,Unknown,30055439.0,True,2010,1,Winter,False
10000000.0,315880,en,5.004038,2016-01-14,,116.0,The Correspondence,6.1,103.0,2016,,,,Unknown,,,2010,1,Winter,
4000000.0,351145,es,6.292114,2015-09-25,,100.0,Retribution,6.8,111.0,2015,,,,Unknown,,,2010,9,Fall,
,348678,sv,10.422013,2015-12-25,3371692.0,116.0,A Man Called Ove,7.5,198.0,2015,,,,Unknown,,,2010,12,Winter,False
,334878,fr,4.848466,2015-05-06,,90.0,Blind Date,6.3,147.0,2015,,,,Unknown,,,2010,5,Spring,
18000000.0,276905,en,7.008103,2016-01-14,17062499.0,86.0,Norm of the North,4.1,124.0,2016,,,,Unknown,-937501.0,False,2010,1,Winter,False
40000000.0,323675,en,9.420931,2016-01-14,124827316.0,102.0,Ride Along 2,6.1,567.0,2016,,,,Unknown,84827316.0,True,2010,1,Winter,False
,312669,en,6.068689,2016-04-27,3351735.0,98.0,Maggie's Plan,5.7,129.0,2016,,,,Unknown,,,2010,4,Spring,False
3500000.0,366924,en,7.714405,2016-03-22,,72.0,Batman: Bad Blood,6.8,186.0,2016,,,,Unknown,,,2010,3,Spring,
23000000.0,319888,en,7.528276,2016-02-26,46152411.0,106.0,Eddie the Eagle,7.2,682.0,2016,,,,Unknown,23152411.0,True,2010,2,Winter,False
,331962,en,6.402939,2016-01-22,1787926.0,102.0,Exposed,4.5,141.0,2016,,,,Unknown,,,2010,1,Winter,False
,329805,fr,5.88082,2015-10-21,282000.0,130.0,My King,7.1,207.0,2015,,,,Unknown,,,2010,10,Fall,False
10000000.0,321258,en,17.028854,2016-01-22,64188367.0,97.0,The Boy,5.8,1133.0,2016,,,,Unknown,54188367.0,True,2010,1,Winter,False
,339547,en,7.410228,2016-01-22,,87.0,Jeruzalem,4.4,126.0,2016,,,,Unknown,,,2010,1,Winter,
2480421.0,279096,en,5.121756,2016-01-27,,102.0,Lazer Team,5.7,103.0,2016,,,,Unknown,,,2010,1,Winter,
20000000.0,335778,en,8.759801,2016-02-19,46069568.0,107.0,Risen,5.7,300.0,2016,,,,Unknown,26069568.0,True,2010,2,Winter,False
,364116,en,7.016801,2016-02-25,14332467.0,96.0,The Other Side of the Door,5.2,279.0,2016,,,,Unknown,,,2010,2,Winter,False
11500000.0,291870,en,16.290586,2016-01-21,94073028.0,102.0,Dirty Grandpa,5.7,1429.0,2016,,,,Unknown,82573028.0,True,2010,1,Winter,False
,335051,it,3.599743,2015-04-09,,87.0,God Willing,6.5,118.0,2015,,,,Unknown,,,2010,4,Spring,
80000000.0,300673,en,10.385757,2016-01-25,52099090.0,114.0,The Finest Hours,6.3,597.0,2016,,,,Unknown,-27900910.0,False,2010,1,Winter,False
8500000.0,339408,en,5.933047,2016-09-09,15861566.0,120.0,The Birth of a Nation,6.4,181.0,2016,,,,Unknown,7361566.0,True,2010,9,Fall,False
,337960,en,4.766482,2015-08-27,,128.0,Holding the Man,7.8,111.0,2015,,,,Unknown,,,2010,8,Summer,
20000000.0,296096,en,34.34759,2016-06-02,207945075.0,110.0,Me Before You,7.6,2674.0,2016,,,,Unknown,187945075.0,True,2010,6,Summer,False
,348089,en,4.456394,2016-01-31,,180.0,Grease Live,7.4,112.0,2016,,,,Unknown,,,2010,1,Winter,
20000000.0,263341,en,8.796536,2016-02-18,,103.0,"Crouching Tiger, Hidden Dragon: Sword of Destiny",6.0,174.0,2016,,,,Unknown,,,2010,2,Winter,
20000000.0,146198,en,12.892504,2016-02-19,12639297.0,115.0,Triple 9,5.6,812.0,2016,,,,Unknown,-7360703.0,False,2010,2,Winter,False
140000000.0,205584,en,13.337707,2016-02-25,150680864.0,127.0,Gods of Egypt,5.2,1303.0,2016,,,,Unknown,10680864.0,True,2010,2,Winter,False
1400000.0,336808,es,5.061041,2015-05-25,1320005.0,125.0,Embrace of the Serpent,7.8,129.0,2015,,,,Unknown,-79995.0,False,2010,5,Spring,False
5000000.0,323677,en,7.979302,2016-02-19,24804129.0,134.0,Race,7.0,492.0,2016,,,,Unknown,19804129.0,True,2010,2,Winter,False
15000000.0,333371,en,14.421528,2016-03-10,108286421.0,103.0,10 Cloverfield Lane,6.8,2537.0,2016,,,,Unknown,93286421.0,True,2010,3,Spring,False
60000000.0,267860,en,15.037993,2016-03-02,205754447.0,99.0,London Has Fallen,5.8,1656.0,2016,,,,Unknown,145754447.0,True,2010,3,Spring,False
150000000.0,269149,en,26.024868,2016-02-11,1023784195.0,108.0,Zootopia,7.7,4961.0,2016,,,,Unknown,873784195.0,True,2010,2,Winter,True
35000000.0,279641,en,8.155604,2016-03-04,23083334.0,112.0,Whiskey Tango Foxtrot,6.0,356.0,2016,,,,Unknown,-11916666.0,False,2010,3,Spring,False
,258363,en,6.073841,2015-04-12,,99.0,Desierto,5.7,107.0,2015,,,,Unknown,,,2010,4,Spring,
35000000.0,267193,en,13.912531,2016-02-24,25182929.0,83.0,Grimsby,5.7,794.0,2016,,,,Unknown,-9817071.0,False,2010,2,Winter,False
11000000.0,373314,en,8.996087,2016-02-05,,106.0,Misconduct,5.3,149.0,2016,,,,Unknown,,,2010,2,Winter,
,342281,fr,6.618931,2015-08-19,,97.0,Family For Rent,5.2,115.0,2015,,,,Unknown,,,2010,8,Summer,
,341392,fr,6.117335,2015-09-03,24134.0,99.0,Lolo,5.3,101.0,2015,,,,Unknown,,,2010,9,Fall,False
,354251,en,5.596267,2015-09-17,,89.0,Southbound,6.1,146.0,2015,,,,Unknown,,,2010,9,Fall,
,298584,en,4.931373,2016-02-12,,99.0,Cabin Fever,4.4,113.0,2016,,,,Unknown,,,2010,2,Winter,
36000000.0,365222,cn,8.970494,2015-12-19,156844753.0,105.0,Ip Man 3,6.5,384.0,2015,,,,Unknown,120844753.0,True,2010,12,Winter,False
12000000.0,182219,fr,0.240446,2013-04-17,,88.0,Serial Teachers,5.4,367.0,2013,,,,Unknown,,,2010,4,Spring,
4000000.0,257087,en,10.087243,2016-04-21,,93.0,The Veil,4.4,123.0,2016,,,,Unknown,,,2010,4,Spring,
,371645,en,9.259371,2016-03-31,,101.0,Hunt for the Wilderpeople,7.8,453.0,2016,,,,Unknown,,,2010,3,Spring,
11000000.0,354110,en,12.948669,2015-09-16,,90.0,Forsaken,5.8,104.0,2015,,,,Unknown,,,2010,9,Fall,
10000000.0,274109,es,6.818031,2015-12-25,,163.0,Palm Trees in the Snow,7.3,119.0,2015,,,,Unknown,,,2010,12,Winter,
4500000.0,348537,es,4.941645,2015-11-20,,106.0,Spanish Affair 2,5.3,126.0,2015,,,,Unknown,,,2010,11,Fall,
,302528,en,10.200553,2015-10-23,1986615.0,94.0,Remember,7.4,173.0,2015,,,,Unknown,,,2010,10,Fall,False
,37265,it,4.258331,1992-02-21,,93.0,All Ladies Do It,3.8,159.0,1992,,,,Unknown,,,1990,2,Winter,
,329010,en,5.543789,2016-03-04,,82.0,Emelie,5.4,194.0,2016,,,,Unknown,,,2010,3,Spring,
7000000.0,301365,en,13.410522,2016-06-08,1333124.0,117.0,The Neon Demon,6.4,926.0,2016,,,,Unknown,-5666876.0,False,2010,6,Summer,False
1900000.0,364433,it,10.649494,2015-05-12,,112.0,They Call Me Jeeg Robot,7.5,575.0,2015,,,,Unknown,,,2010,5,Spring,
,301348,en,5.966121,2016-04-22,1055287.0,87.0,Elvis & Nixon,6.0,146.0,2016,,,,Unknown,,,2010,4,Spring,False
13000000.0,333352,en,10.564701,2015-09-11,18704595.0,102.0,Eye in the Sky,7.2,532.0,2015,,,,Unknown,5704595.0,True,2010,9,Fall,False
1000000.0,320588,en,14.992311,2015-11-27,14444999.0,95.0,"Hello, My Name Is Doris",6.5,156.0,2015,,,,Unknown,13444999.0,True,2010,11,Fall,False
8000000.0,333385,en,7.317816,2016-02-29,34694.0,95.0,Mr. Right,6.3,395.0,2016,,,,Unknown,-7965306.0,False,2010,2,Winter,False
,332704,en,6.727871,2015-07-25,,90.0,Backtrack,5.7,131.0,2015,,,,Unknown,,,2010,7,Summer,
500000.0,320048,en,5.78016,2015-01-24,,80.0,Ratter,5.1,102.0,2015,,,,Unknown,,,2010,1,Winter,
16000000.0,339984,en,7.528099,2016-03-17,73883359.0,117.0,Miracles from Heaven,6.8,191.0,2016,,,,Unknown,57883359.0,True,2010,3,Spring,False
,375012,en,5.841,2016-10-07,,84.0,Under the Shadow,6.7,153.0,2016,,,,Unknown,,,2010,10,Fall,
29000000.0,315664,en,10.829116,2016-05-06,48902953.0,110.0,Florence Foster Jenkins,6.7,409.0,2016,,,,Unknown,19902953.0,True,2010,5,Spring,False
18000000.0,302688,en,6.344961,2016-03-23,88923251.0,94.0,My Big Fat Greek Wedding 2,5.6,328.0,2016,,,,Unknown,70923251.0,True,2010,3,Spring,False
8000000.0,186759,en,5.826914,2016-03-25,,93.0,Get a Job,5.2,217.0,2016,,,,Unknown,,,2010,3,Spring,
15000000.0,342521,en,7.942084,2016-04-21,20566327.0,94.0,Keanu,6.0,434.0,2016,,,,Unknown,5566327.0,True,2010,4,Spring,False
700000.0,336011,en,6.021721,2016-09-02,200242.0,88.0,White Girl,5.5,109.0,2016,,,,Unknown,-499758.0,False,2010,9,Fall,False
5000000.0,290825,en,7.550395,2016-07-08,,88.0,Yoga Hosers,4.7,107.0,2016,,,,Unknown,,,2010,7,Summer,
,333663,en,9.215388,2016-10-07,,98.0,War on Everyone,5.8,105.0,2016,,,,Unknown,,,2010,10,Fall,
3000000.0,296360,en,12.822085,2016-05-27,14016568.0,94.0,Love & Friendship,6.4,171.0,2016,,,,Unknown,11016568.0,True,2010,5,Spring,False
,379291,en,6.504562,2016-03-29,,78.0,Justice League vs. Teen Titans,6.8,177.0,2016,,,,Unknown,,,2010,3,Spring,
,357096,en,21.505988,2015-10-09,,91.0,I Spit on Your Grave III: Vengeance is Mine,5.1,200.0,2015,,,,Unknown,,,2010,10,Fall,
10000000.0,295699,en,6.737797,2016-03-30,3400278.0,116.0,Everybody Wants Some!!,6.3,419.0,2016,,,,Unknown,-6599722.0,False,2010,3,Spring,False
4000000.0,369557,en,10.672862,2016-03-11,13624522.0,106.0,Sing Street,8.0,669.0,2016,,,,Unknown,9624522.0,True,2010,3,Spring,False
5000000.0,370755,en,10.300307,2016-11-17,2152738.0,118.0,Paterson,7.0,311.0,2016,,,,Unknown,-2847262.0,False,2010,11,Fall,False
115000000.0,290595,en,17.260203,2016-04-06,164602163.0,114.0,The Huntsman: Winter's War,6.0,1575.0,2016,,,,Unknown,49602163.0,True,2010,4,Spring,False
35000000.0,325133,en,9.914008,2016-05-04,108758521.0,91.0,Neighbors 2: Sorority Rising,5.6,1490.0,2016,,,,Unknown,73758521.0,True,2010,5,Spring,False
9000000.0,301608,en,7.55939,2016-04-29,,93.0,The Trust,4.8,159.0,2016,,,,Unknown,,,2010,4,Spring,
,376570,en,7.205636,2016-03-12,,81.0,Hush,6.9,834.0,2016,,,,Unknown,,,2010,3,Spring,
,339994,en,6.049596,2016-09-16,,98.0,The Good Neighbor,6.2,116.0,2016,,,,Unknown,,,2010,9,Fall,
5070773.0,335578,da,8.121072,2015-12-03,,100.0,Land of Mine,7.8,283.0,2015,,,,Unknown,,,2010,12,Winter,
,353326,en,8.445423,2016-04-08,11472454.0,108.0,The Man Who Knew Infinity,7.2,314.0,2016,,,,Unknown,,,2010,4,Spring,False
,375572,it,4.929165,2016-04-07,,119.0,Italian Race,7.7,187.0,2016,,,,Unknown,,,2010,4,Spring,
27000000.0,303858,en,11.953822,2016-05-12,93282604.0,98.0,Money Monster,6.5,1096.0,2016,,,,Unknown,66282604.0,True,2010,5,Spring,False
30000000.0,322240,en,10.000208,2016-08-03,57814445.0,87.0,Nine Lives,5.5,289.0,2016,,,,Unknown,27814445.0,True,2010,8,Summer,False
,356298,en,8.067119,2016-07-22,4417667.0,90.0,Don't Think Twice,6.4,161.0,2016,,,,Unknown,,,2010,7,Summer,False
20000000.0,326423,en,8.468401,2016-04-15,55030051.0,112.0,Barbershop: The Next Cut,6.2,171.0,2016,,,,Unknown,35030051.0,True,2010,4,Spring,False
10000000.0,330483,en,8.28378,2016-02-04,18730891.0,111.0,The Choice,6.7,527.0,2016,,,,Unknown,8730891.0,True,2010,2,Winter,False
,205588,en,8.569996,2016-05-05,9930095.0,108.0,Our Kind of Traitor,6.0,162.0,2016,,,,Unknown,,,2010,5,Spring,False
200000000.0,127380,en,14.477677,2016-06-16,1028570889.0,97.0,Finding Dory,6.8,4333.0,2016,,,,Unknown,828570889.0,True,2010,6,Summer,True
29000000.0,323676,en,7.533146,2016-04-07,78636257.0,91.0,The Boss,5.5,441.0,2016,,,,Unknown,49636257.0,True,2010,4,Spring,False
,381341,it,6.984664,2016-02-11,,97.0,Perfect Strangers,7.8,803.0,2016,,,,Unknown,,,2010,2,Winter,
20000000.0,333669,en,12.119295,2016-04-22,14397593.0,92.0,Bastille Day,6.0,378.0,2016,,,,Unknown,-5602407.0,False,2010,4,Spring,False
50000000.0,316152,en,10.223582,2016-06-24,25035950.0,139.0,Free State of Jones,6.6,439.0,2016,,,,Unknown,-24964050.0,False,2010,6,Summer,False
73000000.0,153518,en,11.171927,2016-05-11,349779543.0,97.0,The Angry Birds Movie,5.9,1048.0,2016,,,,Unknown,276779543.0,True,2010,5,Spring,True
,168055,fr,6.579812,2013-04-02,7636.0,96.0,Love Is in the Air,5.9,143.0,2013,,,,Unknown,,,2010,4,Spring,False
18000000.0,332411,en,6.2319,2016-04-14,,92.0,I Am Wrath,4.5,180.0,2016,,,,Unknown,,,2010,4,Spring,
,26691,fr,8.72912,2009-08-12,,90.0,Neuilly Yo Mama!,6.0,198.0,2009,,,,Unknown,,,2000,8,Summer,
25000000.0,353069,en,8.309565,2016-04-28,48418160.0,118.0,Mother's Day,5.8,391.0,2016,,,,Unknown,23418160.0,True,2010,4,Spring,False
,311667,en,11.139734,2016-05-20,,113.0,Manhattan Night,6.1,115.0,2016,,,,Unknown,,,2010,5,Spring,
40000000.0,302401,en,14.384554,2016-09-15,37279439.0,134.0,Snowden,7.0,1285.0,2016,,,,Unknown,-2720561.0,False,2010,9,Fall,False
,355008,en,5.453322,2016-04-22,,100.0,Special Correspondents,5.6,159.0,2016,,,,Unknown,,,2010,4,Spring,
20000000.0,234004,en,9.115939,2016-04-13,8821329.0,94.0,Ratchet & Clank,5.4,188.0,2016,,,,Unknown,-11178671.0,False,2010,4,Spring,False
,323262,en,7.19726,2016-04-22,,105.0,Holidays,4.8,120.0,2016,,,,Unknown,,,2010,4,Spring,
,347945,en,7.37661,2015-07-22,4505.0,101.0,Synchronicity,5.7,114.0,2015,,,,Unknown,,,2010,7,Summer,False
27000000.0,35026,fr,4.572642,2009-10-21,,103.0,Lucky Luke,4.7,146.0,2009,,,,Unknown,,,2000,10,Fall,
50000000.0,290250,en,16.075615,2016-05-15,62788218.0,116.0,The Nice Guys,7.0,2382.0,2016,,,,Unknown,12788218.0,True,2010,5,Spring,False
30000000.0,270010,en,9.104543,2016-04-22,4212494.0,97.0,A Hologram for the King,5.8,347.0,2016,,,,Unknown,-25787506.0,False,2010,4,Spring,False
,278774,en,4.269081,2014-06-27,,92.0,Zapped,5.6,131.0,2014,,,,Unknown,,,2010,6,Summer,
,258509,en,14.307672,2015-12-17,233755553.0,92.0,Alvin and the Chipmunks: The Road Chip,5.7,438.0,2015,,,,Unknown,,,2010,12,Winter,False
17000000.0,332567,en,13.689175,2016-06-24,119100758.0,86.0,The Shallows,6.2,1619.0,2016,,,,Unknown,102100758.0,True,2010,6,Summer,False
8575000.0,290098,ko,16.727405,2016-06-01,1983204.0,145.0,The Handmaiden,8.1,453.0,2016,,,,Unknown,-6591796.0,False,2010,6,Summer,False
170000000.0,241259,en,14.61608,2016-05-25,299370084.0,113.0,Alice Through the Looking Glass,6.5,1782.0,2016,,,,Unknown,129370084.0,True,2010,5,Spring,True
140000000.0,267935,en,18.769476,2016-06-01,183345589.0,120.0,The BFG,6.0,1026.0,2016,,,,Unknown,43345589.0,True,2010,6,Summer,False
,359871,en,5.509801,2016-05-05,,99.0,My Scientology Movie,6.6,105.0,2016,,,,Unknown,,,2010,5,Spring,
19000000.0,223702,en,17.56963,2016-07-11,140705322.0,83.0,Sausage Party,5.6,2310.0,2016,,,,Unknown,121705322.0,True,2010,7,Summer,False
,384798,en,8.089782,2016-05-13,,99.0,Kill Command,5.2,203.0,2016,,,,Unknown,,,2010,5,Spring,
5000000.0,334533,en,16.519276,2016-07-02,5879736.0,119.0,Captain Fantastic,7.9,1569.0,2016,,,,Unknown,879736.0,True,2010,7,Summer,False
3537415.0,374475,de,9.117054,2016-07-14,1390172.0,162.0,Toni Erdmann,7.3,270.0,2016,,,,Unknown,-2147243.0,False,2010,7,Summer,False
,293670,ko,8.141819,2016-05-12,,156.0,The Wailing,7.2,257.0,2016,,,,Unknown,,,2010,5,Spring,
90000000.0,291805,en,39.540653,2016-06-02,334901337.0,129.0,Now You See Me 2,6.7,3362.0,2016,,,,Unknown,244901337.0,True,2010,6,Summer,True
1490000.0,332872,es,6.768165,2016-04-08,,96.0,Julieta,7.0,246.0,2016,,,,Unknown,,,2010,4,Spring,
30000000.0,339397,en,9.2467,2016-05-11,43763247.0,96.0,Café Society,6.4,826.0,2016,,,,Unknown,13763247.0,True,2010,5,Spring,False
,374473,en,18.577504,2016-10-21,260354.0,100.0,"I, Daniel Blake",7.7,264.0,2016,,,,Unknown,,,2010,10,Fall,False
3000000.0,347031,en,9.196678,2016-06-24,4210454.0,97.0,Swiss Army Man,6.8,839.0,2016,,,,Unknown,1210454.0,True,2010,6,Summer,False
,389053,en,11.219246,2016-05-27,,109.0,The Do-Over,5.6,468.0,2016,,,,Unknown,,,2010,5,Spring,
,301804,en,9.449103,2016-04-07,3295624.0,97.0,Before I Wake,6.2,416.0,2016,,,,Unknown,,,2010,4,Spring,False
135000000.0,308531,en,13.047776,2016-06-01,245623848.0,112.0,Teenage Mutant Ninja Turtles: Out of the Shadows,5.8,984.0,2016,,,,Unknown,110623848.0,True,2010,6,Summer,False
4000000.0,257345,en,12.187189,2016-05-13,10898293.0,92.0,The Darkness,4.5,162.0,2016,,,,Unknown,6898293.0,True,2010,5,Spring,False
,318121,en,6.138199,2016-06-16,,93.0,The Fundamentals of Caring,7.4,560.0,2016,,,,Unknown,,,2010,6,Summer,
,341012,en,5.28542,2016-06-03,9496130.0,86.0,Popstar: Never Stop Never Stopping,6.6,348.0,2016,,,,Unknown,,,2010,6,Summer,False
40000000.0,259693,en,14.767317,2016-05-13,320170008.0,134.0,The Conjuring 2,7.0,2018.0,2016,,,,Unknown,280170008.0,True,2010,5,Spring,True
,245913,en,6.979073,2016-05-06,27312.0,107.0,Pelé: Birth of a Legend,7.3,175.0,2016,,,,Unknown,,,2010,5,Spring,False
12000000.0,75198,fr,4.826919,2011-10-05,,95.0,Bienvenue à bord,5.3,118.0,2011,,,,Unknown,,,2010,10,Fall,
2023920.0,366564,fr,4.72778,2015-12-09,,90.0,Comment c'est Loin,7.2,177.0,2015,,,,Unknown,,,2010,12,Winter,
144000000.0,43074,en,17.162744,2016-07-14,229147509.0,116.0,Ghostbusters,5.3,2203.0,2016,,,,Unknown,85147509.0,True,2010,7,Summer,False
,168098,en,10.752519,2016-07-06,1133031.0,98.0,Cell,4.4,325.0,2016,,,,Unknown,,,2010,7,Summer,False
,380225,it,5.516986,2016-05-17,,116.0,Like Crazy,7.3,187.0,2016,,,,Unknown,,,2010,5,Spring,
50000000.0,302699,en,11.374041,2016-06-15,216972543.0,107.0,Central Intelligence,6.2,1699.0,2016,,,,Unknown,166972543.0,True,2010,6,Summer,False
,267192,en,11.451354,2016-06-10,5681622.0,104.0,Genius,6.5,174.0,2016,,,,Unknown,,,2010,6,Summer,False
120000000.0,324668,en,19.133256,2016-07-27,415484914.0,123.0,Jason Bourne,5.9,2386.0,2016,,,,Unknown,295484914.0,True,2010,7,Summer,True
180000000.0,258489,en,45.38298,2016-06-29,356743061.0,109.0,The Legend of Tarzan,5.5,2488.0,2016,,,,Unknown,176743061.0,True,2010,6,Summer,True
10000000.0,316727,en,13.1789,2016-06-29,118587880.0,105.0,The Purge: Election Year,6.1,1356.0,2016,,,,Unknown,108587880.0,True,2010,6,Summer,False
33000000.0,316023,en,12.237571,2016-07-07,77068246.0,98.0,Mike and Dave Need Wedding Dates,5.9,901.0,2016,,,,Unknown,44068246.0,True,2010,7,Summer,False
105000000.0,278154,en,20.151037,2016-06-23,408579038.0,100.0,Ice Age: Collision Course,5.6,1170.0,2016,,,,Unknown,303579038.0,True,2010,6,Summer,True
4900000.0,345911,en,11.494907,2016-07-21,148868835.0,81.0,Lights Out,6.3,1174.0,2016,,,,Unknown,143968835.0,True,2010,7,Summer,False
65000000.0,294272,en,12.189941,2016-08-10,143695338.0,102.0,Pete's Dragon,6.2,697.0,2016,,,,Unknown,78695338.0,True,2010,8,Summer,False
,369776,fr,4.322081,2016-02-03,,94.0,Les Tuche 2: Le rêve américain,5.7,239.0,2016,,,,Unknown,,,2010,2,Winter,
,9031,it,5.079099,1979-11-30,,95.0,I'm for the Hippopotamus,6.2,104.0,1979,,,,Unknown,,,1970,11,Fall,
,353571,en,4.957457,2016-01-23,,111.0,Tallulah,6.8,203.0,2016,,,,Unknown,,,2010,1,Winter,
,359156,it,4.149051,2015-09-08,,100.0,Don't Be Bad,7.8,181.0,2015,,,,Unknown,,,2010,9,Fall,
15000000.0,359412,en,6.389818,2016-07-01,,107.0,Marauders,5.9,148.0,2016,,,,Unknown,,,2010,7,Summer,
,337703,fr,12.874084,2016-06-29,921974.0,80.0,The Red Turtle,7.6,241.0,2016,,,,Unknown,,,2010,6,Summer,False
19000000.0,328387,en,14.9837,2016-07-27,85241496.0,96.0,Nerve,7.1,2262.0,2016,,,,Unknown,66241496.0,True,2010,7,Summer,False
60000000.0,363676,en,18.275689,2016-09-07,238470033.0,96.0,Sully,7.0,2106.0,2016,,,,Unknown,178470033.0,True,2010,9,Fall,False
,338189,fr,11.864584,2016-08-26,,96.0,It's Only the End of the World,7.3,411.0,2016,,,,Unknown,,,2010,8,Summer,
,366514,fr,7.626166,2016-05-04,,98.0,Up for Love,6.0,199.0,2016,,,,Unknown,,,2010,5,Spring,
,328901,en,9.013856,2015-04-17,,90.0,The Benefactor,4.7,102.0,2015,,,,Unknown,,,2010,4,Spring,
25000000.0,325789,en,11.504398,2016-07-13,15436808.0,127.0,The Infiltrator,6.6,592.0,2016,,,,Unknown,-9563192.0,False,2010,7,Summer,False
40000000.0,308266,en,16.453573,2016-08-17,86234523.0,114.0,War Dogs,6.8,1392.0,2016,,,,Unknown,46234523.0,True,2010,8,Summer,False
6700000.0,351809,es,4.987123,2016-03-03,12118661.0,96.0,To Steal from a Thief,6.1,103.0,2016,,,,Unknown,5418661.0,True,2010,3,Spring,False
3500000.0,382322,en,6.488277,2016-07-21,3775000.0,72.0,Batman: The Killing Joke,6.2,485.0,2016,,,,Unknown,275000.0,True,2010,7,Summer,False
20000000.0,376659,en,9.362056,2016-07-28,183936074.0,100.0,Bad Moms,6.3,1287.0,2016,,,,Unknown,163936074.0,True,2010,7,Summer,False
12000000.0,338766,en,12.565896,2016-08-12,37589296.0,102.0,Hell or High Water,7.2,1304.0,2016,,,,Unknown,25589296.0,True,2010,8,Summer,False
,390734,ja,7.692445,2016-07-09,269980.0,115.0,Kingsglaive: Final Fantasy XV,6.8,201.0,2016,,,,Unknown,,,2010,7,Summer,False
8600000.0,383869,fr,6.409925,2016-06-01,,97.0,Back to Mom's,5.6,153.0,2016,,,,Unknown,,,2010,6,Summer,
9900000.0,300669,en,25.869883,2016-08-25,157100845.0,88.0,Don't Breathe,6.7,1830.0,2016,,,,Unknown,147200845.0,True,2010,8,Summer,False
5500000.0,403119,en,52.854103,2017-06-15,44235023.0,89.0,47 Meters Down,5.1,548.0,2017,,,,Unknown,38735023.0,True,2010,6,Summer,False
,390584,en,4.272317,2016-04-16,,92.0,King Cobra,5.9,118.0,2016,,,,Unknown,,,2010,4,Spring,
9000000.0,376660,en,9.51953,2016-11-18,18803648.0,104.0,The Edge of Seventeen,7.3,952.0,2016,,,,Unknown,9803648.0,True,2010,11,Fall,False
9000000.0,351339,en,8.475983,2016-08-12,4600000.0,120.0,Anthropoid,6.9,251.0,2016,,,,Unknown,-4400000.0,False,2010,8,Summer,False
13000000.0,309886,en,7.146017,2016-08-11,,88.0,Blood Father,6.2,525.0,2016,,,,Unknown,,,2010,8,Summer,
9804690.0,337674,fr,8.226065,2016-05-25,2341534.0,130.0,Elle,6.6,498.0,2016,,,,Unknown,-7463156.0,False,2010,5,Spring,False
8820000.0,396535,ko,22.685169,2016-07-20,2129768.0,118.0,Train to Busan,7.7,984.0,2016,,,,Unknown,-6690232.0,False,2010,7,Summer,False
9900000.0,368031,en,14.282584,2016-01-07,2400000.0,92.0,Friend Request,5.3,376.0,2016,,,,Unknown,-7500000.0,False,2010,1,Winter,False
,336455,en,6.944764,2016-02-18,551760.0,86.0,Viral,5.5,101.0,2016,,,,Unknown,,,2010,2,Winter,False
40000000.0,278924,en,14.288577,2016-08-25,125729635.0,99.0,Mechanic: Resurrection,5.3,1236.0,2016,,,,Unknown,85729635.0,True,2010,8,Summer,False
,294795,en,8.602488,2016-09-01,,108.0,The 9th Life of Louis Drax,6.5,128.0,2016,,,,Unknown,,,2010,9,Fall,
90000000.0,333484,en,13.809622,2016-09-14,162360636.0,132.0,The Magnificent Seven,5.9,2358.0,2016,,,,Unknown,72360636.0,True,2010,9,Fall,False
32000000.0,270774,en,10.912208,2016-07-21,58500000.0,107.0,Skiptrace,5.5,181.0,2016,,,,Unknown,26500000.0,True,2010,7,Summer,False
4000000.0,376867,en,14.171675,2016-10-21,65046687.0,111.0,Moonlight,7.3,1831.0,2016,,,,Unknown,61046687.0,True,2010,10,Fall,False
5210000.0,348668,da,6.859858,2016-03-03,5900000.0,112.0,A Conspiracy of Faith,6.8,110.0,2016,,,,Unknown,690000.0,True,2010,3,Spring,False
,381356,fr,4.262876,2016-03-30,,102.0,Five,7.2,306.0,2016,,,,Unknown,,,2010,3,Spring,
25000000.0,213681,en,9.434588,2016-09-29,29200000.0,94.0,Masterminds,5.6,600.0,2016,,,,Unknown,4200000.0,True,2010,9,Fall,False
60000000.0,313297,en,12.321832,2016-08-18,69929545.0,102.0,Kubo and the Two Strings,7.7,982.0,2016,,,,Unknown,9929545.0,True,2010,8,Summer,False
35000000.0,95610,en,10.754139,2016-09-14,211952420.0,123.0,Bridget Jones's Baby,6.3,972.0,2016,,,,Unknown,176952420.0,True,2010,9,Fall,False
20000000.0,283552,en,8.483245,2016-09-02,25956113.0,133.0,The Light Between Oceans,6.9,403.0,2016,,,,Unknown,5956113.0,True,2010,9,Fall,False
8000000.0,377264,en,12.521071,2016-09-01,8810591.0,92.0,Morgan,5.7,436.0,2016,,,,Unknown,810591.0,True,2010,9,Fall,False
15000000.0,317557,en,6.164561,2016-09-23,10367161.0,124.0,Queen of Katwe,7.1,103.0,2016,,,,Unknown,-4632839.0,False,2010,9,Fall,False
110000000.0,296524,en,13.1984,2016-09-29,121790373.0,107.0,Deepwater Horizon,6.5,1478.0,2016,,,,Unknown,11790373.0,True,2010,9,Fall,False
110000000.0,283366,en,36.262655,2016-09-28,296485719.0,127.0,Miss Peregrine's Home for Peculiar Children,6.5,3213.0,2016,,,,Unknown,186485719.0,True,2010,9,Fall,True
45000000.0,346685,en,10.217291,2016-10-05,173185859.0,112.0,The Girl on the Train,6.2,1837.0,2016,,,,Unknown,128185859.0,True,2010,10,Fall,False
44000000.0,302946,en,13.465656,2016-10-14,155160045.0,128.0,The Accountant,6.9,2121.0,2016,,,,Unknown,111160045.0,True,2010,10,Fall,False
,382399,en,6.625607,2016-04-08,53447.0,96.0,High Strung,7.1,256.0,2016,,,,Unknown,,,2010,4,Spring,False
,331583,en,12.664893,2016-03-25,,93.0,The Whole Truth,6.3,202.0,2016,,,,Unknown,,,2010,3,Spring,
,340485,en,7.78179,2016-09-30,1751330.0,162.0,American Honey,6.5,213.0,2016,,,,Unknown,,,2010,9,Fall,False
,374617,en,8.835928,2016-08-19,35000.0,109.0,Imperium,6.3,381.0,2016,,,,Unknown,,,2010,8,Summer,False
,339792,en,4.341522,2016-08-19,,96.0,David Brent: Life on the Road,6.0,104.0,2016,,,,Unknown,,,2010,8,Summer,
,381034,en,6.409124,2016-08-26,,104.0,I Am Not a Serial Killer,6.2,126.0,2016,,,,Unknown,,,2010,8,Summer,
20000000.0,184341,en,6.482559,2016-08-26,,105.0,Hands of Stone,6.0,110.0,2016,,,,Unknown,,,2010,8,Summer,
15000000.0,315011,ja,9.285519,2016-07-29,77000000.0,120.0,Shin Godzilla,6.6,152.0,2016,,,,Unknown,62000000.0,True,2010,7,Summer,False
,291351,en,8.316558,2016-04-27,,110.0,The Sea of Trees,6.3,133.0,2016,,,,Unknown,,,2010,4,Spring,
,352492,en,5.2402,2016-08-26,,92.0,XOXO,6.0,149.0,2016,,,,Unknown,,,2010,8,Summer,
,372058,ja,34.461252,2016-08-26,355298270.0,106.0,Your Name.,8.5,1030.0,2016,,,,Unknown,,,2010,8,Summer,True
40000000.0,324786,en,21.037699,2016-10-07,175302354.0,140.0,Hacksaw Ridge,7.8,3294.0,2016,,,,Unknown,135302354.0,True,2010,10,Fall,False
2791874.0,393729,fr,8.987123,2016-08-31,,105.0,Divines,8.1,161.0,2016,,,,Unknown,,,2010,8,Summer,
40000000.0,340945,en,13.417585,2016-09-22,,128.0,USS Indianapolis: Men of Courage,6.0,124.0,2016,,,,Unknown,,,2010,9,Fall,
40000000.0,293767,en,8.009568,2016-11-10,30930984.0,113.0,Billy Lynn's Long Halftime Walk,5.9,158.0,2016,,,,Unknown,-9069016.0,False,2010,11,Fall,False
5000000.0,351211,en,11.901343,2016-09-15,45172994.0,90.0,Blair Witch,4.9,590.0,2016,,,,Unknown,40172994.0,True,2010,9,Fall,False
17000000.0,308529,en,6.966654,2016-07-14,,90.0,Kickboxer: Vengeance,4.5,103.0,2016,,,,Unknown,,,2010,7,Summer,
9000000.0,339419,en,7.977391,2016-11-04,8996802.0,123.0,Loving,6.5,275.0,2016,,,,Unknown,-3198.0,False,2010,11,Fall,False
1500000.0,284564,en,6.636625,2016-09-15,779820.0,102.0,31,4.9,193.0,2016,,,,Unknown,-720180.0,False,2010,9,Fall,False
,410199,en,7.134446,2016-09-09,,88.0,ARQ,6.1,340.0,2016,,,,Unknown,,,2010,9,Fall,
13000000.0,340677,en,21.815354,2016-09-09,,96.0,I.T.,5.3,198.0,2016,,,,Unknown,,,2010,9,Fall,
43000000.0,258230,en,24.483893,2016-10-07,46652768.0,108.0,A Monster Calls,6.8,1023.0,2016,,,,Unknown,3652768.0,True,2010,10,Fall,False
47000000.0,329865,en,30.83786,2016-11-10,203388186.0,113.0,Arrival,7.2,5729.0,2016,,,,Unknown,156388186.0,True,2010,11,Fall,False
70000000.0,332210,en,12.687521,2016-09-22,182379278.0,87.0,Storks,6.7,706.0,2016,,,,Unknown,112379278.0,True,2010,9,Fall,False
,382511,fr,8.447096,2016-09-28,,89.0,Penny Pincher!,5.4,222.0,2016,,,,Unknown,,,2010,9,Fall,
5005600.0,375366,en,10.444797,2016-09-23,,110.0,The Girl with All the Gifts,6.4,453.0,2016,,,,Unknown,,,2010,9,Fall,
8000000.0,393559,fr,7.321152,2016-10-12,292279.0,66.0,My Life as a Zucchini,7.7,215.0,2016,,,,Unknown,-7707721.0,False,2010,10,Fall,False
,411009,en,9.078809,2016-09-10,,92.0,Amanda Knox,6.7,138.0,2016,,,,Unknown,,,2010,9,Fall,
45000000.0,402529,en,9.809168,2017-06-12,,139.0,All Eyez on Me,6.3,436.0,2017,,,,Unknown,,,2010,6,Summer,
1200000.0,411638,es,16.719657,2016-09-09,,92.0,The Fury of a Patient Man,6.7,105.0,2016,,,,Unknown,,,2010,9,Fall,
,325189,en,4.405129,2015-06-26,,104.0,Teen Beach 2,6.2,105.0,2015,,,,Unknown,,,2010,6,Summer,
,178682,en,6.287572,2013-03-15,,60.0,The Wizards Return: Alex vs. Alex,6.4,147.0,2013,,,,Unknown,,,2010,3,Spring,
,63710,en,5.768543,2011-06-23,,110.0,Honey 2,6.0,110.0,2011,,,,Unknown,,,2010,6,Summer,
,339967,en,25.373662,2017-04-06,3021345.0,110.0,Colossal,6.2,394.0,2017,,,,Unknown,,,2010,4,Spring,False
30000000.0,313369,en,19.681686,2016-11-29,445435700.0,128.0,La La Land,7.9,4745.0,2016,,,,Unknown,415435700.0,True,2010,11,Fall,True
,407806,en,8.255986,2016-10-07,,100.0,13th,8.0,133.0,2016,,,,Unknown,,,2010,10,Fall,
,334517,en,6.042021,2016-09-19,,108.0,The Siege of Jadotville,7.3,165.0,2016,,,,Unknown,,,2010,9,Fall,
,375315,fa,5.673744,2016-06-24,2402067.0,125.0,The Salesman,7.1,158.0,2016,,,,Unknown,,,2010,6,Summer,False
85000000.0,369885,en,13.085186,2016-11-17,119520023.0,124.0,Allied,6.6,1415.0,2016,,,,Unknown,34520023.0,True,2010,11,Fall,False
2700000.0,340103,en,6.533171,2016-11-11,,91.0,The Monster,5.4,119.0,2016,,,,Unknown,,,2010,11,Fall,
,324560,en,18.473022,2017-01-12,,148.0,Brimstone,7.0,176.0,2017,,,,Unknown,,,2010,1,Winter,
75000000.0,207932,en,18.311054,2016-10-13,220021259.0,121.0,Inferno,5.7,2316.0,2016,,,,Unknown,145021259.0,True,2010,10,Fall,False
40000000.0,331313,en,9.48515,2016-10-20,29918745.0,105.0,Keeping Up with the Joneses,5.9,608.0,2016,,,,Unknown,-10081255.0,False,2010,10,Fall,False
9000000.0,335796,en,10.182974,2016-10-20,81705746.0,99.0,Ouija: Origin of Evil,5.8,735.0,2016,,,,Unknown,72705746.0,True,2010,10,Fall,False
125000000.0,136799,en,16.83711,2016-10-13,346864462.0,92.0,Trolls,6.7,1054.0,2016,,,,Unknown,221864462.0,True,2010,10,Fall,True
10000000.0,286567,en,6.703892,2016-10-14,6272403.0,92.0,Max Steel,5.1,234.0,2016,,,,Unknown,-3727597.0,False,2010,10,Fall,False
10000000.0,402298,en,10.754997,2016-09-30,4073489.0,109.0,Denial,6.5,161.0,2016,,,,Unknown,-5926511.0,False,2010,9,Fall,False
60000000.0,343611,en,15.60562,2016-10-19,162146076.0,118.0,Jack Reacher: Never Go Back,5.3,1843.0,2016,,,,Unknown,102146076.0,True,2010,10,Fall,False
,291356,en,7.723801,2016-10-21,53647.0,104.0,In a Valley of Violence,5.7,115.0,2016,,,,Unknown,,,2010,10,Fall,False
,326285,en,19.953565,2016-10-20,,108.0,American Pastoral,5.7,117.0,2016,,,,Unknown,,,2010,10,Fall,
8000000.0,374461,en,5.455625,2016-09-16,,104.0,Mr. Church,7.0,133.0,2016,,,,Unknown,,,2010,9,Fall,
,410718,en,5.812786,2016-10-21,,93.0,Before the Flood,7.9,200.0,2016,,,,Unknown,,,2010,10,Fall,
9000000.0,334541,en,12.821257,2016-11-18,75026965.0,135.0,Manchester by the Sea,7.5,1553.0,2016,,,,Unknown,66026965.0,True,2010,11,Fall,False
12000000.0,334543,en,17.085145,2016-11-24,140302754.0,118.0,Lion,8.0,1699.0,2016,,,,Unknown,128302754.0,True,2010,11,Fall,False
,403450,it,4.310218,2016-10-27,,99.0,At War with Love,7.8,116.0,2016,,,,Unknown,,,2010,10,Fall,
,407559,en,4.583609,2016-09-10,,89.0,I Am the Pretty Thing That Lives in the House,4.2,108.0,2016,,,,Unknown,,,2010,9,Fall,
,397243,en,31.772396,2016-12-21,5972942.0,86.0,The Autopsy of Jane Doe,6.3,799.0,2016,,,,Unknown,,,2010,12,Winter,False
26000000.0,338964,en,7.459161,2016-11-23,17782178.0,87.0,Bad Santa 2,5.0,216.0,2016,,,,Unknown,-8217822.0,False,2010,11,Fall,False
17000000.0,340402,en,7.288877,2016-11-11,42487325.0,111.0,Almost Christmas,5.4,195.0,2016,,,,Unknown,25487325.0,True,2010,11,Fall,False
,261102,es,5.074475,2014-12-25,,105.0,The Club of the Misunderstood,6.7,104.0,2014,,,,Unknown,,,2010,12,Winter,
36000000.0,345920,en,14.575883,2016-12-06,87416021.0,97.0,Collateral Beauty,6.9,1553.0,2016,,,,Unknown,51416021.0,True,2010,12,Winter,False
40000000.0,339396,en,5.830839,2016-11-11,,98.0,True Memoirs of an International Assassin,5.8,230.0,2016,,,,Unknown,,,2010,11,Fall,
12156348.0,392142,fr,5.662109,2016-11-01,7900000.0,98.0,Max & Leon,6.7,202.0,2016,,,,Unknown,-4256348.0,False,2010,11,Fall,False
,393764,fr,5.518577,2016-06-08,,96.0,The African Doctor,6.6,112.0,2016,,,,Unknown,,,2010,6,Summer,
,279229,de,9.11794,2014-08-14,,116.0,Sapphire Blue,6.9,287.0,2014,,,,Unknown,,,2010,8,Summer,
10000000.0,329981,en,6.944457,2016-11-11,13082071.0,91.0,Shut In,4.8,162.0,2016,,,,Unknown,3082071.0,True,2010,11,Fall,False
21363000.0,332794,fr,4.875172,2016-10-12,,122.0,The Odyssey,7.1,108.0,2016,,,,Unknown,,,2010,10,Fall,
,378064,ja,34.852055,2016-09-17,19606617.0,130.0,A Silent Voice,8.1,157.0,2016,,,,Unknown,,,2010,9,Fall,False
150000000.0,277834,en,9.143457,2016-11-23,643034466.0,107.0,Moana,7.3,3471.0,2016,,,,Unknown,493034466.0,True,2010,11,Fall,True
9000000.0,376866,en,8.362716,2016-12-02,13960394.0,100.0,Jackie,6.5,737.0,2016,,,,Unknown,4960394.0,True,2010,12,Winter,False
45000000.0,384682,en,8.228918,2016-11-25,114501299.0,105.0,Office Christmas Party,5.4,541.0,2016,,,,Unknown,69501299.0,True,2010,11,Fall,False
30000000.0,365942,en,11.824404,2017-01-26,14793385.0,121.0,The Space Between Us,7.2,564.0,2017,,,,Unknown,-15206615.0,False,2010,1,Winter,False
200000000.0,330459,en,36.567575,2016-12-14,1056057273.0,133.0,Rogue One: A Star Wars Story,7.4,5111.0,2016,,,,Unknown,856057273.0,True,2010,12,Winter,True
,353979,en,9.030904,2016-09-24,,94.0,Pet,5.9,193.0,2016,,,,Unknown,,,2010,9,Fall,
108000000.0,259695,en,19.94393,2016-12-25,22678555.0,129.0,Live by Night,6.2,416.0,2016,,,,Unknown,-85321445.0,False,2010,12,Winter,False
9000000.0,381288,en,28.920839,2016-11-15,276921998.0,117.0,Split,7.0,4461.0,2016,,,,Unknown,267921998.0,True,2010,11,Fall,False
35000000.0,346672,en,20.02976,2016-11-28,81093313.0,91.0,Underworld: Blood Wars,5.2,1619.0,2016,,,,Unknown,46093313.0,True,2010,11,Fall,False
13000000.0,376290,en,14.017754,2016-11-25,3500605.0,132.0,Miss Sloane,7.2,317.0,2016,,,,Unknown,-9499395.0,False,2010,11,Fall,False
25000000.0,291328,en,8.167673,2016-11-23,3885342.0,127.0,Rules Don't Apply,5.9,103.0,2016,,,,Unknown,-21114658.0,False,2010,11,Fall,False
110000000.0,274870,en,20.303632,2016-12-21,303144152.0,116.0,Passengers,6.7,4134.0,2016,,,,Unknown,193144152.0,True,2010,12,Winter,True
25000000.0,381284,en,16.816834,2016-12-10,230698791.0,127.0,Hidden Figures,7.8,2178.0,2016,,,,Unknown,205698791.0,True,2010,12,Winter,False
24000000.0,393457,en,11.599716,2016-12-16,64414761.0,139.0,Fences,6.7,750.0,2016,,,,Unknown,40414761.0,True,2010,12,Winter,False
6000000.0,332979,en,7.873407,2016-11-04,6174491.0,116.0,Bleed for This,6.7,192.0,2016,,,,Unknown,174491.0,True,2010,11,Fall,False
7000000.0,342737,en,9.855927,2016-12-25,5816211.0,119.0,20th Century Women,7.3,213.0,2016,,,,Unknown,-1183789.0,False,2010,12,Winter,False
150000000.0,311324,en,15.884744,2016-12-16,331957105.0,103.0,The Great Wall,5.8,1465.0,2016,,,,Unknown,181957105.0,True,2010,12,Winter,True
25000000.0,310307,en,17.523343,2016-11-24,23964782.0,115.0,The Founder,7.0,855.0,2016,,,,Unknown,-1035218.0,False,2010,11,Fall,False
38000000.0,356305,en,14.531429,2016-12-22,118034273.0,111.0,Why Him?,6.3,1203.0,2016,,,,Unknown,80034273.0,True,2010,12,Winter,False
75000000.0,335797,en,20.045673,2016-11-23,632443719.0,108.0,Sing,6.8,2363.0,2016,,,,Unknown,557443719.0,True,2010,11,Fall,True
,377275,fr,12.474119,2016-09-14,,97.0,In Bed with Victoria,5.3,118.0,2016,,,,Unknown,,,2010,9,Fall,
125000000.0,121856,en,27.54107,2016-12-21,240697856.0,115.0,Assassin's Creed,5.4,2776.0,2016,,,,Unknown,115697856.0,True,2010,12,Winter,False
22000000.0,381289,en,9.863789,2017-01-19,194647323.0,100.0,A Dog's Purpose,6.6,657.0,2017,,,,Unknown,172647323.0,True,2010,1,Winter,False
10400000.0,360814,hi,8.792104,2016-12-23,310000000.0,161.0,Dangal,8.0,140.0,2016,,,,Unknown,299600000.0,True,2010,12,Winter,True
21500000.0,195590,en,31.314013,2016-08-04,4811525.0,98.0,Collide,5.5,164.0,2016,,,,Unknown,-16688475.0,False,2010,8,Summer,False
45000000.0,388399,en,14.547939,2016-12-12,50548152.0,133.0,Patriots Day,6.8,631.0,2016,,,,Unknown,5548152.0,True,2010,12,Winter,False
20000000.0,334524,en,16.01076,2016-12-22,7227038.0,120.0,Gold,6.6,403.0,2016,,,,Unknown,-12772962.0,False,2010,12,Winter,False
30000000.0,342473,en,16.53732,2016-12-14,2351359.0,89.0,Ballerina,7.1,415.0,2016,,,,Unknown,-27648641.0,False,2010,12,Winter,False
20000000.0,345922,en,22.831649,2017-02-16,,91.0,Fist Fight,6.2,339.0,2017,,,,Unknown,,,2010,2,Winter,
125000000.0,262841,en,14.801195,2016-12-21,64493915.0,105.0,Monster Trucks,6.0,209.0,2016,,,,Unknown,-60506085.0,False,2010,12,Winter,False
30000000.0,324542,en,12.240817,2017-01-12,32540674.0,95.0,Sleepless,5.8,345.0,2017,,,,Unknown,2540674.0,True,2010,1,Winter,False
40000000.0,340837,en,13.28436,2017-02-15,26559557.0,146.0,A Cure for Wellness,6.0,939.0,2017,,,,Unknown,-13440443.0,False,2010,2,Winter,False
8000000.0,404378,en,9.609879,2016-11-04,82703.0,103.0,A Street Cat Named Bob,7.5,195.0,2016,,,,Unknown,-7917297.0,False,2010,11,Fall,False
85000000.0,47971,en,17.918269,2017-01-13,346147658.0,107.0,xXx: Return of Xander Cage,5.5,1497.0,2017,,,,Unknown,261147658.0,True,2010,1,Winter,True
7400000.0,292280,en,19.225832,2017-01-12,26667197.0,96.0,The Bye Bye Man,5.1,262.0,2017,,,,Unknown,19267197.0,True,2010,1,Winter,False
80000000.0,324849,en,17.070748,2017-02-08,311950384.0,104.0,The Lego Batman Movie,7.2,1473.0,2017,,,,Unknown,231950384.0,True,2010,2,Winter,True
,377263,fr,9.098394,2016-09-07,880474.0,113.0,Frantz,7.5,168.0,2016,,,,Unknown,,,2010,9,Fall,False
,382598,fr,6.636211,2016-11-11,,91.0,Full Speed,5.8,105.0,2016,,,,Unknown,,,2010,11,Fall,
4000000.0,411088,es,13.90698,2016-12-15,,106.0,The Invisible Guest,8.1,395.0,2016,,,,Unknown,,,2010,12,Winter,
25000000.0,14564,en,24.535733,2017-02-01,83080890.0,102.0,Rings,4.8,1075.0,2017,,,,Unknown,58080890.0,True,2010,2,Winter,False
3500000.0,393519,fr,14.320893,2016-10-07,4100000.0,99.0,Raw,7.0,451.0,2016,,,,Unknown,600000.0,True,2010,10,Fall,False
,227932,pt,4.117801,2016-12-22,,96.0,My Mom Is a Character 2,7.8,100.0,2016,,,,Unknown,,,2010,12,Winter,
40000000.0,324552,en,49.247505,2017-02-08,171539887.0,122.0,John Wick: Chapter 2,6.7,2924.0,2017,,,,Unknown,131539887.0,True,2010,2,Winter,False
5000000.0,419430,en,36.894806,2017-02-24,252434250.0,104.0,Get Out,7.2,2978.0,2017,,,,Unknown,247434250.0,True,2010,2,Winter,False
97000000.0,263115,en,54.581997,2017-02-28,616801808.0,137.0,Logan,7.6,6310.0,2017,,,,Unknown,519801808.0,True,2010,2,Winter,True
185000000.0,293167,en,29.429112,2017-03-08,566652812.0,118.0,Kong: Skull Island,6.2,3161.0,2017,,,,Unknown,381652812.0,True,2010,3,Spring,True
18000000.0,180863,en,17.645877,2017-01-27,41412709.0,117.0,T2 Trainspotting,7.1,795.0,2017,,,,Unknown,23412709.0,True,2010,1,Winter,False
5000000.0,397837,en,38.995136,2017-03-02,10025571.0,98.0,Before I Fall,6.8,651.0,2017,,,,Unknown,5025571.0,True,2010,3,Spring,False
5000000.0,341006,en,15.352467,2016-03-17,,88.0,The Belko Experiment,6.1,269.0,2016,,,,Unknown,,,2010,3,Spring,
,416477,en,23.424794,2017-06-23,52620184.0,120.0,The Big Sick,7.7,249.0,2017,,,,Unknown,,,2010,6,Summer,False
,425591,en,10.985332,2017-01-19,,96.0,I Don't Feel at Home in This World Anymore,6.5,222.0,2017,,,,Unknown,,,2010,1,Winter,
18500000.0,369778,fr,8.079555,2016-02-03,,119.0,Chocolat,7.0,219.0,2016,,,,Unknown,,,2010,2,Winter,
175000000.0,274857,en,44.251369,2017-04-27,146175066.0,126.0,King Arthur: Legend of the Sword,6.5,1506.0,2017,,,,Unknown,-28824934.0,False,2010,4,Spring,False
5000000.0,241258,en,15.909181,2016-12-01,6341855.0,91.0,Incarnate,5.1,142.0,2016,,,,Unknown,1341855.0,True,2010,12,Winter,False
160000000.0,321612,en,287.253654,2017-03-16,1262886337.0,129.0,Beauty and the Beast,6.8,5530.0,2017,,,,Unknown,1102886337.0,True,2010,3,Spring,True
,380124,en,4.610686,2016-10-21,,103.0,Boo! A Madea Halloween,5.3,219.0,2016,,,,Unknown,,,2010,10,Fall,
,18955,en,5.587649,2009-07-21,,95.0,Coco,4.4,121.0,2009,,,,Unknown,,,2000,7,Summer,
125000000.0,295693,en,13.392824,2017-03-23,498814908.0,97.0,The Boss Baby,6.1,2336.0,2017,,,,Unknown,373814908.0,True,2010,3,Spring,True
,408220,en,11.279503,2017-01-24,,75.0,Justice League Dark,7.0,171.0,2017,,,,Unknown,,,2010,1,Winter,
40000000.0,173897,en,0.75571,2016-12-23,312242626.0,107.0,Resident Evil: The Final Chapter,5.9,1139.0,2016,,,,Unknown,272242626.0,True,2010,12,Winter,True
1500000.0,414190,en,8.015815,2017-01-27,,90.0,iBoy,6.0,315.0,2017,,,,Unknown,,,2010,1,Winter,
,435921,it,4.949637,2017-01-19,,95.0,L'ora legale,7.0,142.0,2017,,,,Unknown,,,2010,1,Winter,
110000000.0,315837,en,68.726676,2017-03-29,169801921.0,107.0,Ghost in the Shell,5.9,2547.0,2017,,,,Unknown,59801921.0,True,2010,3,Spring,False
,297160,en,8.106953,2017-02-17,30911.0,80.0,XX,5.0,106.0,2017,,,,Unknown,,,2010,2,Winter,False
55000000.0,341174,en,29.130443,2017-02-08,378827494.0,118.0,Fifty Shades Darker,6.0,2341.0,2017,,,,Unknown,323827494.0,True,2010,2,Winter,True
,420245,en,11.359142,2017-02-03,,93.0,Don't Knock Twice,5.3,136.0,2017,,,,Unknown,,,2010,2,Winter,
,345009,en,17.029573,2016-10-06,,106.0,Mine,6.5,321.0,2016,,,,Unknown,,,2010,10,Fall,
,406385,it,5.047357,2017-02-02,,118.0,Smetto quando voglio: Masterclass,7.4,158.0,2017,,,,Unknown,,,2010,2,Winter,
,363126,en,12.211769,2017-05-25,201719.0,116.0,Berlin Syndrome,6.0,100.0,2017,,,,Unknown,,,2010,5,Spring,False
10000000.0,330947,en,12.928712,2017-03-17,443684.0,129.0,Song to Song,5.4,179.0,2017,,,,Unknown,-9556316.0,False,2010,3,Spring,False
,401104,en,9.128637,2017-01-22,,107.0,To the Bone,7.3,714.0,2017,,,,Unknown,,,2010,1,Winter,
,382597,fr,7.538272,2017-02-01,,105.0,R.A.I.D. Special Unit,5.8,207.0,2017,,,,Unknown,,,2010,2,Winter,
,378018,en,9.082794,2016-10-21,,90.0,The Void,5.8,207.0,2016,,,,Unknown,,,2010,10,Fall,
6000000.0,340676,fr,11.186981,2016-10-19,1305195.0,105.0,Personal Shopper,5.8,239.0,2016,,,,Unknown,-4694805.0,False,2010,10,Fall,False
,434616,fr,4.670617,2017-03-01,,95.0,Patients,7.4,149.0,2017,,,,Unknown,,,2010,3,Spring,
,283378,en,6.603389,2016-11-10,,91.0,Fallen,5.9,397.0,2016,,,,Unknown,,,2010,11,Fall,
20000000.0,345938,en,16.392712,2017-03-03,57330873.0,132.0,The Shack,6.9,330.0,2017,,,,Unknown,37330873.0,True,2010,3,Spring,False
58000000.0,395992,en,36.263803,2017-03-22,100541806.0,103.0,Life,6.3,1959.0,2017,,,,Unknown,42541806.0,True,2010,3,Spring,False
30000000.0,314095,en,21.791111,2016-10-15,8574339.0,140.0,The Lost City of Z,6.1,598.0,2016,,,,Unknown,-21425661.0,False,2010,10,Fall,False
,382591,fr,17.181564,2016-12-07,1447740.0,118.0,Two Is a Family,7.6,765.0,2016,,,,Unknown,,,2010,12,Winter,False
100000000.0,305470,en,23.247298,2017-03-23,142337240.0,124.0,Power Rangers,6.3,1321.0,2017,,,,Unknown,42337240.0,True,2010,3,Spring,False
97000000.0,126889,en,72.884078,2017-05-09,232380243.0,122.0,Alien: Covenant,5.7,2677.0,2017,,,,Unknown,135380243.0,True,2010,5,Spring,False
10000000.0,334521,en,10.403003,2017-03-31,3565109.0,90.0,Free Fire,6.3,232.0,2017,,,,Unknown,-6434891.0,False,2010,3,Spring,False
,20760,en,10.971661,2005-01-29,,68.0,Lilo & Stitch 2: Stitch has a Glitch,6.3,246.0,2005,,,,Unknown,,,2000,1,Winter,
25000000.0,417644,en,12.238061,2017-03-23,26800152.0,100.0,CHiPS,6.2,277.0,2017,,,,Unknown,1800152.0,True,2010,3,Spring,False
5000000.0,353569,en,8.645067,2017-01-20,3305592.0,87.0,Table 19,6.2,192.0,2017,,,,Unknown,-1694408.0,False,2010,1,Winter,False
25000000.0,353070,en,15.157255,2017-04-06,84618541.0,96.0,Going in Style,6.6,543.0,2017,,,,Unknown,59618541.0,True,2010,4,Spring,False
,398929,fr,9.09546,2017-02-15,222430.0,90.0,Alibi.com,6.9,389.0,2017,,,,Unknown,,,2010,2,Winter,False
,420648,es,20.720113,2017-03-24,,95.0,The Bar,6.3,122.0,2017,,,,Unknown,,,2010,3,Spring,
17820000.0,21778,fr,9.482248,2004-01-28,14054361.0,94.0,RRRrrrr!!!,6.2,228.0,2004,,,,Unknown,-3765639.0,False,2000,1,Winter,False
60000000.0,137116,en,16.972835,2017-03-23,197183546.0,89.0,Smurfs: The Lost Village,6.2,311.0,2017,,,,Unknown,137183546.0,True,2010,3,Spring,False
,376134,en,6.803535,2017-03-31,,102.0,The Discovery,6.3,312.0,2017,,,,Unknown,,,2010,3,Spring,
20000000.0,289222,en,13.655178,2017-03-31,13162475.0,126.0,The Zookeeper's Wife,7.1,160.0,2017,,,,Unknown,-6837525.0,False,2010,3,Spring,False
7000000.0,400928,en,16.025911,2017-04-12,37461045.0,101.0,Gifted,7.7,549.0,2017,,,,Unknown,30461045.0,True,2010,4,Spring,False
10500000.0,390051,en,10.150041,2017-04-06,3451.0,92.0,Aftermath,5.8,162.0,2017,,,,Unknown,-10496549.0,False,2010,4,Spring,False
10000000.0,417678,en,12.108048,2017-05-19,,96.0,"Everything, Everything",7.3,670.0,2017,,,,Unknown,,,2010,5,Spring,
69000000.0,339846,en,35.637691,2017-05-12,177856751.0,116.0,Baywatch,6.1,1829.0,2017,,,,Unknown,108856751.0,True,2010,5,Spring,False
12000000.0,418437,en,10.159713,2017-04-20,17768012.0,100.0,Unforgettable,5.7,117.0,2017,,,,Unknown,5768012.0,True,2010,4,Spring,False
42000000.0,373569,en,11.214779,2017-05-03,60845711.0,90.0,Snatched,5.2,207.0,2017,,,,Unknown,18845711.0,True,2010,5,Spring,False
125000000.0,282035,en,33.704935,2017-06-06,407778013.0,110.0,The Mummy,5.4,2122.0,2017,,,,Unknown,282778013.0,True,2010,6,Summer,True
250000000.0,337339,en,48.573287,2017-04-12,1238764765.0,136.0,The Fate of the Furious,6.8,3803.0,2017,,,,Unknown,988764765.0,True,2010,4,Spring,True
,44249,cn,1.191096,2010-06-24,,100.0,The Legend Is Born: Ip Man,6.6,227.0,2010,,,,Unknown,,,2010,6,Summer,
,419700,en,10.213483,2017-04-14,,130.0,Sandy Wexler,5.3,105.0,2017,,,,Unknown,,,2010,4,Spring,
,25606,it,4.969226,1975-03-27,,108.0,White Collar Blues,7.9,137.0,1975,,,,Unknown,,,1970,3,Spring,
38000000.0,268531,en,88.561239,2017-06-01,110824373.0,89.0,Captain Underpants: The First Epic Movie,6.5,159.0,2017,,,,Unknown,72824373.0,True,2010,6,Summer,False
5000000.0,418078,en,20.504587,2017-06-09,,91.0,It Comes at Night,5.6,357.0,2017,,,,Unknown,,,2010,6,Summer,
,424488,en,11.852169,2017-06-09,,116.0,Megan Leavey,7.1,101.0,2017,,,,Unknown,,,2010,6,Summer,
175000000.0,260514,en,19.148182,2017-06-15,350170057.0,109.0,Cars 3,6.6,718.0,2017,,,,Unknown,175170057.0,True,2010,6,Summer,True
,400136,ja,13.875911,2017-05-27,,97.0,Resident Evil: Vendetta,6.6,160.0,2017,,,,Unknown,,,2010,5,Spring,
,348893,en,67.955052,2016-08-01,,87.0,Boyka: Undisputed IV,5.8,333.0,2016,,,,Unknown,,,2010,8,Summer,
,405775,en,15.5975,2017-05-12,1803009.0,89.0,The Wall,6.1,117.0,2017,,,,Unknown,,,2010,5,Spring,False
,390054,en,7.823933,2017-04-21,,113.0,Sand Castle,6.3,137.0,2017,,,,Unknown,,,2010,4,Spring,
,291276,en,13.371144,2017-04-27,,98.0,Unlocked,6.2,131.0,2017,,,,Unknown,,,2010,4,Spring,
18000000.0,350312,te,9.042261,2017-04-27,230000000.0,161.0,Baahubali 2: The Conclusion,6.7,161.0,2017,,,,Unknown,212000000.0,True,2010,4,Spring,False
10500000.0,399019,en,36.26051,2017-06-23,25442939.0,93.0,The Beguiled,5.8,279.0,2017,,,,Unknown,14942939.0,True,2010,6,Summer,False
34000000.0,339403,en,228.032744,2017-06-28,224511319.0,113.0,Baby Driver,7.2,2083.0,2017,,,,Unknown,190511319.0,True,2010,6,Summer,False
50000000.0,387426,en,15.738471,2017-05-19,,121.0,Okja,7.7,795.0,2017,,,,Unknown,,,2010,5,Spring,
20000000.0,397422,en,24.317924,2017-06-15,45056771.0,101.0,Rough Night,5.6,336.0,2017,,,,Unknown,25056771.0,True,2010,6,Summer,False
,398920,fr,6.401902,2017-01-18,,95.0,He Even Has Your Eyes,6.3,131.0,2017,,,,Unknown,,,2010,1,Winter,
80000000.0,324852,en,36.631519,2017-06-15,1020063384.0,96.0,Despicable Me 3,6.2,2002.0,2017,,,,Unknown,940063384.0,True,2010,6,Summer,True
,384371,fr,4.210927,2016-04-20,,97.0,Roommates Wanted,6.3,133.0,2016,,,,Unknown,,,2010,4,Spring,
6000000.0,316154,en,78.8072,2017-06-23,,119.0,The Bad Batch,5.3,160.0,2017,,,,Unknown,,,2010,6,Summer,
152000000.0,281338,en,146.161786,2017-07-11,369907963.0,140.0,War for the Planet of the Apes,6.7,1675.0,2017,,,,Unknown,217907963.0,True,2010,7,Summer,True
21000000.0,293768,en,20.214579,2017-08-04,24527158.0,95.0,Kidnap,6.0,244.0,2017,,,,Unknown,3527158.0,True,2010,8,Summer,False
60000000.0,354287,en,10.282732,2017-05-26,,122.0,War Machine,5.8,243.0,2017,,,,Unknown,,,2010,5,Spring,
,15449,fr,4.743842,2001-03-28,,92.0,La Tour Montparnasse Infernale,6.6,155.0,2001,,,,Unknown,,,2000,3,Spring,
197471676.0,339964,en,15.262706,2017-07-20,90024292.0,137.0,Valerian and the City of a Thousand Planets,6.7,905.0,2017,,,,Unknown,-107447384.0,False,2010,7,Summer,False
2457000.0,33365,it,4.250923,2006-02-17,,100.0,The Night Before the Exams,6.3,215.0,2006,,,,Unknown,,,2000,2,Winter,
,382589,fr,6.677459,2017-02-15,,123.0,Rock'n Roll,5.4,194.0,2017,,,,Unknown,,,2010,2,Winter,
,37769,it,4.232902,1976-04-15,,110.0,The Second Tragic Fantozzi,7.5,105.0,1976,,,,Unknown,,,1970,4,Spring,
,8366,de,6.009793,2001-07-11,,87.0,Manitou's Shoe,6.7,145.0,2001,,,,Unknown,,,2000,7,Summer,
,406990,en,60.581223,2017-08-18,,123.0,What Happened to Monday,7.3,598.0,2017,,,,Unknown,,,2010,8,Summer,
30000000.0,341013,en,14.455104,2017-07-26,90007945.0,115.0,Atomic Blonde,6.1,748.0,2017,,,,Unknown,60007945.0,True,2010,7,Summer,False
,374430,en,24.910782,2014-12-16,,74.0,Black Mirror: White Christmas,8.3,211.0,2014,,,,Unknown,,,2010,12,Winter,
100000000.0,374720,en,30.938854,2017-07-19,519876949.0,107.0,Dunkirk,7.5,2712.0,2017,,,,Unknown,419876949.0,True,2010,7,Summer,True
,345915,en,18.699821,2017-06-08,,94.0,Once Upon a Time in Venice,5.2,119.0,2017,,,,Unknown,,,2010,6,Summer,
,13683,en,6.237055,2002-06-24,,75.0,Tarzan & Jane,5.4,108.0,2002,,,,Unknown,,,2000,6,Summer,
260000000.0,335988,en,39.186819,2017-06-21,604942143.0,149.0,Transformers: The Last Knight,6.2,1440.0,2017,,,,Unknown,344942143.0,True,2010,6,Summer,True
,54309,it,4.34552,2007-02-14,,95.0,Notte prima degli esami - Oggi,5.0,137.0,2007,,,,Unknown,,,2000,2,Winter,
,412105,en,12.910289,2017-06-19,,89.0,You Get Me,5.5,280.0,2017,,,,Unknown,,,2010,6,Summer,
,29458,it,4.67525,2000-08-31,1805884.0,114.0,One Hundred Steps,7.8,116.0,2000,,,,Unknown,,,2000,8,Summer,False
,38286,it,5.149498,1997-12-27,,98.0,Three Men and a Leg,7.9,367.0,1997,,,,Unknown,,,1990,12,Winter,
,38397,it,3.757084,2002-01-01,,105.0,"La leggenda di Al, John e Jack",7.0,198.0,2002,,,,Unknown,,,2000,1,Winter,
,398924,fr,12.389862,2017-01-18,,110.0,A Bag of Marbles,7.8,100.0,2017,,,,Unknown,,,2010,1,Winter,
60000000.0,353491,en,50.903593,2017-08-03,71000000.0,95.0,The Dark Tower,5.7,688.0,2017,,,,Unknown,11000000.0,True,2010,8,Summer,False
15000000.0,460846,en,47.114366,2017-03-04,,87.0,Security,6.0,113.0,2017,,,,Unknown,,,2010,3,Spring,
50000000.0,378236,en,33.694599,2017-07-28,66913939.0,86.0,The Emoji Movie,5.8,327.0,2017,,,,Unknown,16913939.0,True,2010,7,Summer,False
11000000.0,395834,en,40.796775,2017-08-03,184770205.0,111.0,Wind River,7.4,181.0,2017,,,,Unknown,173770205.0,True,2010,8,Summer,False
,339692,en,15.786854,2017-07-13,,121.0,Shot Caller,6.9,324.0,2017,,,,Unknown,,,2010,7,Summer,
,375798,fr,7.276407,2016-10-19,,95.0,Brice 3,4.3,160.0,2016,,,,Unknown,,,2010,10,Fall,
,440597,en,59.578823,2017-07-07,,90.0,Wish Upon,5.3,127.0,2017,,,,Unknown,,,2010,7,Summer,
,417870,en,37.964872,2017-07-21,,122.0,Girls Trip,7.1,393.0,2017,,,,Unknown,,,2010,7,Summer,
,417320,en,15.842073,2017-07-21,,111.0,Descendants 2,7.5,171.0,2017,,,,Unknown,,,2010,7,Summer,
5402000.0,277839,fr,5.613875,2016-02-24,,100.0,"Good Guys Go to Heaven, Bad Guys Go to Pattaya",5.3,153.0,2016,,,,Unknown,,,2010,2,Winter,
25868826.0,248705,fr,7.29492,2016-03-23,,110.0,The Visitors: Bastille Day,4.0,167.0,2016,,,,Unknown,,,2010,3,Spring,
,14008,en,4.392389,2002-03-07,,101.0,Cadet Kelly,5.2,145.0,2002,,,,Unknown,,,2000,3,Spring,
